{"type":"FeatureCollection","features":[{"id":"5cdb851b-4447-41b6-ae6f-a134e8b00236","type":"Feature","properties":{},"geometry":{"coordinates":[[[37.84153880103173,47.10128748563304],[37.8290804585676,47.11301748044261],[37.81813425126333,47.120317979097905],[37.80044997689217,47.17455557878674],[37.81218114175243,47.20475776662602],[37.83471477014618,47.24999276504826],[37.836047376881936,47.28604911107854],[37.82820238412816,47.30299250582863],[37.83980506248437,47.30621114458776],[37.838222879078955,47.31312121033935],[37.826158730560394,47.319199531864854],[37.83222376697654,47.3332213843602],[37.83321263161005,47.34282651899909],[37.85528519408166,47.341477984116466],[37.86293241390791,47.34500696383617],[37.86260279237587,47.354133116682476],[37.85653775596151,47.354222439433016],[37.851131962635776,47.34944345993779],[37.84195980432972,47.35047075372469],[37.83958652921049,47.35788454203487],[37.853364709759774,47.36373444690764],[37.85270546667121,47.36605636671274],[37.84410295087346,47.37122676258173],[37.842322994535294,47.37930724039316],[37.85532272839603,47.38518801238678],[37.85987150570577,47.389517441610536],[37.85617974441203,47.39639023797204],[37.86019393336511,47.40738870793592],[37.85915631231242,47.41255495114038],[37.86204682810248,47.417570236407556],[37.861602133366205,47.42469112076947],[37.86804450662072,47.431401461324526],[37.8782176503675,47.44132575140219],[37.8916534956997,47.46888632339832],[37.81950954869032,47.54727460937784],[37.81541197895285,47.587415874068],[37.849127216632496,47.62818095580408],[37.854631057609424,47.64181464492589],[37.83120719790111,47.656648986374535],[37.80115642756235,47.661192770949924],[37.77531075759154,47.6772914170177],[37.76319931681829,47.68621447513797],[37.66639223086503,47.72111810118585],[37.63547629746978,47.75383798986735],[37.62164218555142,47.77354268074731],[37.63672163819189,47.80509492886591],[37.634223267342435,47.83999194711481],[37.64573314684253,47.88764165182093],[37.57622810001541,47.907343151170096],[37.56766225710271,47.90764221043642],[37.53444206137439,47.91779967652275],[37.54336481441359,47.933146258076704],[37.521593297008735,47.94695410262133],[37.524448577979655,47.95735238158014],[37.53962587966282,47.976036592558785],[37.5440428083551,47.9791257722739],[37.54991007184324,47.98022900594907],[37.55893261924945,47.98714514762281],[37.54910989723339,47.997468888346845],[37.55669119275194,48.01014972149068],[37.57198563240422,48.00719471617427],[37.57541369646313,48.014162965027595],[37.58837705255897,48.016367910943046],[37.61723286056463,48.01846071447744],[37.62360293413573,48.02002791298719],[37.64906970889865,48.028352072249504],[37.688121412390274,48.054045261115675],[37.692294908867495,48.05262592689684],[37.695809432217914,48.056051839291115],[37.686876685372056,48.06262498958799],[37.69236812810669,48.06962203726937],[37.69353963589063,48.073291437254454],[37.69383251283588,48.077058415699355],[37.7266758759159,48.076324610358995],[37.726602656679574,48.08097186742805],[37.741978696335906,48.08664584366585],[37.75698863980716,48.086922662800504],[37.7737185487058,48.09214849563543],[37.79033915592612,48.100901863181235],[37.801661971465194,48.11636721565014],[37.80590868718025,48.11881128850672],[37.816517603771786,48.13249594790753],[37.82497165952407,48.15530427727427],[37.82790042898398,48.174687618498695],[37.85560226894276,48.19387308123058],[37.88382258244829,48.199705139352005],[37.896312136755114,48.215612537978785],[37.89235829798778,48.23556890888872],[37.89460448111453,48.255901583746436],[37.89526345424383,48.269719676711645],[37.89379906951504,48.286872060595016],[37.900901335449674,48.29072081004372],[37.899567712649684,48.32264000092019],[37.90630658756942,48.341145975653234],[37.92047804512899,48.34685752877556],[37.92966165147257,48.35910708183181],[37.93466212927788,48.36084747015187],[37.943353435938434,48.35697106944559],[37.945972733837436,48.35989817480302],[37.942400963976155,48.362508694445125],[37.95169326693693,48.37572271199684],[37.98152269857931,48.3907949124264],[38.005724507887834,48.392242661767796],[38.04220593636185,48.40882627295403],[38.11421544974749,48.408390281468],[38.121962113832694,48.41936606820471],[38.13730646769267,48.41798186531298],[38.14803261796476,48.414026792228015],[38.16486671491816,48.40265424321893],[38.19028856504568,48.41649874896467],[38.2191895810555,48.39523599323903],[38.23503248571552,48.38722306821276],[38.274674324305494,48.35970546218877],[38.29339129100023,48.3603983613732],[38.32129731100022,48.371434385611536],[38.35422369716281,48.389567030680325],[38.36960074878053,48.4032765808918],[38.39030817777652,48.415637775759166],[38.389116383300575,48.43115917962018],[38.39745894462348,48.43876985555826],[38.40536248693516,48.47141902756195],[38.417477187905035,48.52002134694854],[38.40132879754606,48.548670714061245],[38.4028042474047,48.59189975984029],[38.40642225270278,48.601191509080564],[38.43709701408238,48.61167175792684],[38.439848695189596,48.61894842894202],[38.43720708132872,48.6296432313176],[38.42653055863224,48.639415854757715],[38.43148358462514,48.65061533300428],[38.44612252811265,48.655850599519425],[38.46450375790988,48.655850599519425],[38.482317094535546,48.6585407333572],[38.49695603802411,48.663338994053674],[38.51555740230674,48.665883340903406],[38.51753861270382,48.671044335650976],[38.52968817633578,48.67555068748035],[38.542015707694475,48.67322487880136],[38.549653885257555,48.674904885784485],[38.558349197555344,48.68675467051935],[38.571935623020295,48.688716522561094],[38.5778582668338,48.6971146766204],[38.57906900651963,48.708446602617784],[38.58413209975663,48.71963074505277],[38.631824235478746,48.720647361990075],[38.67969364183688,48.72368517738815],[38.676061422776,48.72905805819255],[38.69257150941701,48.72978407913857],[38.75338003577332,48.71936361263562],[38.76603776886529,48.71406232041437],[38.80975333648479,48.713481322917204],[38.830776180140816,48.71805649658282],[38.838811088972676,48.72335736790279],[38.84739633402873,48.74277591551848],[38.85477083939554,48.75010624471139],[38.85950373089929,48.75010624471139],[38.86434668964705,48.752138225879776],[38.8718553107295,48.75257363972409],[38.878679479874876,48.75315418564742],[38.88165129547019,48.7505416761652],[38.89926205455404,48.7512673868695],[38.908794816262656,48.75010162344097],[38.91674086199487,48.743894825239806],[38.919674786572386,48.74365298641732],[38.92163073629115,48.74550705431747],[38.93006576945328,48.745748884218244],[38.93593361860954,48.748005907176434],[38.93947877747544,48.74599071295532],[38.93837855575825,48.743411146430674],[38.93446665632078,48.74244377484854],[38.9337331751764,48.73728414527753],[38.94380975543643,48.734623504328],[38.95701241603763,48.73486538659671],[38.95982409375915,48.73784850555859],[38.95835713146923,48.74284684860439],[38.96067982176072,48.74671619218503],[38.966303177201354,48.74647436693908],[38.97021507663888,48.74421727519322],[38.973760235504784,48.744378499394145],[38.9755939383663,48.74566827438116],[38.98231011823816,48.74462033472554],[38.983532586812515,48.740105883321235],[38.9870777456772,48.73744539171898],[38.990500657685914,48.735268521125334],[38.99270110111905,48.73083386351357],[38.99979141884964,48.724382754170136],[39.00064714685121,48.71954387904901],[38.99844670341807,48.71672098690817],[38.985733030245655,48.71325264541221],[38.985733030237355,48.71169934240683],[38.98927818910326,48.71089269218882],[38.99771322226536,48.712102662666325],[39.000280406271315,48.71113468861242],[39.00186961541726,48.69959823124648],[39.006026008569165,48.6970969721165],[39.01617249773565,48.69588664082258],[39.01727271945282,48.68967314875624],[39.015590807801004,48.68344701748191],[39.020602928954474,48.67957280483893],[39.021947644386046,48.671904213773814],[39.027448752970656,48.667463969616534],[39.02903796211663,48.66326556075404],[39.02708201239787,48.66140846065548],[39.020725175812885,48.661246970456574],[39.017669004376955,48.662861849162],[39.01057868664637,48.662861849162],[39.01118992093356,48.66027801839846],[39.021458656957265,48.65704804367911],[39.03441682384408,48.652768008386374],[39.0364188388871,48.64875673816809],[39.04595409376523,48.647222175342876],[39.072848402398876,48.65109887560578],[39.07688254869356,48.65206800410337],[39.09895964247528,48.651664202824435],[39.10274929505553,48.650856590568964],[39.124020248246126,48.66119305055784],[39.14052357399885,48.66078932236525],[39.14162379571482,48.6632923850313],[39.13954559913887,48.66595679901869],[39.14883636030385,48.67661304639441],[39.16122488943583,48.67652887715158],[39.17907293061893,48.68516525646365],[39.18420729863078,48.694445695405705],[39.19138896628712,48.70259690777877],[39.195733741301126,48.7076146265546],[39.19844922568521,48.70698743906701],[39.20157203272612,48.700177471758366],[39.20645990461725,48.6991917422597],[39.21827226168614,48.70618104366784],[39.2246536499882,48.707166636289884],[39.228183779687214,48.711108813748865],[39.23633023283816,48.71209430985718],[39.239351786530136,48.71065913630571],[39.24286279656715,48.71059294249852],[39.24948355835002,48.713968715642494],[39.25151312723713,48.719938345403534],[39.25171375638172,48.72278407179542],[39.25743168701305,48.733239079131295],[39.25321847496903,48.73925964750288],[39.25612759757033,48.74349346152536],[39.26696157139824,48.74230273737811],[39.269971008571844,48.74408881302057],[39.269081340925766,48.75194778242093],[39.27249203638945,48.75479169740228],[39.276504619288914,48.754064199590744],[39.28021625847052,48.75002970235212],[39.2846300996591,48.74969899149147],[39.28814110969512,48.751881642947296],[39.29034803029043,48.76061130065028],[39.29987791467457,48.76451270256047],[39.30623271800269,48.77207918875155],[39.31185033406078,48.77545083471162],[39.32499154305526,48.77690520031837],[39.32940538424387,48.77419475777941],[39.327098149077244,48.7691701357802],[39.335323944019706,48.766657636215],[39.34756232186166,48.76956683474617],[39.35398245449994,48.768575081454514],[39.355610543293466,48.76632703480652],[39.35119670210497,48.761500006410245],[39.34577971519141,48.76030970892771],[39.3447765694666,48.75746610631745],[39.34838789407593,48.75012489964041],[39.34969198351763,48.743973333014026],[39.36012469905444,48.7371594287504],[39.36022501363166,48.73399768911986],[39.355008655862775,48.72857202584146],[39.3556105432975,48.72638836198303],[39.3656181702616,48.722173435118634],[39.374546167211065,48.71972476676501],[39.375448998363595,48.71780545688512],[39.37264019033461,48.715356575888194],[39.366621315986436,48.7158198868415],[39.36120432907197,48.71482707243058],[39.35478419643374,48.71264281176039],[39.348464378368675,48.712576620562885],[39.356790487883416,48.698873167955185],[39.36571848483251,48.69337749880137],[39.37562939739843,48.6885412573624],[39.384758023493504,48.685958499752644],[39.39127847070512,48.68489886856756],[39.39228161642896,48.683839215087204],[39.390676583269425,48.68059388761037],[39.398802063640574,48.675361184601826],[39.40562345456806,48.67489750115817],[39.4149946000596,48.669152525901325],[39.41489428548627,48.66656877401002],[39.409176354856015,48.66040698488817],[39.41168421916717,48.65815409974135],[39.41509491463191,48.65729267587011],[39.421715676414806,48.65914803207119],[39.438645091300714,48.65596348633494],[39.44767818487202,48.65734048387813],[39.4537581517005,48.65458645118002],[39.45341072502529,48.65263558699101],[39.451499878308084,48.64930746797745],[39.45202101832095,48.64115838724868],[39.458622125162265,48.639780947746175],[39.46869749876268,48.638403470629214],[39.46782893207288,48.6353040095843],[39.46504951866595,48.63289318600522],[39.46713407872073,48.62818600795342],[39.479120299038385,48.62967857536668],[39.48328941914963,48.62898970358498],[39.510388699867065,48.63564840354866],[39.51577381334337,48.63415601272325],[39.51872694008793,48.62967857536668],[39.51282068659873,48.62278943435558],[39.529559132509235,48.610608399070685],[39.52452144570816,48.60429100293254],[39.526432292427046,48.598317465223175],[39.534944245985514,48.59624953757461],[39.53477053264788,48.59360706239221],[39.52851685248186,48.590734649998154],[39.529559132509235,48.586253360594355],[39.54023811170177,48.584299853666806],[39.54840263858506,48.58636827041582],[39.54927120527478,48.588666411962265],[39.54840263858506,48.59441130860097],[39.55882543886074,48.5991216364481],[39.56403683899936,48.59797281649341],[39.56872709912352,48.59142404386546],[39.56438426567459,48.58464459567034],[39.572896219233115,48.58131199113282],[39.5923521130818,48.59234322105701],[39.59982524350792,48.59291769831182],[39.60660006368681,48.58912602773199],[39.60642635034918,48.585793718700586],[39.60086752353533,48.58487442236779],[39.596872116763336,48.57970306891846],[39.59739325677617,48.57568053932641],[39.611464037150256,48.57384156204992],[39.612853743852924,48.575910406782896],[39.618238857329175,48.58050753642806],[39.62153941075073,48.58694281560176],[39.62501367750809,48.586138450514255],[39.63335191772896,48.581541832984556],[39.673802068280395,48.58924093102121],[39.68926255535712,48.58590862956737],[39.70159620234995,48.587862074311204],[39.72087803543582,48.58467010648684],[39.72574200889753,48.58604905029031],[39.73720708920061,48.58593413974398],[39.74658760945056,48.590875057314264],[39.75075672956015,48.589955853414466],[39.75040930288492,48.58317620824269],[39.753536142967135,48.58214194512922],[39.76948736250171,48.587447657958165],[39.77191934923343,48.592503323420175],[39.791548956419774,48.59319269315654],[39.80006090997824,48.58940104321243],[39.804723912541846,48.585379285388825],[39.80889303265144,48.58388540810628],[39.82296381302385,48.586758209842145],[39.82661179312052,48.583540660924314],[39.82070553963143,48.579288585663534],[39.847978533686444,48.570323579457266],[39.8549270672047,48.56043724277498],[39.8524950804709,48.552007798683746],[39.857185340595066,48.54418802431914],[39.854927067202624,48.53786232288766],[39.86778185421005,48.507718128790714],[39.862744167404145,48.50264392075144],[39.85075794708649,48.50321941716729],[39.8465888269769,48.50045697477847],[39.84624140029999,48.47305460499578],[39.85304228713258,48.46664316155034],[39.886568961353674,48.45097603745688],[39.89907632168408,48.44774985285281],[39.897860328319126,48.44394730072159],[39.88952208809823,48.443371131622825],[39.89473348823694,48.43057849446433],[39.91227853536844,48.42089543857301],[39.91088882865719,48.41173479181214],[39.90533000184334,48.40585383399858],[39.90863055526481,48.40216347400937],[39.917142508823304,48.39962619619604],[39.91818478885071,48.395474014054486],[39.90637228187069,48.392590354848124],[39.90550371518091,48.38936046250808],[39.91523166210612,48.38670718328993],[39.91995046312189,48.37683151172925],[39.928390803216445,48.375079508208586],[39.938765387915936,48.38839322291858],[39.9428097175458,48.386991943248745],[39.93472105828778,48.37227617717218],[39.93647946247435,48.36736997646622],[39.931731771171314,48.36503352427772],[39.934910194660716,48.36189882301571],[39.93936700803499,48.35969361826798],[39.939935962933646,48.35818142269537],[39.94221178252934,48.357614337782564],[39.94154800181343,48.35477881853271],[39.94761685406749,48.35503087107875],[39.94619446682026,48.35194314147111],[39.93917735640238,48.34980052524969],[39.918600154228244,48.347342707468215],[39.91886441901741,48.3417708795175],[39.8779482276544,48.33406990698114],[39.86858930729491,48.33438510050695],[39.86204632595849,48.334448138978246],[39.848486234203165,48.33350255372335],[39.84516733062728,48.33287215381105],[39.845262156443596,48.32946785960601],[39.84090016888564,48.32896350039502],[39.84241738194913,48.32045168637751],[39.84108982051825,48.309983360406505],[39.853037873393674,48.30853276028577],[39.857779164216794,48.309163461057096],[39.87058064944077,48.30884811164577],[39.88129596670166,48.30809126510823],[39.88783894803811,48.30752362283877],[39.88690603876793,48.30452917256616],[39.88791532343612,48.30381586115399],[39.88892460810305,48.30389978066091],[39.901142849885275,48.29948282048812],[39.90454918563819,48.29759443481436],[39.90915404693408,48.293859421900606],[39.90984793014297,48.29348170875306],[39.908586324308374,48.293062024201134],[39.9099110104346,48.29192885868065],[39.91167725860322,48.2902920196444],[39.91186649947804,48.28932667972006],[39.91274962356178,48.288109485979135],[39.91281270385463,48.28718607827196],[39.91192957976966,48.28622067963559],[39.91230806152055,48.28584290998418],[39.91211882064573,48.28487748595856],[39.91276165578242,48.28361715386592],[39.91433866307503,48.28374308288079],[39.91484330540908,48.28265168776875],[39.915221787159965,48.28118246521609],[39.91446482365944,48.27908350254859],[39.91276165578242,48.27635472214797],[39.911247728781376,48.27551506808635],[39.91069769566084,48.27164749991849],[39.916771152660004,48.27150312502127],[39.92566442898172,48.27236936828723],[39.93520843283795,48.27929878576947],[39.929568794196086,48.28261879859588],[39.93564225119533,48.28420655454144],[39.93976352558789,48.293010487247045],[39.94713843765925,48.2931548013685],[39.9508258936944,48.3005142807213],[39.95386262219506,48.30340006147111],[39.96405735358687,48.303544346226175],[39.96557571783714,48.30657423186554],[39.97143226565822,48.306141402072086],[39.9725168115512,48.31234494502789],[39.980759360336265,48.31523005690187],[39.98770045405024,48.317682273729446],[39.9918217284428,48.31638405597337],[39.996593730370904,48.31032526964924],[39.996159912014576,48.30267863157869],[39.993123183513916,48.302390056766455],[40.002233369013794,48.286660262106125],[40.00704505808983,48.27432705124238],[40.01593833441049,48.269995854004094],[40.015070697696785,48.26349836979114],[40.01940888126751,48.25021205352965],[40.01311851508905,48.24616770671875],[40.0061774213751,48.2405339763846],[40.002273056160675,48.23778911374376],[40.00704505808983,48.23042059632678],[40.0061774213751,48.224351608733855],[39.971038134447696,48.22680819040826],[39.94327375959176,48.230131613236665],[39.94120324337899,48.21983762317177],[39.94120324337899,48.21333376435172],[39.93903415159309,48.20943105247977],[39.93794960570119,48.19873320630225],[39.94293851680746,48.19497397315894],[39.93838342405755,48.1821037407978],[39.9199461438796,48.18123596838953],[39.90931759413044,48.17892183681664],[39.90687395798477,48.1673742635987],[39.90839232223507,48.157391126756465],[39.90470486619995,48.1434983129422],[39.89863140919968,48.13524767516378],[39.89125649712827,48.13104947332502],[39.879977219843596,48.122652039916915],[39.87607285462923,48.11830800112483],[39.86934867009444,48.11700471785619],[39.87412067202257,48.1086049881803],[39.86863754540332,48.07940384702346],[39.834148986011485,48.06679451984647],[39.847163536725816,48.059546381894734],[39.8846888246172,48.048672261306535],[39.88403809708163,48.04098649793684],[39.77721609400564,48.039818179223545],[39.78567555196997,48.0216864255749],[39.79608719254094,48.008772728729696],[39.81127083504006,48.00224210036498],[39.81669356450371,47.99614610120162],[39.81517520025443,47.98525859680004],[39.822550112324734,47.982064493128235],[39.82103174807554,47.97683735169744],[39.81604283696814,47.97407836923611],[39.81756120121847,47.96376718263798],[39.81886265628964,47.95984548687517],[39.82385156739693,47.95882870233794],[39.82081483889627,47.951129541483965],[39.80601368186967,47.95057208440386],[39.80625459337381,47.93491821633867],[39.801677274786556,47.934595406294875],[39.79974998274977,47.929753013797125],[39.80119545177706,47.92700879010101],[39.79372719513526,47.919098154145814],[39.79469084115564,47.87041783451241],[39.79179990310104,47.8691249723546],[39.76385416856695,47.87106425349674],[39.76385416856695,47.8464946636216],[39.758819517006,47.84659838584324],[39.75656981520467,47.84699570408216],[39.73826932675948,47.82789834796853],[39.651026077540905,47.83280104886637],[39.646790344570235,47.83613462092316],[39.63408314565538,47.83868367858332],[39.626341978500875,47.839271904873954],[39.62283654431849,47.837605246395555],[39.62166806625672,47.83633070672792],[39.56594974819558,47.836526791796814],[39.54272624673206,47.82525069691167],[39.53514584268689,47.8327029993919],[39.52097804619703,47.825839075486044],[39.47839203396887,47.860723894990144],[39.4715272253614,47.85915592542733],[39.46539271554076,47.859449923332534],[39.46174122159951,47.8580779188444],[39.459112145962706,47.85543180765595],[39.455168532506804,47.855137786965656],[39.44888796292736,47.852197488365874],[39.4455285885023,47.85258953781178],[39.44728130559349,47.854549740583565],[39.445966767775815,47.85533380094458],[39.44012437746986,47.85474575678492],[39.43296744934625,47.84435587700537],[39.439248018924246,47.840042485389745],[39.43177896271081,47.837561650038396],[39.4246220345872,47.83609102333031],[39.42228507846511,47.83305159604515],[39.412937253976764,47.82981588104198],[39.41103847712819,47.83128668559914],[39.38752285614993,47.87108063001426],[39.355722315122534,47.87262768501893],[39.34827326748419,47.871256029297996],[39.35163264190925,47.86694487495646],[39.242482486881016,47.867166086183374],[39.23634797706035,47.86452043885092],[39.2372243356059,47.86197265082737],[39.23693221609122,47.86079670642732],[39.23444920021174,47.86020872422449],[39.23386496118087,47.85707270651429],[39.23693221609122,47.853740479852775],[39.18070279111052,47.85374047985425],[39.171501026379474,47.8461931748777],[39.162883500679385,47.851388190926514],[39.14959206273508,47.851486205095824],[39.14973812249244,47.84256615711752],[39.10962616942797,47.84283023108702],[39.10918799015445,47.851652219983606],[39.08255838972562,47.85145619208825],[39.08285050924178,47.86958563672184],[38.96418286182194,47.86988218390891],[38.956733814182144,47.87125387599292],[38.94650963114819,47.87144982904127],[38.94402661526871,47.87252755756231],[38.93307213344653,47.87429106497805],[38.93219577490095,47.87223363382489],[38.92883924701076,47.87340931877256],[38.91467145051939,47.874291064978195],[38.91262661391343,47.87556467189839],[38.909705418760495,47.874389035852545],[38.908829060214885,47.87262553177146],[38.90138001257509,47.87252755756248],[38.8991891162118,47.87301742675365],[38.898458817423574,47.87448700654207],[38.8933467259059,47.87389917962773],[38.8920321880868,47.87321337313358],[38.89027947099552,47.87360526367016],[38.88472920020581,47.87487888744647],[38.88239224408369,47.87556467189839],[38.8788868099013,47.876054512378374],[38.87815651111305,47.874584977045885],[38.879178929415986,47.873311346045426],[38.87538137571744,47.86704070623989],[38.86390453063109,47.865570915289624],[38.84243374626021,47.86517896399505],[38.842287686502885,47.86704070624663],[38.8390743718337,47.86566890264993],[38.834400459589546,47.85998532953951],[38.836883475470415,47.856555285663944],[38.837467714499894,47.85430113327314],[38.83790589377344,47.85096872849658],[38.834400459589546,47.84998856868992],[38.83089502540713,47.84959649958009],[38.826805352193844,47.84714600049227],[38.8256368741321,47.84116629680267],[38.8263671729203,47.83891147547297],[38.825198694860006,47.8354800375873],[38.82841200952768,47.83146006457491],[38.82811989001152,47.82881259520477],[38.832501682741,47.82704754059321],[38.83193062303758,47.82505797691894],[38.82876549550272,47.823877377008984],[38.82894133592106,47.815848585510366],[38.78849803963476,47.81596666496884],[38.78867388005307,47.80309442341425],[38.78972892256468,47.79730677991847],[38.788146358798116,47.79317235409499],[38.783750348331694,47.79045526657714],[38.785860433354884,47.78466621510276],[38.79377325219454,47.78419361100546],[38.78972892256468,47.781357896189206],[38.78990476298472,47.778049366728396],[38.79693837972937,47.77580417325416],[38.79658669889267,47.77249529036786],[38.79236652884458,47.77249529036786],[38.79399519992242,47.7693821221406],[38.78942334903766,47.768318444253765],[38.78907166820102,47.73651625172576],[38.78256557271129,47.73639799170272],[38.777817881408225,47.73415100022672],[38.77834540266315,47.73095774027672],[38.777642040989946,47.729183622361546],[38.77430107303505,47.7282374014288],[38.77324603052344,47.72658147343154],[38.77201514758454,47.68548116405145],[38.75583782907037,47.685362788162394],[38.753376063210624,47.686309787754766],[38.75091429734897,47.68453414941513],[38.7468699677209,47.68595466492249],[38.74528740395263,47.683942256536454],[38.74423236144102,47.68192977051311],[38.74229811683611,47.68050914539961],[38.73807794678794,47.68098269140222],[38.735088659671476,47.68050914539961],[38.73596786176475,47.68335035694233],[38.73930882971959,47.68335035694233],[38.73807794678794,47.68725677015408],[38.735264500089755,47.687730254906114],[38.73280273422995,47.68926905066647],[38.73086848962507,47.689979248782294],[38.729637606693416,47.69175470176003],[38.73544034050806,47.6949503648039],[38.73544034050806,47.698145832013836],[38.7338577767415,47.69992100695637],[38.72856135587071,47.69873756371257],[38.666021544229324,47.69861921791113],[38.66426314004269,47.69672564854466],[38.66461482087931,47.69435859012924],[38.66637322506591,47.66997163503203],[38.62944673715279,47.66937957693395],[38.62910652500949,47.65367591763177],[38.625589716636284,47.65320212382045],[38.616797695703326,47.64443616291646],[38.45709236648162,47.64419922463591],[38.45691652606331,47.61706268478778],[38.35054120050148,47.616690069603436],[38.35071704092155,47.57613648453378],[38.31027374463355,47.576255108085235],[38.31114594631785,47.554286806418986],[38.30516737208313,47.54491078678794],[38.28441820268421,47.54431731138422],[38.285121564359144,47.50845893749923],[38.29373774487206,47.508340160440866],[38.291627659848814,47.505726997160224],[38.29373774487206,47.503588857709616],[38.293210223615375,47.501094251612216],[38.290220936501015,47.49836192796883],[38.292155181105954,47.49135227360733],[38.285473245190616,47.48357920630485],[38.288462532307136,47.476092180272076],[38.30217808496147,47.47514137046332],[38.303217874283035,47.407065660916885],[38.302690353028055,47.39290202038285],[38.29970106591159,47.391354501219865],[38.28686471535053,47.39123545940228],[38.286337194093875,47.37361430556447],[38.25739738189455,47.37361430556274],[38.24526439300848,47.36420600831164],[38.24719863761163,47.3605136863475],[38.24842952054149,47.356821105959085],[38.24544023342503,47.35003084822657],[38.23812398937099,47.346289238665065],[38.23167914760191,47.34417195799821],[38.23011676171848,47.33901073058803],[38.22191423582984,47.333054841207115],[38.22601549877416,47.33146649058344],[38.226991989951415,47.3296133544774],[38.221328341123694,47.32762777935267],[38.22074244641749,47.305384238215964],[38.33628843836277,47.30625532254436],[38.334140157773135,47.302149903922725],[38.327500017768045,47.30003085343645],[38.32652352659068,47.298044166468486],[38.33355426306693,47.296852118455206],[38.33277307012469,47.29208365766368],[38.32945300012264,47.2887719735746],[38.32691412306181,47.284665197315604],[38.32281286011755,47.28188300643504],[38.32613293012059,47.28002813122609],[38.32710942129782,47.27684819385564],[38.331601280712306,47.2755231635459],[38.332968368360696,47.26889751429991],[38.32925770188757,47.266644604595456],[38.331405982477236,47.2646566634578],[38.32496114070722,47.256704152338614],[38.288440370680746,47.256704152338614],[38.28785447597451,47.23814364761344],[38.260330268886435,47.23826415425515],[38.25310423417517,47.23322519219329],[38.244511111815484,47.23295997039014],[38.23552739298566,47.23136861169854],[38.23279321768976,47.22805312761486],[38.236308585926906,47.224206906247076],[38.2409957435774,47.21956454327591],[38.24216753299072,47.21598301408454],[38.24080044534233,47.20961525374375],[38.23435560357328,47.20470624997],[38.23513679651455,47.20032756600756],[38.237089778860394,47.139774200314406],[38.233183814151175,47.13007568649488],[38.229082551207824,47.12688674764547],[38.22849665650085,47.12223586910568],[38.231035533561624,47.119312251615895],[38.200236699175235,47.097488651188456],[38.17783192924739,47.078789229325366],[38.15012710621863,47.050563641811465],[38.09357709216542,47.02061770690548],[38.08129060543101,47.02521616833636],[38.13212293290124,47.06231782102003],[38.09213162313691,47.10300144732733],[38.06081312753997,47.11038022686682],[38.04105838416251,47.09250542124329],[38.02213700720887,47.086928565844204],[37.979013847885795,47.095621644928144],[37.989132131078065,47.08594435427531],[37.966486449646084,47.087912759228544],[37.89609874376151,47.10824868450794],[37.86068475258563,47.10447728506358],[37.84153880103173,47.10128748563304]]],"type":"Polygon"}},{"id":"80c27733-0eea-4845-93f5-e8938d4a79b3","type":"Feature","properties":{},"geometry":{"coordinates":[[[33.37845885831234,44.58334177299136],[33.37928681713697,44.58244748748794],[33.380824020543685,44.58198680393767],[33.38198249131733,44.58125605671171],[33.382517684011646,44.57944290344298],[33.38587019595357,44.57682358197488],[33.38759141690042,44.5755266124589],[33.38892108187579,44.57380396432407],[33.39047571579664,44.57250266962734],[33.39137801289738,44.57123970214289],[33.39137801289738,44.57028420783274],[33.392424188588336,44.568907042148055],[33.395491450499605,44.56676357261901],[33.39958159772249,44.565139751305196],[33.40010732713009,44.56437888043928],[33.40007907242099,44.56345847110774],[33.40111686533584,44.56259484975365],[33.40207345387239,44.56154922405108],[33.40179798985994,44.56091556763573],[33.4008285912858,44.56062080994488],[33.400713280080936,44.559448692117854],[33.40180696922252,44.55910067637569],[33.40332434860633,44.55867827339105],[33.4048787384005,44.5578598579003],[33.406951260384176,44.55706783214444],[33.4082835944935,44.556249394002265],[33.40955071114365,44.55527253405438],[33.41025388860868,44.55429565710111],[33.41177126799249,44.55347717996878],[33.41300255120089,44.55351414239115],[33.414573983082306,44.55303603791836],[33.41559079032942,44.55259090251977],[33.41524415125454,44.55115655380851],[33.41544348257898,44.55020116249497],[33.41796902165294,44.54902682455892],[33.42058601246612,44.54851528137439],[33.42503131673939,44.5475433378746],[33.425083320655574,44.54643163951647],[33.42628422369941,44.54643163951647],[33.42852247179911,44.5458226082813],[33.4285504339455,44.54479587795416],[33.42789950249849,44.543980066254164],[33.4296440695544,44.543296818773456],[33.432752292081574,44.54282450466508],[33.43450087951362,44.54255748062522],[33.435248363268556,44.54234597551465],[33.43559632966111,44.54178502358536],[33.435446022473656,44.54155901655804],[33.4347763775057,44.54134963145856],[33.43483292332317,44.54109484518938],[33.43515814936609,44.54094818348989],[33.43574698583856,44.54089864554825],[33.436266486370556,44.5407090842009],[33.43647602746074,44.540586102060246],[33.43640656217511,44.54023499449306],[33.436780948751334,44.53999202156581],[33.437159907856824,44.53996372038603],[33.43792338556756,44.53983636516068],[33.438438981411224,44.539765612244764],[33.438815762465424,44.53956042788252],[33.439033899342775,44.53926326319811],[33.43901754825504,44.5388608358856],[33.438834982802774,44.538470005766214],[33.43959625434127,44.53812758564314],[33.441056986236674,44.538080737447075],[33.44140481831937,44.537899706337186],[33.44163453088541,44.53748989906029],[33.442349191814515,44.53714383740564],[33.4429617586583,44.53697080570245],[33.44359595611817,44.536567931431705],[33.44402985802216,44.53609436519636],[33.44545096603292,44.53490958961959],[33.449184658838476,44.53338491834356],[33.45129296216956,44.53183791913048],[33.4519165443086,44.53124453856594],[33.453727900139455,44.53079949929642],[33.455248023238084,44.53020610815054],[33.45698895676719,44.529657696520104],[33.458098714842066,44.52942147584591],[33.458071207707206,44.528758928136426],[33.45841257437212,44.52830645998941],[33.45924160259821,44.527993210935506],[33.459851184015434,44.52715787188967],[33.46275857595165,44.52528348957645],[33.46353609015722,44.523706142994286],[33.46435042673818,44.523124890862476],[33.466260979243,44.52310253524928],[33.466574185841296,44.52240949625261],[33.46763908597873,44.522387139853635],[33.46845341969322,44.52178351844293],[33.4684144199081,44.521012601813396],[33.46747912333663,44.520162898340374],[33.468775784094305,44.51961665342816],[33.469179663088,44.51897936162976],[33.468775784094305,44.51741645008519],[33.46972586052348,44.51682216720744],[33.470803877242645,44.517650905901775],[33.47210302475324,44.51759171067184],[33.47309811710903,44.51703921880676],[33.474093209464854,44.51579609329511],[33.47424600843286,44.514406112078774],[33.47557414435198,44.51353311037664],[33.47885766726807,44.51201568160073],[33.47940261788597,44.51192486681822],[33.47882906520658,44.51036886747775],[33.47720878056282,44.50966251198042],[33.47762460550081,44.50939634689729],[33.47867133877821,44.509529429473446],[33.480376785748234,44.509393994149605],[33.481210385208726,44.50879924293366],[33.481946891981664,44.50814195001789],[33.48228884198434,44.50618880662043],[33.48232880708704,44.5039873776532],[33.48286279926563,44.502865169025114],[33.483785623438024,44.50272052749773],[33.485578709220846,44.50019521129332],[33.48594638408417,44.498638273941],[33.486828047430066,44.49788240592122],[33.48856106880598,44.49735246580076],[33.49045173437014,44.49728817488884],[33.49099192453164,44.498429332274384],[33.49246031318492,44.50046115075796],[33.4941015701514,44.50101707313269],[33.494720008897275,44.50145571554907],[33.49500346727251,44.50206291871723],[33.49628305604733,44.50282322440884],[33.497583704466706,44.5033907595319],[33.49890896471919,44.503420965284164],[33.500212499440806,44.50384712667034],[33.50457378044774,44.50406947035842],[33.50568629142029,44.50361384652044],[33.50741127913864,44.5033224826511],[33.50897294103507,44.50260731049315],[33.5103455113416,44.502580822264946],[33.511643889759654,44.5019186178003],[33.51322378394127,44.50117693985976],[33.51377872368954,44.50048658239524],[33.51502283758188,44.501031711178],[33.51891379700302,44.50073642846888],[33.519406388391104,44.50125988352082],[33.52089134277165,44.50170280335388],[33.52171840775699,44.50162227272577],[33.52230111067837,44.500749850248866],[33.52310082980691,44.500344551023204],[33.52414752834423,44.500004291777685],[33.52428989692834,44.499249966823555],[33.524877266565056,44.49856456277061],[33.55498066547767,44.487562571688045],[33.55930749460009,44.48854001185728],[33.565584469502255,44.489418123459416],[33.56781822928923,44.49040787863038],[33.57024366590184,44.491081878945494],[33.57543137112944,44.49149781040265],[33.575956258656305,44.49182652114277],[33.57915712936207,44.491714001784544],[33.581560401543186,44.49080459605014],[33.58426290920161,44.49005947299443],[33.5889209877887,44.49067579137477],[33.589508528772484,44.49116096135057],[33.59119771183143,44.4914887763496],[33.59244623705209,44.4921050641351],[33.594009258746496,44.492601237628776],[33.596503947622836,44.493504669410214],[33.598850880075815,44.493460489947864],[33.60041998355203,44.49332892148047],[33.601422813566955,44.49262601470821],[33.60312402428576,44.49234336395253],[33.605612523594885,44.49098345628889],[33.60799994044643,44.49010949596169],[33.61161362050714,44.48946428515177],[33.615205031288355,44.488428022253174],[33.61626784783866,44.48800216240957],[33.617230006762014,44.48720718137827],[33.617871446620114,44.485967527953164],[33.61874006342305,44.48493667490408],[33.62118257184579,44.48409085922694],[33.621393769111165,44.483659859280294],[33.62272129813343,44.4834551331474],[33.62402133252775,44.48289482651532],[33.625484914050105,44.481702801317766],[33.62671379161344,44.48121668554097],[33.629027692276765,44.48019582922714],[33.63023589147289,44.47925723765479],[33.630971118057516,44.47838715054431],[33.64288683528301,44.451639717892306],[33.64247413144699,44.45019064270778],[33.64123518990468,44.44942045212113],[33.64237315886095,44.44891385814998],[33.64255784431427,44.446368486557816],[33.64238388233977,44.44371238151342],[33.642875242580516,44.44284361823682],[33.643066634499405,44.441077126981156],[33.6422943150867,44.440440217921804],[33.64289985711912,44.439920812846424],[33.6436113680038,44.4387737768657],[33.644035247565654,44.43792971695237],[33.644223228522065,44.437165552404025],[33.64467144909466,44.43675186471103],[33.64490010735756,44.43638554628009],[33.645145434157826,44.435069188920664],[33.64541328478603,44.434514915490894],[33.64551177488195,44.43315440349576],[33.64567593806967,44.43254022623907],[33.64670870773705,44.431355375042926],[33.64678614379949,44.4308307644327],[33.646632533314516,44.430072018857885],[33.646878345409476,44.42934478389509],[33.64775811699295,44.428795678769376],[33.648512206922476,44.42824656802739],[33.64902889859533,44.42747780505343],[33.649223172084874,44.42671140134462],[33.65026980987011,44.4265435018288],[33.65081385035319,44.42598435773678],[33.65174892134533,44.42583849313263],[33.65327903666571,44.42525503107683],[33.654112098412526,44.42482958613678],[33.655352529325626,44.42431101626582],[33.655911986097266,44.42384277312934],[33.65696709374751,44.42347858109832],[33.65793124277897,44.42289326788381],[33.65959035393283,44.42252906964055],[33.662443365928084,44.42151147015608],[33.66250211842447,44.42090434511289],[33.66301131934773,44.42057759334068],[33.663664140643675,44.42068962275002],[33.66502200937228,44.41973736592854],[33.66666702469777,44.418687079951155],[33.668216099103546,44.41830426563854],[33.66987089121798,44.4181575614833],[33.67195600637538,44.41766390685305],[33.67372986563052,44.41798699722483],[33.674794346594496,44.41770512494216],[33.6754917670508,44.417340814423625],[33.6765393609345,44.417602468875],[33.67960935502842,44.41763676982751],[33.680221141512874,44.41805981308272],[33.68105259873491,44.417876875935036],[33.683427898800915,44.4168328046282],[33.68549127506779,44.41699125155765],[33.686619311347215,44.41732270631894],[33.68668485574861,44.4177257817513],[33.68605562566074,44.41807261148651],[33.68639645942446,44.418381944507274],[33.687156778313806,44.4186256604232],[33.68779911776298,44.418578791941115],[33.688624982252776,44.41878501242303],[33.68952149517719,44.41858878773891],[33.69018942407064,44.41894699247419],[33.69106286864235,44.41898373136752],[33.69168131777309,44.41935111840303],[33.692118040647074,44.41945214934236],[33.692708900866904,44.41932356446085],[33.693841651836124,44.41881840669748],[33.694805010252026,44.41864389651863],[33.69569268480063,44.41895647315857],[33.69684783238753,44.42023386711625],[33.69971151273063,44.420483579618576],[33.70056521003494,44.42074257599603],[33.70081239615561,44.42120750171648],[33.70126553630911,44.42136675926059],[33.702141022287776,44.42136571028314],[33.70293977869332,44.42126136911108],[33.703930902050985,44.42126205483419],[33.70423401479391,44.42146424359538],[33.70425962687102,44.42165348001035],[33.70460965834144,44.42177556761803],[33.705164586434876,44.421781672040936],[33.70613930232673,44.42143372158915],[33.706577954260354,44.421174900070156],[33.707360833965254,44.42094594074146],[33.708298667427385,44.4205320019895],[33.70880342232644,44.42023012189867],[33.70920176631665,44.419877972624874],[33.70959542515902,44.41940607333248],[33.70941017375225,44.41828840236951],[33.70841444968974,44.418776868730134],[33.708148150592194,44.41856989213653],[33.70924694685502,44.418033223605164],[33.70862136890062,44.41636908888222],[33.70861340479999,44.415398836624775],[33.70933398243508,44.414282021221254],[33.71069576016251,44.4132749887149],[33.71107777041681,44.412907895801396],[33.711006143425465,44.412378594667786],[33.7114000918769,44.41240420611703],[33.71186566731845,44.412694468488695],[33.71374312611752,44.41231029748289],[33.7156224630113,44.41237427986417],[33.716062810114295,44.4112585442052],[33.71666757258615,44.410723615176806],[33.716428850941895,44.409938284846135],[33.71745266131816,44.408356577616246],[33.718849657845965,44.407708787450474],[33.71960611306292,44.40631116079129],[33.720992943781255,44.405499620509204],[33.721815078824335,44.403268508599695],[33.72169188649667,44.401571449687594],[33.7229477193919,44.40057052964215],[33.723130305840016,44.398937980071224],[33.72440843187442,44.39626049950539],[33.724811486930975,44.39520095580286],[33.72620608683869,44.3941508204268],[33.72664074038414,44.39325103940001],[33.72763343493307,44.39226405380933],[33.7286006471617,44.39217714706001],[33.72929914359665,44.392227944257854],[33.729856105788514,44.39203213575735],[33.73053832988293,44.39111025340935],[33.731084109157905,44.39039442892968],[33.73217844464418,44.38993889995234],[33.733315484802176,44.39014497321969],[33.734058350114196,44.3899822839239],[33.73419740763964,44.38959435208352],[33.736365367608755,44.38860289074208],[33.73628304004646,44.38822004479749],[33.73695538096436,44.38804334582423],[33.7381560354865,44.387216398829025],[33.90582738427736,44.390954313977886],[33.967169648272886,44.39152068981255],[33.96878730292488,44.39167482361489],[33.97228280528125,44.391881487652],[33.97373028304537,44.392542807006066],[33.975203593582876,44.39281146608056],[33.97656657782889,44.39378276095104],[33.980033190860894,44.39477470518821],[34.001108889821325,44.40022198332835],[34.00142124998851,44.40056853207591],[34.00135163647806,44.40093699508725],[34.0006694332487,44.40144487262654],[34.00087827123173,44.40176353855969],[34.001323791837905,44.40215191041179],[34.00236798175612,44.4024207817217],[34.00329711043037,44.4023723434199],[34.00415505840593,44.4020332017011],[34.0050623589936,44.40213499860212],[34.0063528719316,44.40235702941885],[34.00728422712473,44.40281376684692],[34.008086152654414,44.40296009797527],[34.00990263869454,44.40312169494538],[34.01837707313382,44.407282822355285],[34.01956399821822,44.40711163884666],[34.020558058768046,44.406813497591344],[34.02259714028304,44.40650093407555],[34.02472955888527,44.40613398698588],[34.027074624675265,44.40560621579169],[34.02860570428959,44.40515598660974],[34.03133566349743,44.4052145624633],[34.03341699630718,44.40559833935879],[34.12730820342588,44.428906122861235],[34.12874244462441,44.430416113039115],[34.128277690512675,44.43116637234661],[34.12782792758284,44.43207738799666],[34.128322666804195,44.43253824949255],[34.12959699418934,44.43320274098889],[34.1307275232347,44.433528057193],[34.13057125263012,44.43429621953845],[34.13101766436202,44.435607005343996],[34.13146494245356,44.43607008124491],[34.13200890649273,44.43840313770167],[34.132436310113576,44.439291896398316],[34.133757366146824,44.440375053040924],[34.134053467499996,44.441993442456294],[34.134892508152234,44.443033313059146],[34.135343060498855,44.44390638323884],[34.13502510735816,44.444408299576],[34.135159892327465,44.44557635926756],[34.13565054599243,44.44678078464199],[34.13612229029806,44.44756347615362],[34.13688044996283,44.44784042586571],[34.137638609627686,44.44822574505497],[34.13788601316793,44.44883527464043],[34.13809894261641,44.44939787009534],[34.13846672984471,44.44972527973948],[34.13912947996789,44.45039758864496],[34.139254656506324,44.450945308545556],[34.13951412744623,44.45152718383707],[34.13994359568318,44.45219217728021],[34.140352714899876,44.452499035602926],[34.14079827577709,44.45329917429612],[34.14109353519035,44.45362526785428],[34.141214595170425,44.453991238241656],[34.1414919595272,44.454355691308535],[34.14179616646828,44.45471374819854],[34.14237773776608,44.45505262144465],[34.143209832475065,44.45526361703145],[34.143729113998546,44.45533723734593],[34.14358785009753,44.45596086593028],[34.14384366198621,44.45753752133541],[34.14432330836172,44.45849720378308],[34.145006095499866,44.45933409070554],[34.146620904473764,44.460419411204725],[34.14774577859387,44.46249238013385],[34.14904890111154,44.46340295232835],[34.14882117163637,44.46473186211924],[34.149094531466204,44.46569214770031],[34.14936789129601,44.46671751968387],[34.149618470444125,44.467661497138295],[34.15003407746306,44.469361695348226],[34.15062635848483,44.47058229750064],[34.15151477793199,44.472242275463515],[34.151924817676075,44.47279559089674],[34.152941666856606,44.4734257451436],[34.15336270599789,44.473289906579396],[34.15519626174287,44.474638574056286],[34.15580675139543,44.476072700480955],[34.156565767425775,44.47686481940846],[34.15821540365914,44.47877187399965],[34.158403103763334,44.4801795238412],[34.158890813092285,44.481729881745366],[34.15981802643424,44.48422723276167],[34.16182342022461,44.48772699608989],[34.16317887843857,44.488862038116906],[34.16403328817333,44.490297830312045],[34.168556641948555,44.49141054501439],[34.16938531038883,44.491216153999915],[34.170807541012124,44.4930875259337],[34.17261929386541,44.49486843344383],[34.174094282556496,44.49495530575908],[34.174431081317664,44.49534622858607],[34.17450711117371,44.49613892574382],[34.1752537052094,44.49664661725919],[34.176740404431,44.497183150963934],[34.18041967861248,44.498142049659435],[34.1812694663075,44.498107803289315],[34.18182884868483,44.498508790807904],[34.182633603141,44.498856037612256],[34.1849185266266,44.499345517834854],[34.19119419310596,44.500263282175354],[34.192250027793335,44.5001800414571],[34.19376479907737,44.49987407106937],[34.196388576609024,44.49975877568838],[34.197644097551716,44.49880758191378],[34.201478853592704,44.49949936074623],[34.20324565738477,44.499752061484884],[34.20674070166612,44.50069090829976],[34.206867060598825,44.50132654241952],[34.2097296688041,44.5019920377907],[34.20962866344115,44.50237616205237],[34.21114318313792,44.50302976178955],[34.212244844520086,44.50345756850288],[34.21359293302859,44.50352886931637],[34.215090809148876,44.503802188473344],[34.216042394606006,44.50376713733269],[34.21785698717173,44.503210116737534],[34.21965583828407,44.502982497448016],[34.22215148728026,44.50331190184161],[34.22578655558908,44.5035138317283],[34.22742979830366,44.503887773905035],[34.22982067821181,44.504066615276],[34.231675480982744,44.50371661229667],[34.23291080262385,44.50378093973637],[34.23400842294518,44.50421448480611],[34.2366473834436,44.50471472481797],[34.238003515947014,44.50549842541193],[34.23915851186544,44.5058728856346],[34.24177066198109,44.50533141409028],[34.244947829089654,44.505637256508464],[34.24712559353466,44.50570655899628],[34.24867861573742,44.50588674596139],[34.249649256168254,44.506510466501595],[34.25111331270719,44.50658763897164],[34.2515161567419,44.507410830803195],[34.2525718874692,44.50841253100353],[34.25374609590196,44.50916705017053],[34.255483021131084,44.50969365606639],[34.257058029480504,44.510688240047216],[34.25872991374061,44.51156370615561],[34.26150618469916,44.51356107313515],[34.26422360382492,44.516308344946395],[34.265808742924605,44.519488590555625],[34.267855392210066,44.52057966750735],[34.26925916193312,44.521764680021874],[34.270269533879144,44.524261083744875],[34.27184985765126,44.525407544705786],[34.27291757077859,44.52661188220509],[34.27344622618614,44.528152174367904],[34.2733761306861,44.52944754590527],[34.27287462148678,44.53075993294962],[34.27361494531985,44.53236202711929],[34.274211978623896,44.5346457879283],[34.274763495907166,44.536384930446076],[34.27626802350636,44.53982734192334],[34.27988854214297,44.54215981032638],[34.2806096943458,44.542372737337644],[34.28136794321881,44.54214209337218],[34.28183256941756,44.54139614164379],[34.282348819959964,44.54157111869267],[34.28209742553457,44.541920563457666],[34.28248789981879,44.542073356325375],[34.28306731336542,44.54205088676275],[34.28355225785762,44.54183967302632],[34.28406535603054,44.541893443858186],[34.284485800816356,44.54291193940756],[34.28678000708595,44.54415316686135],[34.28812409433027,44.54398700436178],[34.28951945182959,44.544203931734444],[34.28926228995573,44.544533197280884],[34.29000216369596,44.544954419730004],[34.29091866074879,44.54533412043358],[34.29172513835039,44.54544386847084],[34.29363207829877,44.545490035573835],[34.29474861987714,44.54566582128686],[34.29523150572166,44.5451806505348],[34.29584250345604,44.5453072171656],[34.29634509861421,44.54559550690544],[34.2962169858219,44.545897857965684],[34.29565253494033,44.54603851050382],[34.29582743041311,44.546370871693085],[34.29621652964616,44.54653024588782],[34.29665606788703,44.546597080120506],[34.296368205086566,44.54716071936096],[34.296190536479656,44.547528037469874],[34.2967280323131,44.54834600673914],[34.2978519150322,44.549259914157716],[34.29892160292141,44.549798822888874],[34.30143839925515,44.55012461205388],[34.30291503957028,44.551346233468905],[34.305773880023224,44.55275206442457],[34.30789841802067,44.55334755002664],[34.31291557261474,44.55360003687514],[34.3171868865104,44.55306120415935],[34.319175589208385,44.55254716832101],[34.32070611630721,44.55224075435018],[34.3224137310244,44.55162094001918],[34.3244508845068,44.550723265456185],[34.32663783058456,44.549889698561515],[34.32957733871419,44.54907749434847],[34.3323387080724,44.548457646313835],[34.33554422951889,44.54779504300788],[34.33902510030481,44.54741030195589],[34.34273140235396,44.54775697172295],[34.345727215817305,44.54824858174953],[34.347464789599314,44.54884705827877],[34.348263645092345,44.55264588440093],[34.3478234933732,44.555810062109344],[34.34690611016222,44.55681216792513],[34.34710678618097,44.55945028070491],[34.34816014207371,44.560108413180956],[34.3490967612594,44.56448810849338],[34.34789997166578,44.56775410739061],[34.345964412401,44.568530374616984],[34.347334227764065,44.57358747639259],[34.34775959013055,44.57453602612236],[34.34910254554839,44.574612644171964],[34.34922466140796,44.57623298085667],[34.35039013948116,44.577797888647154],[34.350368242631845,44.57967821679151],[34.34960197829335,44.580513898956156],[34.34987242428801,44.581494203087516],[34.34908362415746,44.58178346996468],[34.350142870282696,44.583406551735095],[34.35167624509026,44.58443501575641],[34.35251129831914,44.58665257933683],[34.35569141092941,44.588156904363586],[34.35883727325225,44.5893248257006],[34.36249387756598,44.591708344136094],[34.36380694995455,44.59199146012193],[34.36537375639625,44.592028563392574],[34.366661624514535,44.59105553489363],[34.36857557866307,44.59072473500663],[34.370499571731045,44.59130579420028],[34.370944869853986,44.59207538662156],[34.37247216718862,44.59197890510396],[34.37121553121668,44.59279210046341],[34.37125419636672,44.59368798080993],[34.37208827329644,44.59470365782971],[34.372172462562474,44.596730359335595],[34.372979212225744,44.59996481485061],[34.37240068449458,44.60220348106907],[34.373599060663196,44.60612094039922],[34.37582341062168,44.6076775776489],[34.3757691930241,44.61119389120026],[34.37611863450809,44.61251078176397],[34.37745570019885,44.61438621487329],[34.3807360399297,44.616366167883086],[34.38198409646586,44.620915118234336],[34.383009866168834,44.62351705531739],[34.38392242280008,44.62544069442211],[34.38560826937123,44.62735846830523],[34.38642870920219,44.62745243622601],[34.38873951590517,44.63028425913964],[34.39219892239166,44.633072190434376],[34.39813384261001,44.63848789233106],[34.40003125687696,44.639540285746705],[34.40153029234364,44.646597962990455],[34.402428641967674,44.64981671288527],[34.40366945772925,44.65275887524493],[34.40425508781692,44.65359302895817],[34.405502736960045,44.65415516860884],[34.40573189686356,44.65562396011808],[34.40639631794397,44.65736470146902],[34.408127747551845,44.65997571654819],[34.41006014730527,44.66142278115245],[34.41204619980593,44.66356222170316],[34.41299450576432,44.666409977358086],[34.41486389066077,44.67022080407216],[34.41604506929701,44.6729300809597],[34.41713994517028,44.67425337979981],[34.42004177108885,44.67549393073722],[34.42067832482206,44.67701656083503],[34.42168829012894,44.677494190036896],[34.4242345120596,44.68003179655588],[34.4258495262352,44.680687273052655],[34.42731191233284,44.683042686872],[34.42992842677947,44.68508066805779],[34.43209925896744,44.687261960992004],[34.43469067582481,44.68802257280936],[34.438635445363786,44.69185533150238],[34.440452795780004,44.69266645675492],[34.442424160905176,44.69577931557731],[34.443871880536875,44.697554885895016],[34.4454262864586,44.69838292052768],[34.44687400609021,44.70015841075886],[34.450065110822095,44.70408330184429],[34.45347916518469,44.70721851699827],[34.458079150264496,44.710786774342864],[34.6062631717472,44.76181569839136],[34.634897875950855,44.77993572837212],[34.63596851926394,44.78071914801629],[34.63694772181435,44.78158895387071],[34.63772476418387,44.78205698371926],[34.63868919942499,44.78241218239796],[34.63982251616005,44.78307673278232],[34.64067924838977,44.78353052573058],[34.642406962331734,44.784283646149504],[34.64456678937526,44.78510775896066],[34.64602726450289,44.785452708011576],[34.64700595934565,44.78561633560133],[34.64784443979872,44.78589643472304],[34.64928285545568,44.78651717638138],[34.65038863146478,44.78680834265455],[34.65143162993607,44.787003036132404],[34.65209455252216,44.787153766077694],[34.653182442585205,44.78727018468567],[34.65394082976346,44.78733861740133],[34.65565601837088,44.78725281738437],[34.65763321589051,44.78731789140372],[34.659398135257675,44.78725783155841],[34.660887955763,44.78722189802977],[34.66211085036562,44.78697052055227],[34.66333140966074,44.78704593391754],[34.66401425734878,44.787039649567134],[34.66465991579645,44.78729102667006],[34.66560629121176,44.78747955885103],[34.80665522859104,44.81232522252952],[35.01266575431694,44.825609856726714],[35.055740682423504,44.793721592552714],[35.12316230902553,44.80833923541883],[35.15687312232538,44.86544539457756],[35.244895801499524,44.915864196873514],[35.2636240311117,44.94901035753912],[35.33666412659588,44.945033828334516],[35.40605080226072,44.9518029976914],[35.38170410376526,44.97962963450533],[35.443507261483944,45.01273898326073],[35.38170410376526,45.029948284336086],[35.48283654366713,45.10005574699784],[35.5970787442979,45.11723878613239],[35.68884706939423,45.09212336888305],[35.778742571531126,45.03788929399906],[35.833054437404286,44.991551203862144],[36.01436962822771,44.982279086398336],[36.141721589586155,45.032595409989966],[36.3158941249722,45.02465366572457],[36.50504924404942,45.08947899797755],[36.456355847058404,45.17799877405244],[36.59610159983092,45.25106959687318],[36.55921791605283,45.314867220555044],[36.67601624801668,45.381831485073036],[36.60071206030304,45.447638366528054],[36.28720074818864,45.49828972550523],[36.05206726410353,45.450872792123306],[35.98137353686204,45.40125788464448],[35.90453252899107,45.48536179129209],[35.743166412462244,45.45949702028486],[35.68630406663715,45.36239840821702],[35.52881406130058,45.28395403119538],[35.524476278792804,45.28385754132802],[35.51781780940726,45.28477910512774],[35.508514877703306,45.28736548410478],[35.495902425916626,45.291653955441916],[35.48208621356531,45.29664660089344],[35.478855851138974,45.298291208482595],[35.44526927661124,45.31326605577783],[35.413018073671736,45.33127818508024],[35.390805345637716,45.34513321907963],[35.36891506843975,45.35964888958847],[35.355387368511856,45.369991541585534],[35.33232008960192,45.38785918425316],[35.32011496314843,45.39835713435173],[35.28181946479569,45.43288256462546],[35.24558431188896,45.468542263029605],[35.22116065291962,45.494926972939],[35.19796480413174,45.52145957676086],[35.178029122059684,45.538616934039936],[35.166667155263525,45.548788756366804],[35.14859578354012,45.56349332152138],[35.122369477738346,45.586420924602834],[35.099011744025944,45.60682751135761],[35.084386918734,45.62289688723405],[35.05932879990044,45.650184362251736],[35.044313790000615,45.668719487985044],[35.02313259516123,45.69583835312625],[34.99528931239999,45.734517721768896],[34.975999415963784,45.76211387441322],[34.95958384321622,45.756780736182264],[34.94415010518688,45.764691103546284],[34.87113846090186,45.7918865818585],[34.79932218344399,45.81042943092743],[34.802884793650776,45.90064532215587],[34.753608888303916,45.90854585796612],[34.70628476634977,45.94303121496168],[34.666782853963895,45.9705538335601],[34.633684892372656,45.985069706491004],[34.60943430985472,45.992356889666326],[34.58524010190422,45.99626972071644],[34.56001950177102,45.99397587418298],[34.55301811633379,45.98776851479019],[34.517570530599045,45.94998234685025],[34.461342504197944,45.95282551490553],[34.409203788807815,45.99545553396953],[34.36831067869761,46.035923657479344],[34.31923894656563,46.0579202043489],[34.19349263297687,46.064304657985446],[34.125757705683725,46.0871113194228],[34.08997623433714,46.11688336499168],[34.02659191366706,46.10625233714384],[33.98731423063563,46.135789280315294],[33.89568932543949,46.17106151884681],[33.854287376849555,46.19951874275037],[33.79597962205693,46.20262662399827],[33.766451824146515,46.195079908355666],[33.738314801528475,46.18550042177148],[33.68923699337245,46.204786805218475],[33.67099427074601,46.211738381284306],[33.66629242300431,46.22087289073173],[33.65146232390606,46.22668435546643],[33.64667001305892,46.22950055164756],[33.62358218037201,46.22722058347122],[33.62280779872614,46.227205272330394],[33.622275941405434,46.2277308971008],[33.621588285126535,46.227784532668835],[33.621157733961894,46.227013615369344],[33.61520521543483,46.22625868554573],[33.617927563316954,46.216008337264384],[33.61371731390054,46.214594711345796],[33.61355540175248,46.2139504970246],[33.61395275483241,46.21357979636784],[33.618558472364526,46.21378591231229],[33.635518973192035,46.14653140350711],[33.6412811941114,46.14241022998857],[33.63907717007865,46.1410734337166],[33.61405485605522,46.13477587161378],[33.617912087122335,46.11695441929433],[33.63221993080296,46.099144766432744],[33.640374937107254,46.08435928230335],[33.63593431143539,46.0787356536386],[33.6310624163346,46.07453550214038],[33.624930556716805,46.070801763976874],[33.615414039524865,46.05643858084153],[33.61347663755936,46.04943532393523],[33.62119170451649,46.00787444855746],[33.630015972234304,45.98496423115964],[33.631711537415924,45.96400848183475],[33.630643732893475,45.95930206964536],[33.6247201211672,45.954082539632935],[33.61762097223743,45.94805786497989],[33.61799134185105,45.94608484272118],[33.62476055715351,45.94298720743859],[33.632680733116416,45.94203151939354],[33.63867502944018,45.94258882162555],[33.642745505757176,45.94326793503484],[33.64481454457149,45.944871359366886],[33.642706466075055,45.945632291503784],[33.63965481860794,45.94486232665642],[33.63816445311994,45.94547829926316],[33.637963353672006,45.94763414884338],[33.639109627522856,45.94929997515561],[33.6406374272608,45.94976287900053],[33.64348723827146,45.95019766000797],[33.64578609078512,45.95090917395319],[33.65178899316692,45.95340906569007],[33.657212403893425,45.955042566630766],[33.66142694401353,45.95517013811224],[33.66562619326129,45.955057730790685],[33.67306456529229,45.95398695301671],[33.67672251498735,45.95385977098448],[33.68112629503122,45.953421890344345],[33.68679682799598,45.954078709650275],[33.69173088515129,45.95577166428404],[33.700602470883126,45.95469262791917],[33.7107162701715,45.953205865703836],[33.72297013359696,45.95076088260626],[33.74198952355397,45.9517049430124],[33.74483641577865,45.950919695765265],[33.74639197549928,45.94981848717214],[33.747324580717276,45.948159480031705],[33.74874939266314,45.94797915002434],[33.75174896864144,45.94856259704693],[33.753754815555965,45.94582903454909],[33.755966743810205,45.94025366222027],[33.757832373352414,45.93670291664077],[33.75885687897738,45.93413892493908],[33.75894221070959,45.93190911594081],[33.75230599804701,45.92851022531019],[33.74284695415156,45.92791986283777],[33.731693422350446,45.929522257600354],[33.72267482793043,45.92537920356469],[33.70490409747006,45.912396362094],[33.69894173853686,45.9089566588803],[33.695458461958225,45.91105710326724],[33.69072744508219,45.91261427865473],[33.68786804340965,45.9125418531508],[33.68207736439456,45.90919913933905],[33.67770525708161,45.9045680246557],[33.66801345744673,45.894071269167114],[33.608246843993584,45.894871201714835],[33.46572645807075,45.88527125065448],[33.31401120853877,45.806809541998234],[33.235854867871524,45.77234753267527],[33.17723761237073,45.81001422708397],[33.12206843072289,45.741874998454676],[33.045061448005214,45.718608447616276],[32.7893091256762,45.56238706439285],[32.69212000028614,45.52431859109694],[32.565059638082175,45.47250499970261],[32.530824504745226,45.449621368621365],[32.49980281190588,45.42347018580989],[32.482606694228906,45.40423422194209],[32.48245821457496,45.403977033425406],[32.4823892779915,45.40370493412664],[32.482431700541525,45.403388104614436],[32.48254288041679,45.4031741028559],[32.48242091528192,45.402950456536956],[32.48213456197553,45.40254043601527],[32.481812127848656,45.40231081230269],[32.48122881571996,45.40205734256347],[32.481183351267134,45.40181336332995],[32.48134191895667,45.40152338144918],[32.4812899483168,45.4013833423318],[32.480991117138785,45.40134681035511],[32.48050300190664,45.40082249878901],[32.48038594051553,45.400588494141516],[32.48046232581714,45.400479542971084],[32.480855130458366,45.40027833856925],[32.48114446587411,45.400020510138376],[32.48111884754209,45.399814392748226],[32.48096589599183,45.399375404112874],[32.48060049632414,45.39905004559208],[32.480423157953425,45.39874041030154],[32.4804731296467,45.39855159591764],[32.480429404557896,45.39816079184331],[32.48036366453141,45.39774908829938],[32.48024081503195,45.39740137222756],[32.48023696032328,45.39720203310776],[32.47946131112897,45.395870483138566],[32.46466746886088,45.36510829567038],[32.485355911978274,45.31340318940113],[32.65546088872577,45.30855341494609],[32.792234484895175,45.3416852694933],[32.9221119333574,45.33522203899659],[32.98417726271106,45.291575936319305],[33.08417140444806,45.22766274472855],[33.207152705204436,45.14179277443705],[33.32783529006031,45.124765426719534],[33.40409741540594,45.19601120286586],[33.41533669795436,45.192381946540706],[33.42526551045904,45.18813046590063],[33.43759841968739,45.18245534383277],[33.45801391232757,45.17124937268173],[33.473514912125836,45.161371948286245],[33.48570668342185,45.153296534883054],[33.49554574858752,45.146587693786046],[33.507579639619905,45.13768716717243],[33.520011354319735,45.127124581905946],[33.53155998001293,45.11602537837197],[33.53803512230388,45.109749907360225],[33.549558348376536,45.09800273828907],[33.56047806234028,45.08564904867822],[33.565959901044806,45.07870304093865],[33.569614212851405,45.07340144094243],[33.568657204975125,45.07299960719723],[33.58734436439886,45.04017898681312],[33.58933364763777,45.03319302976274],[33.5905388996552,45.031106339124506],[33.59160759859117,45.02872484306906],[33.592923120065365,45.026451897690976],[33.59491170372934,45.02240366604147],[33.59648063990977,45.018864731510746],[33.59937886634262,45.011146388053334],[33.60119057600252,45.00699545965563],[33.60213305227191,45.003651465012126],[33.6041541479743,44.991722863792546],[33.60427166415536,44.99143438107404],[33.60435411032566,44.99060881344229],[33.60453077992105,44.989574752607666],[33.60484899958004,44.98813770385334],[33.60506010164147,44.98727064623131],[33.605203790056805,44.985837949176755],[33.60539424858575,44.985287219566516],[33.60553249119857,44.984495731723484],[33.60568221612985,44.9829231714356],[33.60569135975737,44.98231815574326],[33.60572166496874,44.98220265061596],[33.60572166496874,44.9817410527109],[33.605656184053515,44.98145387754053],[33.60552943534526,44.98125897848962],[33.605495142865124,44.98070713273853],[33.60542452234736,44.980273712087126],[33.60524797105313,44.97984445564944],[33.60505376463132,44.97960690460678],[33.60426516903283,44.97957356396711],[33.603676104413296,44.978603459727964],[33.60280882457835,44.9782711676076],[33.60017901509332,44.97766742691451],[33.599368034033176,44.97749346660771],[33.59850106416329,44.976367827675176],[33.59822029035493,44.97525938915123],[33.599486618563645,44.97330319512656],[33.6036253846481,44.96148318080378],[33.60666743240216,44.95276513528677],[33.60900255185123,44.94426129313899],[33.61075784863678,44.93751209809329],[33.61160706271767,44.93340018094443],[33.61226892638808,44.92805402318882],[33.61297032039397,44.923068781836236],[33.61322954272478,44.91963337272185],[33.61338498269035,44.917782506928944],[33.61333972106391,44.9144284585181],[33.613458697674304,44.91147038714135],[33.61339972282693,44.90789360287607],[33.613010339198354,44.90768653352711],[33.61301135455767,44.906067533383805],[33.61278321747676,44.90412631631477],[33.612557650707856,44.902212581913034],[33.61259927340856,44.90156982930512],[33.612317384053654,44.900211703191474],[33.611949633984295,44.8999323621201],[33.611609709144034,44.89895636810758],[33.61130451983445,44.8988100930209],[33.61119922260414,44.89676665224633],[33.61076530282719,44.893476225797855],[33.61054075157463,44.89031804754407],[33.609156088413584,44.882647479148886],[33.60875453688945,44.87788259731653],[33.60824830408467,44.874843633821996],[33.60745961157048,44.87064230332484],[33.6068404110795,44.86865396519326],[33.60543893913277,44.864749673353856],[33.6031086811231,44.8594564242899],[33.60168884708867,44.856945666238005],[33.60122295374393,44.85561809749058],[33.59994148054889,44.853211787758795],[33.59922954149562,44.85252048041298],[33.598484897612536,44.850869191441035],[33.596944153761086,44.84843928197884],[33.594264927185094,44.84667787604968],[33.59242021334322,44.845664654159094],[33.59123432587407,44.8452905367802],[33.58940602792606,44.8459641667819],[33.587868022500516,44.846179184874785],[33.587035192057954,44.84586722476138],[33.585983605622715,44.84526195387096],[33.584901911493915,44.84462652282622],[33.58423828162444,44.84376682404715],[33.58381953081391,44.843479014032056],[33.583228466600985,44.84290126311595],[33.5824630071717,44.842429319060585],[33.582117371380946,44.842066009302926],[33.58152065123511,44.84156639057582],[33.580929082225566,44.841198356945426],[33.58053420222285,44.84084807297822],[33.579383179611966,44.84029129615769],[33.57883005671019,44.83989273387479],[33.57825659946499,44.83961786077029],[33.577747511045885,44.839322737042494],[33.57693471229027,44.83897748136249],[33.57606632758689,44.838709449962465],[33.57581316090079,44.8385249966112],[33.574356782856796,44.83803952285149],[33.572960407449756,44.83759993872573],[33.57212318825418,44.837430122877606],[33.5710348034095,44.83734521496024],[33.57016501776883,44.83748878379643],[33.56840046084321,44.83781870485146],[33.567369513474546,44.83839200986091],[33.56558253856059,44.83902629800505],[33.56494678715836,44.83939223024299],[33.56444849645456,44.83968497436027],[33.563100888031755,44.839871710357954],[33.563012633586,44.840208310280275],[33.56228947401709,44.84044413797153],[33.56239256875347,44.8410052194055],[33.561464716122146,44.8410052194055],[33.56077695467678,44.84143905345937],[33.55980342558661,44.84076640131221],[33.558631695339216,44.84018039358398],[33.55788419882009,44.83988512011095],[33.5570245454729,44.839629009001015],[33.55617787957962,44.83957611594491],[33.555150604369146,44.839835679713815],[33.55490684493347,44.84018176301478],[33.55421450616231,44.84038639447067],[33.553019065302834,44.83973971250802],[33.55222491647547,44.837370047473],[33.55080366370112,44.83517518362552],[33.5497136058124,44.83440272228651],[33.549963069071566,44.8335007926504],[33.550431186824426,44.830684073661445],[33.55066631870338,44.82710308673663],[33.55120072873038,44.823782767960296],[33.55170535755181,44.8233022285099],[33.551802560284756,44.81936773473666],[33.55123904564249,44.817790821093354],[33.55153983578478,44.81688297804914],[33.551120531756,44.81537291081557],[33.55047936376721,44.81371242111683],[33.5506297579781,44.81303149216981],[33.5504357542774,44.811837421739],[33.54979657759122,44.81012835290295],[33.54886261868742,44.809626726834665],[33.54800866450179,44.8086276507961],[33.54806136891335,44.807705198016805],[33.54744099042796,44.80523486584204],[33.54672661405459,44.8042600572947],[33.54571720669401,44.80374246220288],[33.54459106649375,44.80324209054194],[33.542954456433876,44.8027301413461],[33.542158674240426,44.802303513708864],[33.54136011344005,44.80178951123767],[33.54120818306214,44.801259699817194],[33.54069714819781,44.800396292928156],[33.540185499240664,44.799984207624874],[33.53977114596299,44.798914735146326],[33.539425851144074,44.79799242143193],[33.53857064908516,44.79711705179329],[33.538232406512975,44.79632242027262],[33.53719451304468,44.794632032560685],[33.536397449668584,44.7935749871794],[33.535226388209196,44.79339630667047],[33.53456374502392,44.79220207724296],[33.53414861074123,44.79202950244317],[33.53475399516353,44.790797705730824],[33.53520379037542,44.789852286831945],[33.53548559640652,44.787868188420475],[33.535746134202526,44.78632021431062],[33.535971064127295,44.7842138290479],[33.53628971499387,44.783790408384874],[33.53651068889428,44.78282184858128],[33.53676434746592,44.781432873661515],[33.53732978102448,44.78035335680843],[33.537868113990015,44.77931174887263],[33.53827339493634,44.777565457567334],[33.53868054118726,44.776787199562364],[33.538650353818895,44.77586570720379],[33.53890968490737,44.77460508198925],[33.53868150891759,44.77352873681656],[33.53892058858102,44.7729172877454],[33.53933551813242,44.772504433426434],[33.53991189134706,44.77017627711945],[33.540028649829935,44.76795220890173],[33.540752524385624,44.76644092602223],[33.541269827385435,44.76283009903025],[33.541812126516135,44.75849322467036],[33.54194055465362,44.75691483319929],[33.54169656886623,44.75524966448447],[33.541842961232874,44.75304671117888],[33.54136113878522,44.751392897564614],[33.54176786313266,44.74850111185768],[33.5414150778054,44.74671297799364],[33.54049146618004,44.74480458243883],[33.54133611563023,44.74365037394199],[33.541562741858314,44.742228299641795],[33.54120836788866,44.74140211251344],[33.54181464070652,44.74080396302321],[33.542646171834434,44.739259431807625],[33.54321330544582,44.73770988021457],[33.54407892813265,44.73537486143189],[33.545566349066746,44.732086456441834],[33.54663436713432,44.731431810443695],[33.54733340183637,44.73007588188847],[33.54825485442228,44.726911924626364],[33.54856278739064,44.721823575863766],[33.54771598178999,44.715993469981015],[33.546867243022376,44.714750331341975],[33.5476000526082,44.70289102053033],[33.5479477547253,44.70236526062365],[33.54836573462987,44.70073087913468],[33.54853346039107,44.69942245812632],[33.548481554141716,44.696882160768865],[33.548421239621945,44.6931669995698],[33.54831534771239,44.6905408459229],[33.54809715634252,44.68815141548319],[33.547677955874036,44.68623696305883],[33.547793909742325,44.685076755351446],[33.5475047300595,44.6837502438444],[33.54755292667332,44.68260667463883],[33.54716720753768,44.68073117293065],[33.54729573282077,44.68004499856926],[33.547070814310075,44.678135103634474],[33.54652386608433,44.67632871252653],[33.54666976563206,44.67444220717479],[33.54588675870849,44.670321875781696],[33.54555228875651,44.668931038028916],[33.54490819673083,44.66658246897521],[33.544791089089216,44.66494258324684],[33.543990036845116,44.66231379687767],[33.54237003162743,44.6579333324367],[33.538947668002635,44.6523171880533],[33.538679321290346,44.65169201299079],[33.53890831546886,44.651112134376746],[33.53884583583738,44.65047526595768],[33.53788761576445,44.64910423564726],[33.53709872785569,44.64697671562004],[33.53489367994743,44.644036191484616],[33.53137354675604,44.64035268543404],[33.529141295130216,44.639865860511634],[33.527872807211764,44.6387314539227],[33.52607610046908,44.63839547856941],[33.524728571440704,44.63818749309604],[33.524054806927126,44.638475473121446],[33.52212334933881,44.63825148853638],[33.52085253713906,44.63849506216562],[33.519486215146344,44.6377526163007],[33.51798530340662,44.63754937785097],[33.517477110727526,44.63703095215814],[33.515501077931674,44.635782223048665],[33.51433254462526,44.63436834599801],[33.513771878038,44.633241800407376],[33.5129186626767,44.63293787259158],[33.51193561141375,44.6322375106968],[33.510284826833015,44.6315635697666],[33.510228599201554,44.631107617076424],[33.51126729490687,44.631015113941515],[33.51208341284058,44.63042044806127],[33.51245437692759,44.629336818912236],[33.512393138874586,44.62823209414515],[33.51144393309772,44.62688254022453],[33.50936730634939,44.62463996523098],[33.505135537563916,44.61676604462696],[33.50421806702266,44.616036409844384],[33.503058205665894,44.61592147364303],[33.50221197998994,44.615407288047464],[33.50182657446129,44.6152321058681],[33.50228561324096,44.61395927486549],[33.502602788608556,44.612961109777785],[33.50239961013639,44.61176490607201],[33.50179204102034,44.6109960034768],[33.50111220850812,44.61069054606813],[33.50064728811901,44.61019322194005],[33.49899306694007,44.609919473791535],[33.49766629569871,44.609819457204054],[33.496939122784966,44.61136514686089],[33.497474934406256,44.61186521414422],[33.497776513334856,44.61225620753049],[33.497054955015585,44.6130009688157],[33.49633409808334,44.613685505554514],[33.495504351258035,44.614028781336685],[33.49511300134108,44.61444941785794],[33.4946841489068,44.614601167513],[33.49419571734657,44.61436897714714],[33.49370537073685,44.613891640268065],[33.49178759915637,44.613367724759854],[33.491134392857134,44.612902189757506],[33.490108955501796,44.61260768505775],[33.489389619643305,44.61226954810766],[33.48879113761231,44.61233499435568],[33.48831668267266,44.61262950043829],[33.4876116946277,44.61279311415663],[33.48658564325987,44.61238439002116],[33.48610829259519,44.611831561368064],[33.485281566815644,44.611102732401434],[33.484759464483204,44.610199047559206],[33.48504289079949,44.609252821468885],[33.4838622927507,44.60899765671715],[33.48210206003887,44.608200259396796],[33.48123686067734,44.60812583527343],[33.480565585664266,44.60848732360577],[33.480864218156796,44.60943024499613],[33.480371949814696,44.61112067824817],[33.477440167144465,44.61101603353748],[33.47624320893803,44.61180319058474],[33.475153859351735,44.61232446490419],[33.47400226219682,44.6120361010029],[33.46829554155357,44.612037222082336],[33.467719467329886,44.61177404100508],[33.466918905774094,44.61142687598692],[33.465899697531285,44.6111742195975],[33.46511682652903,44.61129002073952],[33.464097618286246,44.61158478567168],[33.4634373923935,44.61176352639862],[33.46271984098206,44.61087884765328],[33.46228857225705,44.6105202523473],[33.461699437215344,44.610318565878345],[33.46135663403925,44.610330387773644],[33.46075791129951,44.609788794475634],[33.46055693874433,44.60946839878423],[33.460552141251725,44.609198284222686],[33.46018332125635,44.60911636960563],[33.45966548063021,44.609126481391996],[33.459431388390215,44.60922254246498],[33.459395920086735,44.60951578082134],[33.45935666327233,44.60979693830282],[33.45873519392467,44.60997413044143],[33.45783066190663,44.60994257310557],[33.45713445342491,44.60949247441755],[33.45580224958067,44.608903641817705],[33.45518089276092,44.60877851399874],[33.45478845999017,44.60882267675001],[33.45464388004325,44.60908029207465],[33.45317733321525,44.60898246873532],[33.45242120602987,44.60887942251708],[33.451842885295406,44.60896038733895],[33.45120260159223,44.60890150385873],[33.4505726444209,44.608555561764405],[33.450145272440125,44.60834158425118],[33.449542370619724,44.608236986633784],[33.44887649557626,44.60827273445423],[33.448525407058725,44.608076122031406],[33.448074006551025,44.60785269802497],[33.447885923006936,44.6072360434967],[33.44728931890549,44.60701652150004],[33.444168562319845,44.60516088493739],[33.440719954551156,44.60454867627635],[33.43994825234478,44.60496719412171],[33.43941097638256,44.60530200589557],[33.43889091603319,44.60537375106472],[33.438284611085294,44.605205996813055],[33.43809113316493,44.60482653167011],[33.43728338773232,44.60459754279205],[33.4366864372391,44.604400271299085],[33.43585778000184,44.60405769197229],[33.43507884222845,44.60391593438109],[33.434235362159285,44.603863351334866],[33.43375473969175,44.603160153024675],[33.43398240259978,44.60245694620221],[33.43401123983159,44.6016423585848],[33.433532752233816,44.60042107981835],[33.43314687390648,44.59937582067843],[33.43257144120702,44.59884019063108],[33.43252513586418,44.59825703243678],[33.43227817356535,44.597695874847886],[33.4314292432268,44.5967495966668],[33.430379654518674,44.59667257352763],[33.430055517120735,44.59732176694544],[33.42933006722404,44.59788292814724],[33.428943257751286,44.598471946489155],[33.427855534196,44.59894078441414],[33.425857159005716,44.59888668795554],[33.42421292766147,44.59785884566821],[33.42316354402607,44.59632052900565],[33.42312704817766,44.59551920026743],[33.4166088228107,44.59270088471814],[33.40260664688665,44.59092760353573],[33.4010325595257,44.59101262202876],[33.399047233470924,44.591264079971694],[33.39756889992293,44.590587317998995],[33.39686533444117,44.589432372030046],[33.39605614281092,44.588944201406434],[33.39605614281092,44.588511501213844],[33.39582272187482,44.58795675249601],[33.39479566975368,44.5869914774008],[33.39386634710095,44.586453562479335],[33.393349537311394,44.58640972187422],[33.39307683482372,44.58660415919408],[33.39277739699955,44.586943236060876],[33.39211420042594,44.586972831287],[33.39060885362605,44.58701473684624],[33.389385475397006,44.58661431010671],[33.38855474938214,44.586504355149685],[33.387571925125116,44.58636243410956],[33.38700022470027,44.58638960926726],[33.38631054412912,44.58648779540772],[33.38576024745288,44.58646686948043],[33.384823889912525,44.58621582127691],[33.383931585544246,44.58609933048402],[33.38350428429297,44.58568713059296],[33.38274862254397,44.58490752728483],[33.38230336640086,44.584564601298894],[33.38184796751128,44.58442488985489],[33.38103372183767,44.584465978069034],[33.38005185558177,44.58435565447604],[33.378983603028956,44.58418539320621],[33.378552728131666,44.58378161765043],[33.37845885831234,44.58334177299136]]],"type":"Polygon"}},{"id":"4a635846-b315-4ef6-ba1e-728b5eb76d98","type":"Feature","properties":{},"geometry":{"coordinates":[[[35.58706947860255,50.43590130046798],[35.56305420327968,50.42805764689203],[35.54680144942509,50.4285412424766],[35.50399766573045,50.426660565237995],[35.50062377643641,50.434397730213334],[35.47310035882565,50.45350629971942],[35.46176583319692,50.469490935289144],[35.459736599658584,50.484413560158316],[35.46702992357072,50.500738991722415],[35.45703095494241,50.51123373774672],[35.44372820175175,50.506358474512524],[35.45116079193578,50.48798626491235],[35.45325782245724,50.47024244025667],[35.458376860118534,50.453866296581296],[35.41709345822565,50.437287130740316],[35.40712747808763,50.43952064030668],[35.399050739776555,50.44604522917223],[35.379233180192074,50.46813023775829],[35.3528808283084,50.48854061392106],[35.33654176682117,50.5207453611242],[35.39498387108546,50.55931059651397],[35.371082303640264,50.60713274017604],[35.309596612689916,50.66707988223018],[35.32120708024925,50.696000610277565],[35.30276845178685,50.70618178193047],[35.36255274907563,50.70318780281943],[35.37817490735273,50.69582014955307],[35.38769027181194,50.68621753103138],[35.394002318678815,50.6888965703653],[35.39182108304908,50.69407566951685],[35.39581459194787,50.699813548101304],[35.40913565483845,50.709863545748675],[35.37903612031903,50.71091445646098],[35.32897726598213,50.716716368414126],[35.29123594432062,50.727092550373925],[35.280479608911094,50.72794365770028],[35.26757200642149,50.7248795989685],[35.265689647724344,50.73594331081674],[35.27241235735613,50.74938645836451],[35.27266767533635,50.76018654542352],[35.28850477327299,50.76192155888319],[35.29512196994807,50.76688208915073],[35.27625070538073,50.77959104752409],[35.266756308675355,50.782020548967836],[35.27197498125693,50.790385481335534],[35.29109132718307,50.789765755356],[35.310584966468696,50.793584093752145],[35.36528304697865,50.793844329464264],[35.37556541008672,50.79627054959391],[35.36863947561474,50.79812569278991],[35.36703374960041,50.80643409167715],[35.371710341125095,50.816319541997785],[35.387419977933405,50.81815299913319],[35.353062562532614,50.823695973431995],[35.32517995671549,50.844093522257964],[35.30825131053007,50.84088401785027],[35.29223248719484,50.835292783777135],[35.28497269552906,50.83509929640874],[35.28406156034109,50.84235050056529],[35.28028499643699,50.851435787212324],[35.282382075682136,50.858366601705086],[35.28986854976952,50.86238335454246],[35.29056704853673,50.86851816527994],[35.28419721758405,50.87001864282922],[35.27608623521155,50.867591374178346],[35.26896156953012,50.86741484030671],[35.26684051265235,50.87054031318263],[35.274589374535196,50.87375453482153],[35.28693898195067,50.87515316069704],[35.30101698374773,50.87830180892266],[35.329004720667996,50.87654484795024],[35.35755532438594,50.887779160361504],[35.36335858549879,50.889590116041376],[35.366226078195524,50.89355672499778],[35.361743661370554,50.90059616072105],[35.349113965242935,50.90702352495558],[35.33712750773461,50.917107752975966],[35.323334269975106,50.91399373927311],[35.33013702401237,50.90216271454685],[35.338030719338974,50.89169935052578],[35.32214055427917,50.88451154371103],[35.30184297607374,50.88747920961771],[35.28772016097386,50.886528497613654],[35.271201236596795,50.88649868959598],[35.25285372367813,50.88474583467158],[35.222234223320555,50.88362135332733],[35.18067739342632,50.920757497826116],[35.156764702493945,50.913905640436894],[35.149492091607186,50.89960191681865],[35.14992608727499,50.883684357284494],[35.141640107233684,50.86787305815329],[35.12521059256045,50.854311827217],[35.09927023655243,50.847866947976826],[35.076521677773,50.82511995152308],[35.08852786157286,50.81394192724514],[35.14653719077518,50.79348956978015],[35.152296545512655,50.76986659422582],[35.15292287727431,50.748386200693545],[35.1558704214915,50.73414566266317],[35.154155619544895,50.725594360232094],[35.15434473615903,50.71677326042641],[35.145400860194854,50.709513452273654],[35.127923494258226,50.70752719612918],[35.122770626150015,50.70582462388546],[35.11806583352876,50.69787846924112],[35.119064555118456,50.69049133587001],[35.08753759209296,50.63193662817807],[35.089712513685384,50.61754766904926],[35.11954000982291,50.61971615012561],[35.19534935103161,50.64504564268685],[35.22647285048609,50.638804020056284],[35.228550074396395,50.62114767856227],[35.221972851320714,50.60970482543442],[35.21560843205174,50.59040401435328],[35.186650194643306,50.55847503511811],[35.161496210402646,50.547421096731],[35.116755719604015,50.542512180079484],[35.1009651703815,50.54831305298154],[35.03606331832427,50.53093867997214],[34.981778294936845,50.49662169081512],[34.97232983372817,50.50136881268142],[34.94663727954077,50.48893866477067],[34.93974900284286,50.49100092701542],[34.91912000179602,50.49018720795442],[34.9168407281644,50.47409835653082],[34.937859812630904,50.467788326513386],[34.94264153898692,50.45459278202782],[34.965116862463844,50.45265280328559],[34.97050877474052,50.45713146336783],[34.987309084731606,50.45528982918461],[34.99070994433629,50.459783178660615],[34.9831093614049,50.47067400818676],[34.99300177449206,50.47983538333747],[35.011628792757534,50.4785390038746],[35.02556369147453,50.47173435052568],[35.04398222986367,50.47252647758398],[35.054215139919336,50.482090205132636],[35.11396405123517,50.47354200822508],[35.13347501417715,50.46761472294085],[35.17169454683088,50.450535520343976],[35.19220316116761,50.44340361424338],[35.196703283055115,50.436214453046574],[35.20485926649502,50.42955684932579],[35.1746701445002,50.403816144556515],[35.16212532292906,50.399445178876846],[35.1494465236226,50.39804320189424],[35.137364064601485,50.39604792989795],[35.1408733863492,50.389426297187725],[35.13537753517508,50.38771502572931],[35.13435505123633,50.38404780749997],[35.14432426964453,50.381276832314796],[35.14331100363563,50.37235844904066],[35.1405473379391,50.36726606443278],[35.14187799178444,50.3602835494994],[35.14880699228473,50.359176947157806],[35.15781449529527,50.35538930242211],[35.160616237337535,50.34252801097293],[35.167466499629455,50.34285985670164],[35.16364890065506,50.359176947157806],[35.155972051498,50.362441915581314],[35.15576733552081,50.363943725640524],[35.15992076407014,50.36528676134756],[35.15927884987423,50.369489969484476],[35.15297572990687,50.370973693138694],[35.156573234985586,50.380617225923174],[35.175958728478946,50.392223168300205],[35.20679990437611,50.41218924335587],[35.232772358053666,50.42855288876848],[35.237735230228395,50.44124680706449],[35.226258807103704,50.45144910666721],[35.27908274842309,50.4738472053794],[35.30682996766416,50.50084763767208],[35.33600551024486,50.483384534877274],[35.38598175372147,50.441061193710055],[35.37287250928367,50.42980698274286],[35.3737274600077,50.42327105178532],[35.3862667372957,50.41909484583147],[35.38925401602117,50.408578106440075],[35.38454165927027,50.394899324406225],[35.392504795494176,50.372522394863665],[35.39241111472535,50.364395837797275],[35.325658257788575,50.363839876942535],[35.31552138410456,50.356074366609164],[35.287846300619634,50.34733664887975],[35.266798252765625,50.34887395652157],[35.20386510954316,50.34102507491701],[35.17584331089327,50.343290864640124],[35.15851107447554,50.34241459128549],[35.145746256256615,50.338999219033866],[35.130537030714265,50.354636016637784],[35.12047682432731,50.373368395848644],[35.10350660988997,50.37568777749439],[35.09542668800311,50.37402293018907],[35.093055728232,50.36959595706546],[35.0705339226906,50.36564355663339],[35.04999368208732,50.36465540508797],[35.023755913807975,50.37211094958241],[35.02732265425149,50.39182480716701],[35.02453919558445,50.39440589956146],[35.017960111462514,50.393491778742316],[35.012224499664,50.37542083262244],[34.982472300552075,50.37195984280032],[34.94910916345526,50.351300554174514],[34.9323534462678,50.35153431736538],[34.9229705815616,50.350887072267454],[34.922319910105784,50.34442227013841],[34.90895941674967,50.33744741214886],[34.904092754173575,50.33232459854355],[34.89696328513213,50.3280733338527],[34.893974983550464,50.32125961646676],[34.89332596929657,50.30982626769966],[34.888397917829536,50.309735586605996],[34.884546669937805,50.307613504075505],[34.877580753129564,50.30938230746037],[34.87707719287937,50.30887311323022],[34.88463059664846,50.306970286532504],[34.88878496872135,50.30900711224032],[34.8946598383171,50.30889991306245],[34.89541517869509,50.31913634412692],[34.89545714204996,50.321271419772444],[34.8983066421747,50.327420392898034],[34.90574900904505,50.33209331664062],[34.911225450115694,50.33734406308349],[34.916507315509534,50.339754543103254],[34.92436905254971,50.34332220630017],[34.94280251456061,50.34268138225278],[34.93508635816778,50.331548948701595],[34.94327324527916,50.30894707428013],[35.03875696364466,50.31063355069671],[35.07290848839435,50.32082507974653],[35.102690421842965,50.32673293050982],[35.151257665580545,50.33111516717207],[35.174153895478796,50.33193324115339],[35.2294052224307,50.32959285169366],[35.25623274871515,50.336374800068626],[35.27950980031747,50.330997834726844],[35.32588208948383,50.33843530740384],[35.35723975764739,50.34952222220119],[35.396481229002745,50.34778498492827],[35.474951015924546,50.40067218346621],[35.514769499744574,50.41133751709191],[35.52131083749995,50.4202488757397],[35.547584446408536,50.42184506159887],[35.56562951607822,50.42069534181172],[35.58362032083852,50.425150575935305],[35.58358815799056,50.42995942776318],[35.586991440288216,50.4312702705561],[35.58706947860255,50.43590130046798]]],"type":"Polygon"}},{"type":"Feature","geometry":{"type":"Polygon","coordinates":[[[30.2053584047446,45.25093898889179],[30.203785359269972,45.25238425902515],[30.199972723628235,45.25210271577956],[30.199546135024775,45.25756440563612],[30.20341209424174,45.25715151273047],[30.207171406308163,45.25839018244045],[30.209135825948124,45.25645709516357],[30.206709603267512,45.2551620775576],[30.20785606013871,45.2519900980906],[30.2053584047446,45.25093898889179]]]},"id":"f917e000-b480-4b98-bd48-768a0009e26f","properties":{}},{"type":"Feature","geometry":{"type":"Polygon","coordinates":[[[30.778818678965962,51.489080095416256],[30.83011895270522,51.48603782035693],[30.84703844679109,51.64216830978546],[30.938631645275677,51.749042965040616],[31.019487407944183,51.796170188700984],[30.94571932834438,52.06726760797599],[30.96111688506474,52.08750364981336],[30.97054756487205,52.07854722853486],[31.062282359355947,52.08803044215165],[31.107276484133706,52.08959353332585],[31.13744659805863,52.104563519098974],[31.159493988995195,52.07818445774086],[31.215192660836692,52.07247882618094],[31.196651474798358,51.96632589539777],[31.12742728647757,51.821868347802706],[31.43020005416841,51.79294519013024],[31.510483779410308,51.8012322734132],[31.551488254076645,51.81891069063232],[31.575615023806176,51.843659376460536],[31.559462284019617,51.8903326740905],[31.588769428208735,51.937452524532944],[31.508248001470292,51.99462681023158],[31.470493329181267,52.059090456990674],[31.468605595572086,52.095478862056325],[31.44083682517706,52.13956068279842],[31.45117069869559,52.14167473722608],[31.463571346919252,52.12306761422593],[31.485616943759823,52.117568567862094],[31.508351465502074,52.12095267668428],[31.60962342598799,51.977750092614826],[31.641313971441093,51.95313072336569],[31.727687847635252,51.99423049642212],[31.75248914408789,52.0832237295167],[31.74766666977945,52.10354016872773],[31.760756242903142,52.10523278773101],[31.77177904132344,52.11200262134071],[31.791068938558908,52.10988715874896],[31.817248084806266,52.09719227530013],[31.830890322045263,52.04680030211179],[31.867403341812917,52.02052312199916],[31.84683551676045,51.973577052354585],[31.820374664858804,51.91080139778438],[31.760516893802645,51.84672743564769],[31.88953284047893,51.841338979604004],[31.888811031150283,51.81272840831048],[31.774924571547643,51.773489382083994],[31.704859973124883,51.70386248296961],[31.634880040244354,51.70736024614649],[31.591361418272385,51.682083224774686],[31.592332501921618,51.64301928745883],[31.566224712438128,51.59210857469395],[31.52034806888932,51.535979169458074],[31.401912918381697,51.50791441776528],[31.37177678280321,51.51182071832636],[31.355465968966655,51.542326147964985],[31.31607743568054,51.55677148710754],[31.272635631441005,51.55764609579185],[31.248972012472336,51.56430117724389],[31.19120135163314,51.55230230158023],[31.17972311626596,51.544473768058],[31.176433422123637,51.53420510368909],[31.183645815394044,51.507545374653944],[31.19218830839702,51.49635265794328],[31.171454941433467,51.45357408164443],[31.223543074136927,51.41569347104377],[31.226810496978544,51.37737610407149],[31.252436859925183,51.371333368361235],[31.295092560282114,51.4048544968299],[31.408524697065786,51.397586800705284],[31.466631147231112,51.3584776008374],[31.424438498631787,51.2875410693774],[31.30552755820264,51.266996640169026],[31.12885987527764,51.312323835805046],[31.016433393809564,51.38024912784297],[30.93490140413587,51.38589124820646],[30.863971262436593,51.37207961199846],[30.809380265662355,51.380115445870814],[30.71360135766423,51.381844491514556],[30.671044653648323,51.34369136949377],[30.65625095548819,51.34213888134616],[30.65642847986578,51.345502539200965],[30.65051321242487,51.35211871734427],[30.635020288490296,51.35962325267462],[30.641066790234248,51.36795347871015],[30.652364079973182,51.37139587487337],[30.659774993762568,51.40132209668647],[30.716381233335454,51.41332562422053],[30.738839364901317,51.50780409614769],[30.672245463661852,51.506613864351635],[30.671769709410363,51.534932968140716],[30.719613119114456,51.530810733550425],[30.738770079753465,51.54343229021731],[30.78922167117227,51.52710591670717],[30.778818678965962,51.489080095416256]]]},"id":"2cdb7a21-da5a-4393-8972-91c4b30739a4","properties":{}},{"id":"14f624ef-2e2d-4f1a-9c2a-32e252fdbfeb","type":"Feature","properties":{},"geometry":{"coordinates":[[[34.96619835169304,51.098984311282436],[34.955229333058725,51.10569489913934],[34.948694217171976,51.09820569571127],[34.92905825441349,51.089106894882434],[34.79276694985339,51.09544970495932],[34.69919918230323,51.05762799495744],[34.65486773786762,51.06684140316412],[34.65287627182306,51.0562433951533],[34.664665406966606,51.0433915746635],[34.70567983809025,51.019087237437816],[34.703075760612876,51.00326706854611],[34.70014222915316,50.98717769779216],[34.72151510120872,50.976096527519786],[34.73681237386154,50.96534198070606],[34.75207468770944,50.96424284988018],[34.78532898558507,50.978219850746854],[34.91017998555267,50.95219039708533],[34.90521247763226,50.928147417593976],[34.882834885585,50.91078583940737],[34.89022721376983,50.90923211930192],[34.911176187663244,50.917000201207316],[34.933952673923784,50.95280799133451],[35.12952056265726,50.985551931235165],[35.24792557075202,50.950941347333526],[35.296356127605236,50.996512281402545],[35.266457666835294,51.043749145958685],[35.23190413489746,51.03519531236924],[35.01168769246095,51.021717127713146],[34.90089811943548,50.98542374017231],[34.81464808205041,51.00104578750941],[34.852574985203546,51.07744371266995],[34.912621772651875,51.06304473967839],[34.98483972494668,51.075718958655045],[34.97727435986292,51.09874694920018],[34.96619835169304,51.098984311282436]]],"type":"Polygon"}},{"id":"38be1fbf-fcb2-422e-a4e5-96010a2dc6e2","type":"Feature","properties":{},"geometry":{"coordinates":[[[33.766451824146515,46.195079908355666],[33.79597962205693,46.20262662399827],[33.854287376849555,46.19951874275037],[33.89568932543949,46.17106151884681],[33.98731423063563,46.135789280315294],[34.02659191366706,46.10625233714384],[34.08997623433714,46.11688336499168],[34.12780994775823,46.08642032008094],[34.19349263297687,46.064304657985446],[34.31923894656563,46.0579202043489],[34.36831067869761,46.035923657479344],[34.41306817472433,45.992295907882486],[34.461342504197944,45.95282551490553],[34.517570530599045,45.94998234685025],[34.55301811633379,45.98776851479019],[34.56001950177102,45.99397587418298],[34.58524010190422,45.99626972071644],[34.60943430985472,45.992356889666326],[34.633684892372656,45.985069706491004],[34.666782853963895,45.9705538335601],[34.70628476634977,45.94303121496168],[34.753608888303916,45.90854585796612],[34.802884793650776,45.90064532215587],[34.79932218344399,45.81042943092743],[34.873065559970485,45.79138821788925],[34.94415010518688,45.764691103546284],[34.95958384321622,45.756780736182264],[34.975999415963784,45.76211387441322],[34.93972605880148,45.8170964728084],[34.914030605873734,45.86210870621906],[34.88129753616377,45.92638988659536],[34.857263099482765,45.9793730392407],[34.83947458765243,46.06651120660351],[34.82912436501579,46.13373173166025],[34.8096455569852,46.15955665099739],[34.819592188821105,46.16443332875863],[34.8237409528972,46.183638549523465],[34.8303720534355,46.200267567518154],[34.851068306375026,46.21459889779439],[34.89997259221437,46.240385862196604],[34.957580142966094,46.24897882499897],[35.0214043765593,46.256138598069526],[35.06527822693383,46.27287775184266],[35.10818918491128,46.30613884711201],[35.1292068035261,46.34028604614306],[35.1395458961519,46.3513353173347],[35.17545096789385,46.36069752276748],[35.20040938999941,46.380322717552446],[35.25443679447113,46.40429231380688],[35.253561073724256,46.387995951695586],[35.26494560377901,46.35538862711542],[35.292044986732094,46.35569063147446],[35.306056759201226,46.352670471318305],[35.29642367064014,46.30916159157337],[35.207098791525,46.186607291139666],[35.15128973216554,46.167114641997074],[35.12649423604822,46.15912717896106],[35.108092542346924,46.15621254438537],[35.079647638375775,46.15415514183675],[35.03414728124238,46.14693858614467],[35.0315722638187,46.13751216197045],[35.029708848325356,46.127380285818134],[35.01796143979712,46.12092698814632],[35.00960679782881,46.114260971538016],[34.99122593018265,46.10507112755141],[34.987086243745466,46.08892192108229],[34.98785887931845,46.08493526103885],[34.982879669666744,46.07779425261904],[34.984117751643964,46.07645073543384],[35.00358973855268,46.080636250074946],[35.03639407832469,46.089313738662014],[35.07482896883354,46.10290310049359],[35.11342659231485,46.1104859129253],[35.14556086483381,46.122440135502075],[35.18438792392058,46.148513092412685],[35.217332095267665,46.18488595812539],[35.245230942700516,46.22313427673478],[35.306297015538405,46.29510372704871],[35.357674259076134,46.35464842663032],[35.39444300226404,46.38880705689863],[35.41718805251938,46.411564580717254],[35.45552388234205,46.4424159315532],[35.47260419223912,46.44921134419886],[35.51093998731105,46.454960639287066],[35.53409330786508,46.46697994180522],[35.562180917000745,46.47324982790522],[35.59721458246506,46.48856992729063],[35.637521589527694,46.51393684622249],[35.67412011195722,46.54227960135373],[35.71178137392613,46.57638021478178],[35.741270437422656,46.59393302492268],[35.784721980214556,46.607280277615985],[35.82301889292637,46.6189996752575],[35.858351342021024,46.64081319524766],[35.8746073321347,46.64555068431278],[35.918736613250644,46.65935041218438],[35.92844856404798,46.66133117216714],[35.937820160955,46.66229422191475],[35.96376666218816,46.6635430261679],[35.9873016877996,46.66467463642272],[36.00131164491279,46.66565876608266],[36.02016520012725,46.66872951586626],[36.0328913547518,46.66953757736377],[36.043358014519214,46.66899395327124],[36.053021743560464,46.66864870646103],[36.067986751528196,46.66614363271296],[36.097178799413456,46.659448803986834],[36.105924259407004,46.65800106993498],[36.13168994408588,46.66444376463431],[36.13973589527393,46.66703766324537],[36.14915722692942,46.66953712192446],[36.155680716491815,46.67062175495832],[36.169815784797294,46.670761995579966],[36.18714552581625,46.671233567054],[36.19724260593537,46.669960312689426],[36.21115487926892,46.66466138563297],[36.221882814185165,46.65876572000306],[36.231260088939905,46.65249812637154],[36.24163250905826,46.64441909318532],[36.251079903386454,46.63450972896658],[36.254611542451926,46.629466985188145],[36.257651598720855,46.624280372940746],[36.260888024331564,46.61797093470847],[36.26229985167271,46.613389576589725],[36.262684896561325,46.60982113546979],[36.261526475016325,46.606063865794056],[36.257470259957245,46.597804329153604],[36.233158907927844,46.57251483510501],[36.21391361047051,46.5518113903355],[36.20504153594317,46.544136242007966],[36.19683305697063,46.53548012399719],[36.18880359708231,46.52968767462346],[36.18376355514363,46.52845560319682],[36.1764471127654,46.52578487686958],[36.17048938989021,46.52423519782897],[36.16683069391874,46.523901480298406],[36.16235065664134,46.52464592292742],[36.15902796346535,46.525929420461125],[36.16044664516892,46.52855240960221],[36.16089464889669,46.53278753049929],[36.15782556593081,46.538217692703654],[36.15353995950477,46.54238622648995],[36.15331791177766,46.540542652322756],[36.153951188471865,46.52104631573951],[36.15054218473847,46.51213780517571],[36.14451443746512,46.505948140835386],[36.138505572811624,46.50319269965348],[36.155781058689485,46.50241770647261],[36.16968566389275,46.496268355092525],[36.262670038419856,46.5885631681887],[36.332148502866744,46.676983324075366],[36.36343099594259,46.70305399551995],[36.4136995446473,46.725875250594896],[36.46813649969772,46.74103798509378],[36.540301151199145,46.757720508990644],[36.57229406868703,46.762308118441666],[36.599741298521536,46.77096336729019],[36.609609959401865,46.77708453380404],[36.630889279715916,46.77961722544609],[36.659878508106544,46.781938753189536],[36.69071811217776,46.77961722544609],[36.716888418247606,46.77899154135136],[36.74145316962935,46.77332246924959],[36.770282154112806,46.75859647853301],[36.787738713605904,46.74892725737291],[36.809118068824546,46.73401713936249],[36.81905462678071,46.7192081639717],[36.82788097103389,46.70993509063996],[36.82650799612213,46.69958499504324],[36.814998856642376,46.685493016392286],[36.811572569011986,46.67757018650332],[36.80422327477248,46.67406463638437],[36.79160163913025,46.672311774792206],[36.79137415287434,46.66767349197502],[36.79272001635232,46.66365619060693],[36.7640356330605,46.64642016616352],[36.75693856091081,46.64406777060145],[36.750151910797,46.645597020339125],[36.748780668506896,46.63430690911912],[36.75546542367087,46.6300725110481],[36.770720388223026,46.633013104002345],[36.8196267073362,46.67805332640296],[36.85733467278982,46.748603511237405],[36.88626139622423,46.79424872121203],[36.91191060101636,46.82006377157157],[36.96467465644014,46.85337943121496],[37.00126512986762,46.867213728268666],[37.00768101519239,46.8694829524475],[37.02282779912406,46.87023400738312],[37.03616188504736,46.86975869184738],[37.04544395571469,46.87594139090581],[37.06122345672944,46.883074389370194],[37.097395586986664,46.895752929305445],[37.124313564303804,46.90668576703581],[37.138168812251024,46.90956576492786],[37.16323038393307,46.914159812256],[37.18875605171257,46.93205700208807],[37.19694714093433,46.934278158640836],[37.210048620986214,46.933944978973756],[37.21738870328218,46.938421636969565],[37.22338551409746,46.94545066185145],[37.23272542076714,46.95035206174114],[37.23962258585411,46.95054810992653],[37.26031408111376,46.94613688570749],[37.28095165217036,46.937647218181866],[37.302230012336,46.92594658084579],[37.31964336464651,46.91246953967757],[37.322796009928766,46.906278617637156],[37.32074975387704,46.905290722405596],[37.32327808911833,46.900364405577506],[37.32420150734285,46.895816634336285],[37.325498087488086,46.88920483655849],[37.32303142075014,46.88520367032558],[37.320194754284984,46.883645241507935],[37.31415422459733,46.88284494803915],[37.30239875668596,46.87275371891516],[37.29600484314014,46.86996879965395],[37.290808876737486,46.86890791940439],[37.288136654464296,46.869376683449445],[37.286656096065315,46.87088163228876],[37.28542831996171,46.87396541315891],[37.28499498644132,46.869697413493526],[37.286974625333585,46.86748555222533],[37.303368780447954,46.86836308812897],[37.31551518719715,46.87425936916591],[37.32800985815982,46.882909011677924],[37.37961344994818,46.93420799462825],[37.39584587360986,46.95238762964436],[37.44299007456965,46.99060740704189],[37.47268615142568,47.026347680352075],[37.500292899508565,47.045150475771436],[37.517585050015384,47.06167493938551],[37.53171757989634,47.07777162552364],[37.57606440720295,47.0847762503428],[37.58205571766044,47.07379541700624],[37.61915822759576,47.08622786018111],[37.634488887044824,47.09154112874103],[37.68246642692006,47.08069387533604],[37.71161451864231,47.07977126842758],[37.73871220195264,47.083249910408114],[37.75968708924219,47.086507169579704],[37.774057782499995,47.087245163911234],[37.78327671100743,47.08696841776282],[37.79168221669286,47.084569889506724],[37.82134711198685,47.090566005542115],[37.84153880103173,47.10128748563304],[37.8290804585676,47.11301748044261],[37.81813425126333,47.120317979097905],[37.80044997689217,47.17455557878674],[37.81218114175243,47.20475776662602],[37.83471477014618,47.24999276504826],[37.83980506248437,47.30621114458776],[37.838222879078955,47.31312121033935],[37.826158730560394,47.319199531864854],[37.83222376697654,47.3332213843602],[37.83321263161005,47.34282651899909],[37.85528519408166,47.341477984116466],[37.86293241390791,47.34500696383617],[37.86260279237587,47.354133116682476],[37.85653775596151,47.354222439433016],[37.851131962635776,47.34944345993779],[37.84195980432972,47.35047075372469],[37.83958652921049,47.35788454203487],[37.853364709759774,47.36373444690764],[37.85270546667121,47.36605636671274],[37.84410295087346,47.37122676258173],[37.842322994535294,47.37930724039316],[37.85532272839603,47.38518801238678],[37.85987150570577,47.389517441610536],[37.85617974441203,47.39639023797204],[37.86019393336511,47.40738870793592],[37.85915631231242,47.41255495114038],[37.86204682810248,47.417570236407556],[37.861602133366205,47.42469112076947],[37.8782176503675,47.44132575140219],[37.8916534956997,47.46888632339832],[37.81950954869032,47.54727460937784],[37.81541197895285,47.587415874068],[37.849127216632496,47.62818095580408],[37.854631057609424,47.64181464492589],[37.83120719790111,47.656648986374535],[37.80115642756235,47.661192770949924],[37.77531075759154,47.6772914170177],[37.76319931681829,47.68621447513797],[37.66639223086503,47.72111810118585],[37.63547629746978,47.75383798986735],[37.62164218555142,47.77354268074731],[37.63661700478852,47.80655643878851],[37.634223267342435,47.83999194711481],[37.64573314684253,47.88764165182093],[37.57622810001541,47.907343151170096],[37.56766225710271,47.90764221043642],[37.53444206137439,47.91779967652275],[37.54336481441359,47.933146258076704],[37.521593297008735,47.94695410262133],[37.25233243450839,48.02782152084143],[37.137671704451435,48.026253472047074],[37.07092568270198,48.00641655792228],[37.041911663354426,48.00584849392041],[37.01215048880937,48.00455935314284],[36.99549491801082,48.00445099800845],[36.92975267720357,48.01772338712453],[36.91059795195474,48.02750756370011],[36.892241837488285,48.03878701377192],[36.86235780294615,48.03780260607485],[36.847760113377234,48.04303589575005],[36.806341479012076,48.05949007432585],[36.77649700338492,48.065541343383074],[36.77340633444123,48.04956829818488],[36.77801432156937,48.02969955618485],[36.773074057818974,48.025585144914515],[36.761970935436466,48.01008055278322],[36.76287184147006,47.99046629373444],[36.77345766263298,47.97280708532969],[36.763796233245415,47.96378395235391],[36.74164692581624,47.96568751628541],[36.72073451274869,47.97581028700961],[36.677764615245906,47.96268402545692],[36.68453913563161,47.93769113135326],[36.69930918561664,47.893311372308176],[36.687039102350695,47.88120090664739],[36.65140416400533,47.88597333632015],[36.627255675072405,47.89182507740949],[36.58063342511264,47.888792904437054],[36.579042461192024,47.86971419921016],[36.58774006271216,47.84856651198973],[36.523729724654316,47.83668909319124],[36.52506884506349,47.8307493639729],[36.48892575202524,47.8223533816616],[36.46264531747349,47.80356307698719],[36.427944935512784,47.80198746329549],[36.40687582304702,47.80700943531318],[36.38843050695829,47.79377669242413],[36.374079324624546,47.79039422034384],[36.36119850356806,47.796955170630014],[36.30697842500379,47.79053928751447],[36.30984109172417,47.778921276180654],[36.28394463560609,47.7769980354911],[36.28827954164527,47.76670983630544],[36.25344665453318,47.7638788922589],[36.249214326383566,47.77714245547761],[36.21031871576176,47.778960969987395],[36.2027036774974,47.76536652769431],[36.19116158440377,47.763588824913256],[36.19232604081043,47.75778359457422],[36.17452069288751,47.75492280596043],[36.163464659113004,47.74615743078721],[36.16405724449905,47.72655313774723],[36.147785760042495,47.72345645649827],[36.134838488706976,47.71379108507804],[36.142651362241736,47.70159620613504],[36.167054425096154,47.692120753174976],[36.17168911537405,47.680588097228195],[36.16056294941765,47.66906477833675],[36.17148358293804,47.65506290450435],[36.164705270354915,47.65174624872657],[36.15891426587882,47.653072553850876],[36.15358483677409,47.6513244784619],[36.13722022288562,47.64014602113704],[36.106084288368756,47.6313256053228],[36.0990689229597,47.62678375918736],[36.09495387760492,47.60768556329066],[36.09353918217292,47.589485622299975],[36.074513538636694,47.59567578669282],[36.06720067038046,47.592212333593466],[36.08819675134018,47.58204583333975],[36.08075008245899,47.56971295896119],[36.06472800300688,47.56236356092157],[36.06305426846731,47.552814652249054],[36.07259164283994,47.54944483493304],[36.06503922519602,47.52738464578718],[36.03189704401032,47.52638745766649],[36.029947457110296,47.52251772128915],[36.019608738701606,47.51653303081682],[35.99918069145161,47.52601112968674],[35.99439509908012,47.525813076074286],[35.9912347997294,47.52288789530414],[35.98986177040095,47.51463743559148],[35.966199511790904,47.517899155309294],[35.949522693557014,47.52352718289865],[35.94297243903938,47.52961789660165],[35.93628880243901,47.527094941626046],[35.9353548224648,47.52339436031292],[35.94082385171629,47.512936353865655],[35.94200525703923,47.50156116565623],[35.94228767170148,47.49268370368168],[35.93246314927811,47.49336065446539],[35.92434840652899,47.49440851197471],[35.92244969236987,47.476980007666754],[35.91328799123448,47.469399824170665],[35.896709585862254,47.4659824795622],[35.84158248816061,47.471659207518655],[35.81798373897996,47.46959008036396],[35.799175973932705,47.47407211701406],[35.78929093872185,47.48060365488007],[35.77970097916665,47.48528990691693],[35.74528251915464,47.48681265959189],[35.7465365907853,47.489853426232486],[35.73227273543074,47.49131215117936],[35.71855171640627,47.49420312835136],[35.711764975822234,47.50561594909655],[35.699445566270185,47.506662415462245],[35.68763256875826,47.5101275964237],[35.670813255104235,47.50309062160915],[35.65371595235695,47.5020375377361],[35.63381219577167,47.50040000687639],[35.632574407314564,47.50229068396331],[35.64055308170208,47.50749531940457],[35.636868584952396,47.510730730578814],[35.62314642758011,47.50620997934024],[35.62070847679226,47.50767401098963],[35.61637233427601,47.50642794635286],[35.61593932206304,47.504628986495305],[35.61302639340039,47.505151529578114],[35.59195524716017,47.51953166199857],[35.5900201872108,47.52787668661651],[35.59817366450093,47.5408489090421],[35.58254715822713,47.553176935051255],[35.570063327201524,47.55179752030406],[35.5666497289501,47.54465374149248],[35.5394024228265,47.54132258912455],[35.53265398948134,47.54622223571891],[35.50903010676163,47.544860724946915],[35.507264292410724,47.5469659931],[35.50467717089509,47.546799790760076],[35.50364052182451,47.54463278037451],[35.49426284271604,47.544413308776114],[35.49349246461111,47.54576445407105],[35.48849600864796,47.5480657758296],[35.48653704413039,47.547501589996045],[35.48644977104391,47.54478981619789],[35.475697288620324,47.54315840421489],[35.46162611670786,47.54036573505269],[35.44911734247407,47.541781650375185],[35.43239512330152,47.537349975069134],[35.42167843099418,47.534300820424704],[35.40259477343042,47.537144492489205],[35.39724911785049,47.5395506247275],[35.39757831907917,47.54856461777979],[35.3905592160196,47.554379132636114],[35.38471218967982,47.55798081224464],[35.38326913993757,47.56404988548476],[35.37680182813648,47.56441020551418],[35.37299008698531,47.57842663787727],[35.34989630230882,47.57729036002871],[35.350858164867844,47.57126637838479],[35.35707744527883,47.56310184850497],[35.34638363669532,47.55970460910282],[35.32950884117827,47.55962253967601],[35.32966451009647,47.55626895985921],[35.33005657540314,47.5542078864053],[35.33067494260914,47.5509568196327],[35.33134805301604,47.54684718992293],[35.33337549533133,47.54055089090525],[35.334695382721435,47.537197245394935],[35.33706524308937,47.52942142882051],[35.335645482570754,47.52606830777583],[35.33118340063129,47.521346200964615],[35.325707205362846,47.5173765628773],[35.3200488254501,47.51440845850033],[35.311547547770544,47.51252710054433],[35.299562119395944,47.51092789734079],[35.28785543022104,47.50725894632916],[35.27939679097335,47.50147314006574],[35.27198979517115,47.494878931864264],[35.27709342298405,47.48122859047095],[35.26511728068377,47.47445162157291],[35.25861331714543,47.470678877053814],[35.252109353607096,47.46690613253472],[35.22327128554332,47.452862914210044],[35.210263371411656,47.44732102203815],[35.19961398773415,47.44468436893578],[35.178254376926276,47.445694263920814],[35.16380123476321,47.444552656192116],[35.147695000679136,47.44553412893387],[35.13686352219415,47.44806940059195],[35.10021333982925,47.45061406809407],[35.06431622057886,47.44976585668434],[35.04565199760668,47.43462804774643],[35.02956975954757,47.41830077643206],[35.019351276188615,47.41190634120804],[34.991136078448534,47.39674224219627],[34.97542706921794,47.39096429277262],[34.96183432918224,47.38839212964612],[34.94338005701644,47.38932081645547],[34.93072134924631,47.392519499752524],[34.9111994701735,47.396337033935396],[34.89033724559448,47.40256836632017],[34.8757735428249,47.408757605001966],[34.86385319528293,47.41975992315548],[34.865141890272696,47.42934422430724],[34.872784720995696,47.43619635372167],[34.874038472752545,47.44565918356426],[34.86752419342554,47.44966674233817],[34.862710573010276,47.448765032238924],[34.84535911359012,47.4536943768295],[34.8303496657056,47.45899425930742],[34.82283073170237,47.46359802526092],[34.819219263881905,47.46328204761963],[34.80756056716106,47.46594268524734],[34.79631617015127,47.46603646809811],[34.7661095658905,47.47818499563709],[34.748741985307646,47.49184820251742],[34.739589636810024,47.48986442150357],[34.72816438487868,47.49126834795797],[34.718912108722066,47.49139041301234],[34.69979429657445,47.489264950755654],[34.69022411477721,47.4894829149479],[34.68267433025446,47.49195921768376],[34.675628153214944,47.50297640567075],[34.68385196864196,47.50567264087371],[34.65512379740565,47.52735033744992],[34.64640880861748,47.540111436343096],[34.636766681442936,47.54448952725491],[34.62434319003739,47.544364445898026],[34.60335589602053,47.536840274724966],[34.58838238402282,47.52203412681274],[34.57956837334416,47.52054704405751],[34.57259061489083,47.52302549189841],[34.55594192431926,47.528395059912526],[34.54210395187491,47.53153393712108],[34.53353477109118,47.529055891280365],[34.529372606853684,47.52500816397614],[34.519343116079796,47.511954181849404],[34.51028427550824,47.508235681668396],[34.50687553651713,47.50255219543811],[34.50050985840258,47.49899833227812],[34.47676100003466,47.49800651322519],[34.46267834868965,47.49805369007524],[34.43674273859153,47.496317965101156],[34.42328273183051,47.49702897560809],[34.399069030708574,47.50234754079037],[34.389156331751735,47.511488483891696],[34.38457507544186,47.51239313851775],[34.38045482569703,47.50891663128044],[34.371634542817674,47.506764629373635],[34.37309313099115,47.50331141493092],[34.376809925646256,47.50393380460798],[34.388021332742596,47.50441018586059],[34.382804216883756,47.500390985470546],[34.37642154598953,47.49617138864929],[34.37177022917484,47.486833202220765],[34.361930270095655,47.484049382219325],[34.35160014566918,47.482243687428365],[34.34257439815519,47.47071142656364],[34.340076752548555,47.46733904412221],[34.34331413636093,47.45118589861866],[34.342092098652415,47.44956741781709],[34.33591213446482,47.44603674900367],[34.33222891809547,47.441690317172856],[34.32642160344446,47.43638054723061],[34.310871975729924,47.43186994470827],[34.307155701247495,47.42941769483838],[34.29984733498634,47.42749622028484],[34.29571945938545,47.427175966309676],[34.29213294837734,47.42584918626508],[34.28421555159511,47.43042415281633],[34.27830087805421,47.43535860096816],[34.26846303565884,47.436682095047956],[34.260431401116136,47.434788294674064],[34.25506324881289,47.432542720020336],[34.23473859482556,47.42302973858898],[34.2206354470849,47.41885538227643],[34.212273339043435,47.41264448924568],[34.204275470803026,47.41045166834226],[34.197742478411215,47.411068472720586],[34.182389103210795,47.41338612851061],[34.16458444388263,47.41913346489247],[34.14895690552504,47.42367527587791],[34.14211795681044,47.42311915503245],[34.12635333060064,47.417928428907004],[34.1173092937768,47.41645491177687],[34.08934694605534,47.42210095497842],[34.066239178516554,47.42249484230521],[34.04936670169454,47.41815487316683],[34.04280963526918,47.41048012267942],[34.04649807892329,47.40718854647946],[34.043585853072784,47.40508455797439],[34.04175550162148,47.40248346435814],[34.03636674852174,47.3816740195513],[34.01619695046085,47.34422336216841],[34.02586887287026,47.33486275509611],[34.02755081705615,47.319339835725856],[34.00673667836219,47.297970559646245],[34.00797121988077,47.29145060296415],[33.997879516271524,47.275344723941885],[33.992413183232856,47.25666716962513],[33.98515150833205,47.23273826911313],[33.98085859141233,47.22528029744697],[33.968512519490105,47.21129377371071],[33.94435890565359,47.19456264314721],[33.9340559176255,47.18500004728239],[33.927874124808056,47.17543572850491],[33.90471386229308,47.16016960409712],[33.88634018982836,47.15235132739426],[33.87093695244471,47.147891529339574],[33.85757508716691,47.14188565274216],[33.851977253791404,47.13543956180783],[33.849359340463195,47.11809289134658],[33.844402503879564,47.10255540261116],[33.83710263253451,47.09108305452963],[33.828176260896356,47.08310355817483],[33.82578632133553,47.0772182351194],[33.818547680802226,47.07157958070533],[33.81207781714724,47.065590648515695],[33.80892362370881,47.059488024639506],[33.79829898412922,47.053836824973416],[33.790534592490985,47.046190849070484],[33.78132895229945,47.04542005105182],[33.7708658780256,47.04109521173024],[33.756252439506085,47.027124124981555],[33.721404625037735,47.01168461022735],[33.69896482207969,46.99449197267896],[33.69960619277796,46.986768053407076],[33.698751025323816,46.973357849852135],[33.699776408364585,46.954076273407],[33.69503872346894,46.94576543065],[33.69684354892573,46.93622176167372],[33.69481311254128,46.9305255303625],[33.68973551204587,46.92307694320414],[33.68773517817516,46.91598862058896],[33.68830839507612,46.90469868012451],[33.6813908994786,46.899385021067104],[33.673954607938924,46.899266932872024],[33.6632953970302,46.90377675358454],[33.6507096710252,46.90276577491886],[33.63596929767584,46.89639402495098],[33.636216084148316,46.87953957372292],[33.63967098179532,46.8625111969956],[33.63641045188709,46.83983353796458],[33.628526511232366,46.83624125630473],[33.61799560117538,46.82801336674666],[33.59799030825715,46.8268456844425],[33.57772641240521,46.81975866965831],[33.552711263980655,46.81749751937011],[33.514182815394946,46.821038180054984],[33.49555521748073,46.82123414731703],[33.47538969403499,46.82093887402371],[33.46030610375675,46.815550721485295],[33.450562463796814,46.8026137854217],[33.408432797784485,46.77865033370105],[33.39448344439862,46.78137962963592],[33.36831773337954,46.7704734700103],[33.33622530390582,46.757490168608456],[33.295608252526534,46.74993390732584],[33.25533228185927,46.75340716605186],[33.24446909228766,46.76181590981156],[33.20299145938267,46.76780754712394],[33.163230529455035,46.76269635330931],[33.10523426297712,46.746804267631944],[33.08308367834829,46.73876459823674],[33.073339155466186,46.738639382351664],[33.06177094900133,46.731875224402245],[33.05448031602671,46.731548572576145],[33.04947705600651,46.737732241443155],[33.04430975467312,46.73854730853628],[33.04299742417584,46.73725443776391],[33.040850177185035,46.72919974831953],[33.02528415768842,46.72418013852163],[33.022195312167355,46.71774098995115],[33.00221322317509,46.71589151122416],[32.968602797817084,46.71128035684788],[32.94253852835362,46.71339597787133],[32.93279364780324,46.71755810038874],[32.92242778655836,46.718101573151614],[32.909336283127715,46.71251554918007],[32.89183157078716,46.69754846834843],[32.890988154196066,46.69370365018844],[32.88552958763148,46.68944848313129],[32.88065104336815,46.68650996116679],[32.8764939191494,46.68729790115725],[32.85187550168115,46.66632513907717],[32.81829222611887,46.64609284503791],[32.80260589895772,46.63973552522839],[32.79831530629764,46.63250806141289],[32.781378184342884,46.628163234367776],[32.769829339554434,46.6371001722778],[32.75051422912452,46.630468725407184],[32.7101899925689,46.631351401133884],[32.683467565948575,46.621586723303324],[32.67899968859524,46.61397879093161],[32.689340461044196,46.606501105866556],[32.691937126966536,46.60123016891737],[32.66556776195469,46.58344285689003],[32.58171656965163,46.55517299140459],[32.56183931185362,46.54338127678474],[32.53400751208335,46.53725971602057],[32.51931031516756,46.541050814060384],[32.510923327808314,46.540995872501014],[32.488849794384066,46.527973900591775],[32.47177957245012,46.513067378142466],[32.45284229499953,46.50370525011547],[32.4376391286082,46.50324628081171],[32.42830385099998,46.48561892830486],[32.41326612335814,46.48278335349539],[32.40444997966446,46.47515642758589],[32.38048713803093,46.46671087497245],[32.36324741251502,46.462913462167734],[32.33661473574071,46.46375652197787],[32.30719243631603,46.465919766736704],[32.283833601870526,46.47134548820361],[32.26682372533142,46.47609147756546],[32.23536894064404,46.47957160430076],[32.212842351939486,46.479413423853714],[32.17151143910556,46.48653119728462],[32.1345035020114,46.49554570681045],[32.105770633165974,46.49807582447983],[32.081321455117774,46.4974584179069],[32.05860357327407,46.49282535958619],[32.029576011486256,46.48838723115085],[31.998129486214708,46.48908071437657],[31.976805443952117,46.49172910406844],[31.947612835061875,46.49837088432588],[31.90557704173665,46.51169884779725],[31.90457298278963,46.52015019034698],[31.912357369420533,46.52324331542496],[31.908037481813466,46.52515466177016],[31.897681512714627,46.52307864599331],[31.89231723203713,46.51848206100493],[31.875360803779074,46.51472879652144],[31.807093491761265,46.52854137506225],[31.776875239272385,46.53610677510798],[31.771460420472664,46.54126985664794],[31.754615486419624,46.54612189494651],[31.72255496860774,46.54409513441723],[31.702278981511995,46.54408841840598],[31.673419379323292,46.53791983549834],[31.65649114015295,46.53651778775219],[31.63816421072366,46.539548236791205],[31.611161016358466,46.53819473660434],[31.580471884167224,46.53695583520607],[31.567316918255074,46.540132103641724],[31.55609686342129,46.54415856660083],[31.54307184324469,46.54966091638349],[31.535460180028565,46.55399698422184],[31.530946685773046,46.556811843818394],[31.52611718390932,46.56080352730791],[31.522312121835796,46.56449305759213],[31.51786766388014,46.57150287145839],[31.515815330991018,46.5739894511741],[31.514218667813992,46.57583334391592],[31.513650701586187,46.57678018245133],[31.51338840296205,46.577334753122784],[31.513324536443974,46.57790545331889],[31.513528909329864,46.578511266956525],[31.51377160213289,46.57927510928715],[31.513462398833326,46.579568515716204],[31.513448383695874,46.57910611742892],[31.51322414149027,46.578239110011],[31.512495354344395,46.5771408807158],[31.5119456062867,46.57700414873102],[31.516908854290534,46.571267471594524],[31.518915102585282,46.567569901368785],[31.523206846374336,46.56130525668496],[31.531424837795868,46.55352901255327],[31.5494787612312,46.53947024421032],[31.566488242810834,46.52930872200187],[31.62422460653491,46.49588771982985],[31.659225752066845,46.4680650216406],[31.7056600273026,46.42936710666393],[31.727948881891223,46.42040493752623],[31.73296872109111,46.414840227671675],[31.747232031760262,46.39238864226709],[31.754103347345563,46.38287981856871],[31.769405268998185,46.37015810122213],[31.777829451766905,46.36918487468134],[31.774089001813365,46.376655270581665],[31.76286767557255,46.39194860585167],[31.737719055742673,46.41310325305494],[31.73230186376378,46.42394404976571],[31.694753421236527,46.44707567399112],[31.697287704589286,46.46249406360536],[31.70029244959821,46.46703949359329],[31.70478166746875,46.47325892769388],[31.712275645262224,46.47841633558065],[31.72400534185539,46.482676437417155],[31.73800702543909,46.48648782407051],[31.74973672203089,46.48816923291375],[31.767565704323175,46.487160396412946],[31.80324353145801,46.47987378178354],[31.829480012861467,46.47348025408837],[31.857012306484847,46.46809171377899],[31.89263520739081,46.45771009612156],[31.95203030194017,46.44005536854419],[31.971504103431812,46.43804370698473],[31.990328788112237,46.44720734489758],[31.995206263271,46.45188957239472],[32.00211887048587,46.452996401532005],[32.009513737562145,46.45266435616588],[32.01851620619328,46.44856896015139],[32.028322446168886,46.441816425956176],[32.03544310480683,46.42664288859774],[32.037294010572566,46.4152653075443],[32.042415524398365,46.41065413446526],[32.049550945510106,46.40534562569866],[32.057500199858026,46.39937175221084],[32.06102171961052,46.39490306150893],[32.05982440289381,46.39140557003827],[32.05806364301901,46.38810217784115],[32.05334480655122,46.386450406769825],[32.05172490746472,46.382758031875085],[32.04207594334605,46.379162584776225],[32.0367936637187,46.378725284520215],[32.03446946068152,46.38081457635943],[32.02996191539944,46.38134903352312],[32.02889288857179,46.38339835731682],[32.02656868553595,46.38417571103591],[32.02466706488039,46.38398137364911],[32.02383663864728,46.38226274308343],[32.01897243898446,46.37771027970268],[32.00779912191652,46.36015592025359],[31.984061101740764,46.35015990523138],[31.960824170367005,46.34389763827119],[31.95450403918329,46.3440618920516],[31.943953521561298,46.34191993123625],[31.93115856468961,46.33944019862298],[31.919657485342043,46.33760326325606],[31.909798762106107,46.33919516549548],[31.906392454409428,46.33917299722208],[31.887569063956192,46.334810101189134],[31.876321892312745,46.33320004697282],[31.863018405009512,46.332844475337794],[31.855357075557293,46.33343624077517],[31.84796753812833,46.33384947519755],[31.839645389566385,46.33469511677413],[31.83210834935886,46.33376274198915],[31.822629423927367,46.33226407230083],[31.804097436640745,46.32811277034088],[31.788478568120695,46.322845376866326],[31.780726533363207,46.321253769844134],[31.783659735704305,46.317202197581764],[31.782350771889924,46.314841308268655],[31.779972187004688,46.31250015851447],[31.776617811033958,46.31095435345719],[31.770227360307274,46.311416099652746],[31.767149613671677,46.30682118159902],[31.765093232365928,46.307671158601806],[31.76223893050434,46.307876544742584],[31.762595718236895,46.305781569948664],[31.762902079271726,46.30416907019074],[31.762902079271726,46.30293665832329],[31.761118140607806,46.30256692935285],[31.761296534474695,46.30088257689218],[31.76016670665399,46.29911600522502],[31.757193475548632,46.29751371651494],[31.757193475548632,46.29554160450692],[31.759869383543332,46.29554160450692],[31.759453131188877,46.2966920118094],[31.76028563589776,46.29759588630739],[31.761653322207252,46.29759588630739],[31.76361565473684,46.29730829149452],[31.763540052354642,46.297705985329486],[31.76318080471043,46.297948612586566],[31.763205891066093,46.298423927878304],[31.76341234744632,46.29922125677837],[31.7638209470731,46.29984108216911],[31.764459367547346,46.29998780398486],[31.765359923463734,46.29987850227013],[31.76610520082022,46.29960003190865],[31.76637913604182,46.29942991165342],[31.76653113943064,46.29916282063522],[31.766636731457822,46.299018738050506],[31.76666500585037,46.29870038183617],[31.766006873403825,46.29830712454745],[31.765521915957606,46.298091236802435],[31.76513803040902,46.29801387828482],[31.76513803041118,46.297925468415144],[31.76565787542276,46.297892314677654],[31.765870913939864,46.297737986566176],[31.765873977003196,46.2975148390733],[31.769153337234002,46.29711660089612],[31.772808696194147,46.29598387731198],[31.774169014548278,46.295055748165794],[31.77483073234231,46.293807026572324],[31.77513938941351,46.29313784290824],[31.775183347528042,46.29212665705097],[31.774409039643928,46.29059287540329],[31.77212993339444,46.289024102801505],[31.774460660170348,46.287667870416186],[31.776164137514883,46.28609829115027],[31.776680342771016,46.284778382866506],[31.775338209105286,46.28231684732995],[31.782203739010043,46.277964296447976],[31.783489760587713,46.27511937207527],[31.783290994806464,46.27260381817629],[31.782269019661612,46.27104099090954],[31.778301611653973,46.267243604584564],[31.77920505207345,46.26461136006503],[31.784980055137424,46.265087867338394],[31.784106179386356,46.268650831568834],[31.787156625727505,46.27049591832409],[31.78858652245023,46.27280218942519],[31.792113601032298,46.274581246537224],[31.795640679614593,46.27464713643084],[31.797165902784855,46.272999865289506],[31.803552774811465,46.27339521487929],[31.807365832737872,46.274976584719695],[31.8113695435608,46.2712866507768],[31.816326518862894,46.26753057002648],[31.819853597433593,46.26884852241807],[31.82711879761149,46.273784897404624],[31.840655153250964,46.27154456128173],[31.847010949700717,46.268408882870006],[31.851395966316687,46.2683429854751],[31.856829573861518,46.27025397776973],[31.858164144136424,46.271835438248786],[31.860833284684475,46.272560259051374],[31.866648198022318,46.270451662825025],[31.87173157535173,46.26515251076913],[31.87504842794948,46.264702552216335],[31.876425306218437,46.268509916172064],[31.88840414716816,46.276028683101714],[31.891433279363213,46.280501384172794],[31.89611466548027,46.29372702319452],[31.89283123120572,46.29834300007769],[31.890509353543393,46.298768600643484],[31.89041458302688,46.2993742572844],[31.8897038041504,46.29970163646303],[31.888661328465304,46.29883407736045],[31.88740561911797,46.298408477304065],[31.885616237804754,46.298298453025524],[31.883631401296242,46.29924828456194],[31.88231336724334,46.30134266831112],[31.881522546811283,46.303406620290815],[31.879853037012396,46.303436971945814],[31.87825517791981,46.30476565555779],[31.877771898767236,46.30658667983417],[31.879221736224792,46.30749716925618],[31.88200138549658,46.30756765072218],[31.89197870783559,46.306058826933],[31.965347611897613,46.25966900931837],[32.02495458994082,46.24713189971368],[32.04355018424221,46.25050924033525],[32.05342219230724,46.254334980671416],[32.05906333977359,46.253584856540954],[32.062534815137155,46.25080930804549],[32.064053585608406,46.24660821071109],[32.07014735326953,46.24218080922756],[32.074271642035,46.24315617135812],[32.07080016667143,46.24480674469012],[32.06646082246698,46.247207489977285],[32.06700324049268,46.248632882779816],[32.07025990079171,46.24968240439139],[32.0776367859398,46.24848209903965],[32.08027544973751,46.246297193063015],[32.082488284122206,46.23975821818564],[32.08369528470831,46.22806959846028],[32.090736121409435,46.22111090475511],[32.12540338799704,46.203553523330186],[32.139633286648206,46.20106247514735],[32.154516482243395,46.20066113200488],[32.16611377751215,46.19771785937908],[32.191942586171336,46.176541737431705],[32.195704814326376,46.17568759569062],[32.20076223578218,46.173936563644816],[32.20477116742313,46.17389385484981],[32.20366100173837,46.17457719159273],[32.20045385642507,46.174748024451986],[32.192627216471266,46.17845341791201],[32.19284934056853,46.181644715895345],[32.19673651226566,46.182951941107746],[32.20222153620392,46.1817272550156],[32.23414985064247,46.165572806111925],[32.237699705996334,46.15283158625115],[32.23705427774934,46.14388861762919],[32.2242423508408,46.13504049964541],[32.08592251501179,46.16557951946055],[32.08553210308813,46.163099626689956],[32.22349790715654,46.13236204748026],[32.542912651736714,46.06475160935247],[32.57925638841027,46.06182125936189],[32.65980443959842,46.04794882258639],[32.78101591304457,46.02607632571741],[32.811727049480936,46.023640910096844],[32.87535648599311,46.0158700383177],[32.92215535298777,46.01099804244657],[32.959243167753016,46.01213754284137],[33.017834615510566,46.00650396492483],[33.0451480845594,46.00796850661976],[33.05839326541721,46.011785466063884],[33.061979463291124,46.01280414539235],[33.068473334916604,46.01304135553764],[33.0762455647307,46.01256407518471],[33.08030184609012,46.01303615757533],[33.08422941766975,46.01530514387562],[33.084031941971034,46.016675627274736],[33.08113563170852,46.017056310847465],[33.07775660239932,46.01723903814343],[33.075938380978016,46.01443715349092],[33.07104537130493,46.013858485431996],[33.06798507251372,46.014396826555526],[33.062699223624236,46.01877059678671],[33.047675767737445,46.02255960693921],[33.040015215851724,46.02635378353881],[33.033466513333224,46.02839600614996],[33.02775014412708,46.02816936100501],[33.018317737462866,46.02551500890357],[33.001347852236506,46.031322635403825],[32.98126024708549,46.030335855341576],[32.96571770204082,46.03437412598802],[32.94172837679605,46.046290108126044],[32.93084509001932,46.036829485025294],[32.91875181106374,46.036386768693376],[32.896628691181235,46.042584569136864],[32.87601826742667,46.055568186948676],[32.86431856041608,46.061026292571],[32.80752173789759,46.037419788214635],[32.776285864991905,46.03209311561773],[32.54407564056959,46.07542292556687],[32.55787390157539,46.08170707943515],[32.59143791411066,46.09423337537007],[32.64221421450344,46.104371635834724],[32.67905589690852,46.09792289741711],[32.711876252457216,46.10589734888703],[32.735745598399205,46.107373963571206],[32.74490195988483,46.116002563358876],[32.7681636022665,46.12025234506879],[32.80142809385805,46.1127193934241],[32.82787139537038,46.10988753762288],[32.87354903916068,46.11296989848168],[32.92942163666211,46.10319163962478],[32.95190373453036,46.1063939837872],[32.96525109533087,46.1109150041257],[32.98904749928687,46.106479892963904],[33.038134532379274,46.110195212179406],[33.13645416330863,46.12324890654111],[33.20316449692305,46.10656046032369],[33.27605167557988,46.08943884230084],[33.28531699969301,46.074024852284424],[33.31620145110466,46.074024852284424],[33.360325089970814,46.07984793167569],[33.42241026977905,46.02731255056901],[33.45631451586678,46.03845475516468],[33.498848683602546,46.028028018793606],[33.509718534187215,46.02853697251098],[33.515223689690316,46.02903871769985],[33.51866265465836,46.030623886980464],[33.518665235332605,46.03150310465969],[33.515417170183696,46.03246077564788],[33.51159291642199,46.03327970377768],[33.50873274860413,46.03486699827366],[33.50454164839664,46.04033699555066],[33.50156885313032,46.0455657863169],[33.499616506343216,46.048191177195406],[33.494175031356406,46.051449044535616],[33.49294028045739,46.0526318522428],[33.49208781913029,46.05398297384886],[33.491330307621666,46.05651611147843],[33.49178936180877,46.05716026072599],[33.49094368943264,46.059376899671975],[33.490774189321655,46.061152749273504],[33.49162512377717,46.06572867585655],[33.49369830840962,46.07053189010222],[33.497228523658066,46.07422731506878],[33.50372090248726,46.07845688334325],[33.51065527483419,46.08053521123645],[33.519804723549356,46.08080207345688],[33.53242609662391,46.07837805646989],[33.55279337936142,46.07294430146757],[33.56946883941913,46.07449685749316],[33.59070741938402,46.0608897365436],[33.615414039524865,46.05643858084153],[33.624930556716805,46.070801763976874],[33.6310624163346,46.07453550214038],[33.63593431143539,46.0787356536386],[33.640374937107254,46.08435928230335],[33.63221993080296,46.099144766432744],[33.617912087122335,46.11695441929433],[33.61405485605522,46.13477587161378],[33.63907717007865,46.1410734337166],[33.6412811941114,46.14241022998857],[33.635518973192035,46.14653140350711],[33.618558472364526,46.21378591231229],[33.61395275483241,46.21357979636784],[33.61355540175248,46.2139504970246],[33.61371731390054,46.214594711345796],[33.617927563316954,46.216008337264384],[33.61520521543483,46.22625868554573],[33.621157733961894,46.227013615369344],[33.621588285126535,46.227784532668835],[33.622275941405434,46.2277308971008],[33.62280779872614,46.227205272330394],[33.64667001305892,46.22950055164756],[33.65146232390606,46.22668435546643],[33.66629242300431,46.22087289073173],[33.67099427074601,46.211738381284306],[33.738314801528475,46.18550042177148],[33.766451824146515,46.195079908355666]]],"type":"Polygon"}},{"type":"Feature","geometry":{"type":"Polygon","coordinates":[[[34.35565614713235,50.43318168878582],[34.3360524775087,50.42953321241089],[34.328196321585494,50.42276978156474],[34.280768639860526,50.41600538471897],[34.24615908809136,50.42344616811829],[34.21877524832996,50.44125319360404],[34.23295349954208,50.443064877171366],[34.28203901578658,50.44710487412317],[34.30201120382941,50.459729125406625],[34.31197685288683,50.46809522779395],[34.30199075886787,50.47159562886276],[34.29240520078204,50.467379143708115],[34.28116242550672,50.46265727664294],[34.2718900335245,50.45468805683802],[34.257054206357594,50.4542452830359],[34.2236735952265,50.453876301701655],[34.201651664273214,50.44996492262584],[34.17215165350103,50.437276213812964],[34.1787582327874,50.43181303758439],[34.203233695324315,50.43830971677474],[34.224504281778565,50.41840579979967],[34.225895140576625,50.40895181705511],[34.191433515686924,50.3816246594227],[34.2119126429735,50.38334941135167],[34.235236344847635,50.403985531093156],[34.25279042063971,50.41082111310956],[34.283723245847796,50.40370956110786],[34.3497701453706,50.41492262805659],[34.36303717314658,50.42119583221489],[34.35565614713235,50.43318168878582]]]},"id":"1bea946c-d720-4842-bb4f-3c1576f9a3ec","properties":{}},{"id":"22b8b8e8-394b-4625-b388-19cbdd597de5","type":"Feature","properties":{},"geometry":{"coordinates":[[[38.6475150979779,49.955926742044],[38.667303681185786,49.97238415467902],[38.6694010805069,49.972358759127786],[38.674741804914134,49.972699538838015],[38.6776268207978,49.97316361801842],[38.67977974925901,49.97408562981073],[38.680081431563906,49.974951684362736],[38.679807534863414,49.97769260325168],[38.68029520524573,49.97851051457667],[38.67787149199651,49.998804641116436],[38.68012874640414,50.00614723745559],[38.684907291974326,50.00804268490296],[38.68696758752151,50.00766543883475],[38.688065874999154,50.0059665135102],[38.69052447548631,50.00545980463232],[38.69161711466117,50.004299151954314],[38.69154498055639,50.003789494146304],[38.69231441137282,50.00273927307947],[38.69337237860671,50.00220643158934],[38.69469483682397,50.00188209039888],[38.69694301678342,50.001550024650385],[38.7008617504537,49.99808963381216],[38.701058003093436,49.99738835684738],[38.70085106206375,49.99708624916323],[38.7024057389651,49.996724388780194],[38.702756534015464,49.99517886444457],[38.702591235070855,49.99466361174359],[38.70259881351387,49.99362278428089],[38.70310796012791,49.99293753505191],[38.70925235952268,49.99125223765651],[38.71095589472952,49.98968063587597],[38.71391671541764,49.988147241739625],[38.71442579863617,49.98762758317284],[38.714276025801524,49.98730680338022],[38.71428601096201,49.98640860875611],[38.71447572352412,49.98589534740594],[38.71598139277697,49.98540854512527],[38.71794709399907,49.98350448710707],[38.71071612179426,49.98037764782558],[38.68610217614244,49.962181158757204],[38.691835352715714,49.94017418251349],[38.69425158787823,49.93503166931805],[38.7243479603338,49.92728241692777],[38.733795859054055,49.905426254138604],[38.744941700436726,49.897399292099266],[38.76866646537306,49.89633653753384],[38.78135485334326,49.88220645324972],[38.79115449811607,49.87850828765821],[38.79538911259857,49.883364406875614],[38.823739067070335,49.87848620493344],[38.82702707207682,49.87736130622196],[38.82795182304275,49.87641835612342],[38.82923619860307,49.876137121574715],[38.8307356162378,49.875449275283216],[38.831251880175216,49.87505213504363],[38.831162763117334,49.87435041837887],[38.83273452262716,49.87349231731517],[38.83446044035989,49.87121739598663],[38.8360258064952,49.868296033489656],[38.837540553929045,49.867975420932964],[38.84169774071279,49.865607660349525],[38.84443273423241,49.86655196003517],[38.84518253357453,49.867383210511946],[38.84706758522944,49.86721856919533],[38.84792714875795,49.86441957835598],[38.849460750897094,49.864728298546794],[38.851627895859,49.864758415774844],[38.85156945383898,49.86604548268437],[38.85463665811844,49.86730089039264],[38.85502005865325,49.868144670419156],[38.85639391154467,49.86894727691512],[38.86263149211831,49.86614884701848],[38.86834829246138,49.86618794060797],[38.87024661151554,49.86693784727538],[38.87198966841561,49.86536697394115],[38.875185660673566,49.866922937483594],[38.87515141822061,49.86806995654402],[38.876723457154725,49.8691589385121],[38.879348003015195,49.869704753846065],[38.88156328017075,49.86903355630963],[38.887452856390865,49.86907516257591],[38.888418279578474,49.869407121822945],[38.888841706874615,49.86970172699574],[38.88941515315628,49.869743805908],[38.88969824710858,49.87014121608803],[38.89010415446563,49.87021602248063],[38.891454431217,49.87011834480336],[38.89209264793169,49.86955893483068],[38.89261737373448,49.86942520576133],[38.89349461755535,49.869512134647096],[38.89393324101107,49.86970772481445],[38.89416942180151,49.870066304978906],[38.894827355440356,49.870403150187656],[38.89639627411577,49.87054440730944],[38.89761219452163,49.870219438333265],[38.898540048622465,49.87024117021181],[38.9012223934555,49.86936101794362],[38.90123926406281,49.86862211213122],[38.9015890586914,49.867763904493074],[38.902398723359,49.86703413586409],[38.90283744662483,49.86631863341688],[38.90285431568796,49.865677484455716],[38.905840322199936,49.86371051666009],[38.90680191751764,49.86284111286716],[38.90815533605891,49.860217484818776],[38.911088757428075,49.85911888069228],[38.91315573427613,49.85990808531295],[38.91405467992368,49.85972325542639],[38.916349861788206,49.85985879760037],[38.91726793453404,49.8595507472707],[38.918434652565196,49.8585649722267],[38.91822425972708,49.85787491795526],[38.91579337363768,49.85593300420919],[38.91156034448409,49.85641622778675],[38.910702366474965,49.854990797706705],[38.91157060952628,49.85343685724385],[38.909014117571985,49.85085720677969],[38.905782322521475,49.85039099015546],[38.90447993297008,49.84922236561104],[38.904720504661924,49.847657803954775],[38.90643803451562,49.84500773559728],[38.911203101198225,49.84450809441552],[38.91207774037943,49.843911284170076],[38.913724112532975,49.836483695364194],[38.91303161148545,49.83517145189538],[38.91136750347164,49.834953290224405],[38.91097263104055,49.83400791147332],[38.911762375902754,49.8329534291876],[38.91303161148545,49.83262617130353],[38.91384956502665,49.83222618588272],[38.91413900881835,49.83139659191448],[38.913748087428786,49.829831839216496],[38.90696792231623,49.82787647379919],[38.90959864322582,49.819006673746],[38.91234255476283,49.81828151229462],[38.91803029009435,49.81499208108903],[38.91853692314382,49.81414475985679],[38.916000826386835,49.81270403846628],[38.91926906375781,49.80947690743045],[38.92025036908825,49.80689951901914],[38.92050444176681,49.805303199908025],[38.9217121050454,49.80434903913638],[38.92364437016258,49.80403747226251],[38.924590908108,49.8044373416065],[38.92720568713139,49.80450479994715],[38.928408484621,49.80356037076376],[38.9267041353402,49.801056651268],[38.929598127702974,49.798090328672885],[38.930040848033,49.79711567774271],[38.931758991723086,49.796878744263665],[38.93381070736751,49.797597854281435],[38.933394409492564,49.79872990750599],[38.93363839409304,49.79955500347333],[38.93718443942555,49.800241199957725],[38.93927660445112,49.800858767955134],[38.94321271356824,49.79969224354835],[38.94973727147891,49.79595223014536],[38.96534136616492,49.80485628417654],[38.96768458058335,49.80541480494085],[38.97155597730307,49.80722173836537],[38.98546644329164,49.808291452200905],[39.020703269162226,49.82137135673423],[39.03234167928457,49.822729175857575],[39.048746298840115,49.818226783577416],[39.067120909322625,49.81579450505197],[39.07034544023972,49.81951695403936],[39.11024448004176,49.8377781568517],[39.11852518770135,49.8460547537461],[39.130070162596496,49.861258658638576],[39.17979240869306,49.888662636462755],[39.18838264298287,49.88480434326053],[39.19523539054728,49.87335650217605],[39.20205119859102,49.87002016663757],[39.20873069871104,49.86027324092757],[39.22711554747886,49.83984129642002],[39.2281328708022,49.81609021480685],[39.230155577195745,49.81242967390702],[39.230416574074724,49.81095696299238],[39.22982496441236,49.809547575125094],[39.22771016472245,49.80737795893799],[39.23717614738521,49.79974720497597],[39.24377309948605,49.78621334325513],[39.24925859997873,49.781596601836924],[39.25076557362672,49.77644749824452],[39.25941202842222,49.7706394347004],[39.26532337110302,49.76796293689898],[39.273792990044626,49.76819271644186],[39.277586842988,49.764832663453376],[39.28535398930305,49.755499220865914],[39.30931013342564,49.752701968792906],[39.360280701484385,49.74118216561081],[39.37898993757932,49.73858989641761],[39.401534943000854,49.74845539233462],[39.41467140285695,49.75389936924827],[39.43437609261471,49.759289524667395],[39.44325207899229,49.760092262511364],[39.44915666332193,49.758845895681986],[39.478484153523794,49.75656679675893],[39.53534053197754,49.740718473748274],[39.56363100954144,49.73668992523969],[39.61066106632913,49.73376070117237],[39.59105461679931,49.719202339426516],[39.59158452084043,49.71800322093404],[39.6133423414623,49.691379883203325],[39.63396159997501,49.64565114096186],[39.638635298569994,49.634968980065196],[39.65884705234146,49.615567598366056],[39.68695011104441,49.61155088814186],[39.697695398195094,49.60431997553653],[39.71422660919623,49.60565911434696],[39.749768712849715,49.59708799034823],[39.80680139080562,49.557695030320104],[39.83945053253339,49.56412870603057],[39.86466062931058,49.56171617697649],[39.892350407738064,49.55823120233947],[39.93367843524189,49.572973626061696],[39.95315655043376,49.59789159722578],[40.05748761533559,49.606936473844854],[40.06495075475351,49.59891191716645],[40.13550249702098,49.61706138249218],[40.13953168008905,49.595937609146006],[40.16930927769053,49.56887210540032],[40.12647235493489,49.55386616098059],[40.03898545025649,49.5205022822837],[40.0378526811993,49.51725430623307],[40.04210056516584,49.499478542188314],[40.029928883162,49.45465925949463],[40.05921127140155,49.437690340828055],[40.08755373639244,49.40381317429669],[40.11281472420387,49.386911330843304],[40.116145905042515,49.385014485903156],[40.13027428437092,49.38209160919706],[40.14230560152541,49.37857196032661],[40.143415081248975,49.37851639600345],[40.14623145285219,49.37704391854422],[40.145890074475574,49.37673830448611],[40.14644481433649,49.376543821823844],[40.146914209603665,49.37668273808987],[40.15579004738538,49.37251507931177],[40.15536332441508,49.372126079795436],[40.15468056766349,49.372126079795436],[40.154125827800925,49.37137585774968],[40.15694219940576,49.37045890414498],[40.158478402097984,49.37123692648473],[40.162190891938735,49.36804139901909],[40.16116675681059,49.36754121070274],[40.161465462890334,49.36720774899803],[40.16052667235428,49.36670755219973],[40.16086805073087,49.366429662890795],[40.16027063857311,49.36634629579217],[40.159161158849514,49.367068805953465],[40.15864909128544,49.3668464962652],[40.16418733207195,49.36175706050324],[40.166038636057294,49.358888349821],[40.19704175534712,49.34434372339067],[40.18756666374594,49.30882002707702],[40.18641066109444,49.30696113597469],[40.18427794616747,49.304701450896204],[40.1856997561182,49.303774370628446],[40.18401135680264,49.30145659364746],[40.18321158870481,49.298964861804336],[40.18415424819611,49.29614652560343],[40.18577679905974,49.280973938177624],[40.22737781618409,49.2605277002429],[40.22146885974331,49.25007171774769],[40.20853481062872,49.242271141034564],[40.188084199695226,49.23836941587473],[40.176976309455625,49.23744108821262],[40.13718877722971,49.2398208623479],[40.12324229504486,49.23091739061144],[40.1083866953511,49.21134236580767],[40.094159184749145,49.20354476836965],[40.07734217082512,49.1869783774805],[40.0310791903639,49.17983934871481],[40.00250419875303,49.151964587001004],[39.97152346741936,49.12358812027125],[39.94529361050124,49.08923771806553],[39.93811860166011,49.08274903040336],[39.94325551322922,49.071093173856696],[39.93798465819822,49.05636946708145],[39.92189182296133,49.057239649036234],[39.910149611342234,49.05736856456821],[39.89644200266875,49.060358224543194],[39.880382492519885,49.06426500578479],[39.85603159828693,49.06170715369001],[39.84010454583924,49.06079324011907],[39.817238643191985,49.058051434605744],[39.81576756696015,49.058191056651935],[39.813012305020436,49.0592325306182],[39.811279523975855,49.06037763416683],[39.80530702063572,49.05995131603112],[39.804599378440884,49.05978449483973],[39.80406670638973,49.05918612410096],[39.80246045018583,49.05864529886969],[39.80190411805401,49.05859765484183],[39.79824103918122,49.05670415710969],[39.7883978816125,49.04998578010242],[39.77737962718197,49.04421117045757],[39.7663990988423,49.04003455971775],[39.757955264281435,49.041262526067726],[39.74189172032192,49.04190200989822],[39.72313697709919,49.044837372916334],[39.70788076770074,49.04834531400118],[39.69306241183028,49.05050000752823],[39.683508406460106,49.04630122232919],[39.67266793756377,49.040429414063055],[39.67797377720126,49.01364086679223],[39.674503947095644,49.006059310585584],[39.67084135159149,49.0031527407933],[39.66386912745244,49.00087362996453],[39.67579634280216,48.98998825139043],[39.678191362150244,48.98916557204541],[39.69875106411695,49.00068834899355],[39.72709468776745,48.977805002036604],[39.7456018726906,48.98728757944224],[39.796391494295534,48.91200135464564],[39.824383454391665,48.90240160873748],[39.824304933668714,48.90091860576197],[39.823715083664865,48.90032193434507],[39.819066399361674,48.89844602039247],[39.81829706985178,48.89725368877447],[39.8182591908714,48.89655687403297],[39.818619045520876,48.89578538862867],[39.82185934385359,48.894311890353464],[39.82311446109827,48.89278629124709],[39.82474611696267,48.89212655791317],[39.825750211332775,48.89060089164795],[39.82716222038778,48.88936383102421],[39.82685427421973,48.886549445875374],[39.831163613850606,48.88708490416079],[39.832777620762414,48.88827130554151],[39.83435277813604,48.89155241651733],[39.835722125021846,48.89290429914834],[39.83615982219311,48.89498922789838],[39.83547592083181,48.89693029042425],[39.83464118030483,48.897540163170135],[39.83371829125244,48.90110215227875],[39.837139463717534,48.902905151127015],[39.83940110201712,48.903105091829644],[39.840379524946286,48.90264897592593],[39.84106376707612,48.901468028749264],[39.84173857140945,48.90106813357798],[39.84222786532558,48.90095584573845],[39.843022625555164,48.90112436904295],[39.843802569846275,48.90151176721747],[39.844052094282915,48.90190673389043],[39.845396749382104,48.90286722134067],[39.85242301812718,48.89055699204937],[39.87179501675021,48.891728069644415],[39.871310773223485,48.892475581464595],[39.87543181620566,48.89314113747716],[39.876178672440574,48.8920283828362],[39.924959094031436,48.895836406059175],[39.926324616739635,48.89450559979204],[39.92728417708432,48.894066738348755],[39.92788911730119,48.8932781495123],[39.92863997979947,48.89267581264991],[39.92917842335743,48.89269663684138],[39.93094156206092,48.89212049767531],[39.931173831838635,48.89138469583705],[39.93217681493394,48.89112091518132],[39.93249354643834,48.89069747490291],[39.93463676294843,48.8901907301842],[39.936711353614726,48.88933009771506],[39.93728742561643,48.88837506105],[39.9419378379753,48.885103903209625],[39.94461638858331,48.879630876285034],[39.94863421449483,48.87654810321084],[39.96193130501058,48.872143812097164],[39.9933935586339,48.868252336829954],[40.003977580316814,48.90127043933006],[40.01746512976456,48.90219674552759],[40.01734637423425,48.902607566422745],[40.01792761907973,48.90298964099881],[40.01951151127443,48.90505279324097],[40.02018266637725,48.905309006869004],[40.02068438737285,48.905267994353096],[40.02105678279614,48.90539038306869],[40.021510639719,48.90591818097022],[40.021323127362905,48.90700712212856],[40.019584166881884,48.908873220628635],[40.019583201287446,48.909235355856055],[40.01975618581318,48.90944535098285],[40.022976338267966,48.90958267061933],[40.023734535163214,48.90977689805433],[40.02455168195323,48.91080935237508],[40.02509409835696,48.91166585658462],[40.02563429989246,48.9120046685876],[40.02835579847829,48.911649727947804],[40.02952798326319,48.911990586985695],[40.027582212683626,48.91285199917843],[40.02726228091231,48.91310653751265],[40.027296964152356,48.91347503792878],[40.02755130791337,48.9138473345586],[40.02815248407646,48.914109460112485],[40.029117449306085,48.91414187188019],[40.029518040447016,48.9144536802587],[40.029232691860074,48.91491359748679],[40.02924849690004,48.91506939836836],[40.02993865031351,48.91472663578733],[40.03231294686924,48.91474952549959],[40.03298460124637,48.91489804877406],[40.03428331002311,48.9157283828967],[40.035136097296004,48.91589548087234],[40.03626274947163,48.91554842654844],[40.03659917593916,48.915203936873695],[40.03658352819653,48.91490057832729],[40.03610627204546,48.914227012935186],[40.03597812093426,48.91364599121897],[40.03625978030135,48.91328092101881],[40.036754277704745,48.91306691828126],[40.03800096232345,48.91321737645623],[40.03842020698812,48.91414884005445],[40.03908758462498,48.91461603511664],[40.03987102793434,48.91488300175706],[40.04126381604573,48.9147685876552],[40.04256955490166,48.91442534377737],[40.04536963933518,48.914396740014126],[40.046022508762576,48.91405349358135],[40.04577586920084,48.913386063210424],[40.045079475145144,48.91281397293872],[40.044861852006505,48.91246118067704],[40.04589138637763,48.9116897481297],[40.04612790268433,48.911162588794866],[40.046811743313526,48.91082128395092],[40.04724364264774,48.910882110731734],[40.04782979175732,48.910743560744095],[40.048225699494,48.91031439126817],[40.04876557367396,48.910125150014636],[40.0508305197622,48.910270814187385],[40.05147170162269,48.91061996340616],[40.05213574549529,48.910585955609946],[40.05323961063522,48.91025721237884],[40.05405888554114,48.910177860240196],[40.05503322308374,48.91059600959804],[40.055882728977224,48.91062778422392],[40.05735937326102,48.91019408286792],[40.05956350703744,48.909104262810786],[40.06094532676627,48.908904892849534],[40.06105441956859,48.908125922247365],[40.06086693152673,48.90731259789678],[40.05900749863824,48.903019147679856],[40.06983965087727,48.88015382055278],[40.07259701850984,48.87623129779652],[40.075748210988024,48.875591412352975],[40.077217817008716,48.875045833726205],[40.07863120457429,48.87416603565683],[40.07933789835758,48.8732862221149],[40.07850500925633,48.87200797487225],[40.078429292065636,48.871061718864496],[40.079076488770085,48.87001821591801],[40.07906545505159,48.86940131243429],[39.9762766706061,48.79358608495511],[39.95967154282155,48.797716429311606],[39.94877092605029,48.797817562283825],[39.93848442853442,48.800042436085675],[39.88681810211753,48.820821140000646],[39.829854472653636,48.83379011420729],[39.82798739001839,48.83114532755624],[39.80719877657242,48.838656043465875],[39.80825822989931,48.839929957319924],[39.80690572434986,48.840516164539224],[39.80622575579201,48.841396931308225],[39.806398811171675,48.84180505571487],[39.805784134382435,48.84305631654357],[39.80505763197476,48.84360835630406],[39.804596150960094,48.84368428332553],[39.673802068280395,48.58924093102121],[39.63335191772896,48.581541832984556],[39.62501367750809,48.586138450514255],[39.62153941075073,48.58694281560176],[39.618238857329175,48.58050753642806],[39.612853743852924,48.575910406782896],[39.611464037150256,48.57384156204992],[39.59739325677617,48.57568053932641],[39.596872116763336,48.57970306891846],[39.60086752353533,48.58487442236779],[39.60642635034918,48.585793718700586],[39.60660006368681,48.58912602773199],[39.59982524350792,48.59291769831182],[39.5923521130818,48.59234322105701],[39.572896219233115,48.58131199113282],[39.56438426567459,48.58464459567034],[39.56872709912352,48.59142404386546],[39.56403683899936,48.59797281649341],[39.55882543886074,48.5991216364481],[39.54840263858506,48.59441130860097],[39.54927120527478,48.588666411962265],[39.54840263858506,48.58636827041582],[39.54023811170177,48.584299853666806],[39.529559132509235,48.586253360594355],[39.52851685248186,48.590734649998154],[39.53477053264788,48.59360706239221],[39.534944245985514,48.59624953757461],[39.526432292427046,48.598317465223175],[39.52452144570816,48.60429100293254],[39.529559132509235,48.610608399070685],[39.51282068659873,48.62278943435558],[39.51872694008793,48.62967857536668],[39.51577381334337,48.63415601272325],[39.510388699867065,48.63564840354866],[39.48328941914963,48.62898970358498],[39.479120299038385,48.62967857536668],[39.46713407872073,48.62818600795342],[39.46504951866595,48.63289318600522],[39.46782893207288,48.6353040095843],[39.46869749876268,48.638403470629214],[39.458622125162265,48.639780947746175],[39.45202101832095,48.64115838724868],[39.451499878308084,48.64930746797745],[39.45341072502529,48.65263558699101],[39.4537581517005,48.65458645118002],[39.44767818487202,48.65734048387813],[39.438645091300714,48.65596348633494],[39.421715676414806,48.65914803207119],[39.41509491463191,48.65729267587011],[39.41168421916717,48.65815409974135],[39.409176354856015,48.66040698488817],[39.41489428548627,48.66656877401002],[39.4149946000596,48.669152525901325],[39.40562345456806,48.67489750115817],[39.398802063640574,48.675361184601826],[39.390676583269425,48.68059388761037],[39.39228161642896,48.683839215087204],[39.39127847070512,48.68489886856756],[39.384758023493504,48.685958499752644],[39.37562939739843,48.6885412573624],[39.36571848483251,48.69337749880137],[39.356790487883416,48.698873167955185],[39.348464378368675,48.712576620562885],[39.35478419643374,48.71264281176039],[39.36120432907197,48.71482707243058],[39.366621315986436,48.7158198868415],[39.37264019033461,48.715356575888194],[39.375448998363595,48.71780545688512],[39.374546167211065,48.71972476676501],[39.3656181702616,48.722173435118634],[39.3556105432975,48.72638836198303],[39.355008655862775,48.72857202584146],[39.36022501363166,48.73399768911986],[39.36012469905444,48.7371594287504],[39.34969198351763,48.743973333014026],[39.34838789407593,48.75012489964041],[39.3447765694666,48.75746610631745],[39.34577971519141,48.76030970892771],[39.35119670210497,48.761500006410245],[39.355610543293466,48.76632703480652],[39.35398245449994,48.768575081454514],[39.34756232186166,48.76956683474617],[39.335323944019706,48.766657636215],[39.327098149077244,48.7691701357802],[39.32940538424387,48.77419475777941],[39.32499154305526,48.77690520031837],[39.31185033406078,48.77545083471162],[39.30623271800269,48.77207918875155],[39.29987791467457,48.76451270256047],[39.29034803029043,48.76061130065028],[39.28814110969512,48.751881642947296],[39.2846300996591,48.74969899149147],[39.28021625847052,48.75002970235212],[39.276504619288914,48.754064199590744],[39.27249203638945,48.75479169740228],[39.269081340925766,48.75194778242093],[39.269971008571844,48.74408881302057],[39.26696157139824,48.74230273737811],[39.25612759757033,48.74349346152536],[39.25321847496903,48.73925964750288],[39.25743168701305,48.733239079131295],[39.25171375638172,48.72278407179542],[39.25151312723713,48.719938345403534],[39.24948355835002,48.713968715642494],[39.24286279656715,48.71059294249852],[39.239351786530136,48.71065913630571],[39.23633023283816,48.71209430985718],[39.228183779687214,48.711108813748865],[39.2246536499882,48.707166636289884],[39.21827226168614,48.70618104366784],[39.20645990461725,48.6991917422597],[39.20157203272612,48.700177471758366],[39.19844922568521,48.70698743906701],[39.195733741301126,48.7076146265546],[39.18420729863078,48.694445695405705],[39.17907293061893,48.68516525646365],[39.16122488943583,48.67652887715158],[39.14883636030385,48.67661304639441],[39.13954559913887,48.66595679901869],[39.14162379571482,48.6632923850313],[39.14052357399885,48.66078932236525],[39.124020248246126,48.66119305055784],[39.10274929505553,48.650856590568964],[39.09895964247528,48.651664202824435],[39.07688254869356,48.65206800410337],[39.04595409376523,48.647222175342876],[39.0364188388871,48.64875673816809],[39.03441682384408,48.652768008386374],[39.01118992093356,48.66027801839846],[39.01057868664637,48.662861849162],[39.017669004376955,48.662861849162],[39.020725175812885,48.661246970456574],[39.02708201239787,48.66140846065548],[39.02903796211663,48.66326556075404],[39.027448752970656,48.667463969616534],[39.021947644386046,48.671904213773814],[39.020602928954474,48.67957280483893],[39.015590807801004,48.68344701748191],[39.01727271945282,48.68967314875624],[39.01617249773565,48.69588664082258],[39.006026008569165,48.6970969721165],[39.00186961541726,48.69959823124648],[39.000280406271315,48.71113468861242],[38.99771322226536,48.712102662666325],[38.98927818910326,48.71089269218882],[38.985733030237355,48.71169934240683],[38.985733030245655,48.71325264541221],[38.99844670341807,48.71672098690817],[39.00064714685121,48.71954387904901],[38.99979141884964,48.724382754170136],[38.99270110111905,48.73083386351357],[38.990500657685914,48.735268521125334],[38.9870777456772,48.73744539171898],[38.983532586812515,48.740105883321235],[38.98231011823816,48.74462033472554],[38.9755939383663,48.74566827438116],[38.973760235504784,48.744378499394145],[38.97021507663888,48.74421727519322],[38.966303177201354,48.74647436693908],[38.96067982176072,48.74671619218503],[38.95835713146923,48.74284684860439],[38.95982409375915,48.73784850555859],[38.95701241603763,48.73486538659671],[38.94380975543643,48.734623504328],[38.9337331751764,48.73728414527753],[38.93446665632078,48.74244377484854],[38.93837855575825,48.743411146430674],[38.93947877747544,48.74599071295532],[38.93593361860954,48.748005907176434],[38.93006576945328,48.745748884218244],[38.92163073629115,48.74550705431747],[38.919674786572386,48.74365298641732],[38.91674086199487,48.743894825239806],[38.908794816262656,48.75010162344097],[38.89926205455404,48.7512673868695],[38.88165129547019,48.7505416761652],[38.878679479874876,48.75315418564742],[38.86434668964705,48.752138225879776],[38.85950373089929,48.75010624471139],[38.85477083939554,48.75010624471139],[38.84739633402873,48.74277591551848],[38.838811088972676,48.72335736790279],[38.830776180140816,48.71805649658282],[38.80975333648479,48.713481322917204],[38.76603776886529,48.71406232041437],[38.75338003577332,48.71936361263562],[38.69257150941701,48.72978407913857],[38.676061422776,48.72905805819255],[38.59461051855095,48.84017734909497],[38.55118127746968,48.860494860542076],[38.31474184291622,49.01601965842215],[38.29108326805513,49.02467923741176],[38.256549168137894,49.018678992889846],[38.24738518310693,49.00222936889969],[38.25199803091695,48.983556480728225],[38.26062986429346,48.96745374693381],[38.25108941687668,48.954329154830674],[38.233891194114136,48.9454521488982],[38.234245082278875,48.94315430812864],[38.233323150981875,48.941059300587355],[38.231319576542205,48.93912659402659],[38.218175631607636,48.93287992467913],[38.21129906634537,48.93124598943791],[38.18672776800862,48.928707105270554],[38.16847538802432,48.93107157249665],[38.16037042519659,48.93056924080565],[38.142325413679714,48.93267899987774],[37.99747342804105,48.94073244455436],[37.97803397195048,48.942034596979425],[37.966127408164624,48.93774526069299],[37.9652295479317,48.94127323349784],[37.95362304186813,48.945772835822055],[37.95019812973271,48.940771082764456],[37.935114670409774,48.94111835289024],[37.933467666942164,48.936454075422716],[37.93515834013263,48.92763564669235],[37.93013319558045,48.9157446358619],[37.91425861670962,48.91563751558351],[37.888670526728845,48.935994923915246],[37.879403043479755,48.95152780351276],[37.88358339882794,48.95978615308533],[37.92357089528801,48.966033642354546],[37.96704791388879,48.96924390269726],[37.968483953885226,48.97644124119415],[37.964886472151676,48.98415856709454],[37.97547006469634,48.986585846562235],[37.97903514108202,48.98992311234605],[37.967859547671935,49.002225228034206],[37.95528827833854,49.00963602816225],[37.94184318955834,49.009686388887104],[37.93955107470089,49.013850085331995],[37.93855773982639,49.0196268390998],[37.94156093552098,49.01996043126107],[37.94003388607419,49.02326287806349],[37.952459119977874,49.02458475555417],[37.96248144691728,49.03340845829882],[37.95489543605794,49.03995422396511],[37.967341470214706,49.049141955006945],[37.96811846322328,49.06167823395731],[37.9645446622242,49.06986086570794],[37.967718264092014,49.09158501360952],[37.94886537659224,49.100669231412354],[37.9400289634099,49.106994998252816],[37.94429706724969,49.11753332471889],[37.95622111083665,49.121439810160865],[37.95921096877859,49.13293199172506],[37.9729298881972,49.143375432211144],[38.019234007655115,49.14278943767303],[38.03031016986171,49.163400860075484],[38.030757545831364,49.17350413172028],[38.00525672642041,49.17306490205593],[37.97477532590764,49.177813606790636],[37.962467438542035,49.1817229208533],[37.96622714684415,49.19788602826296],[37.96661512068408,49.20660569297149],[37.954750668177184,49.212045425414715],[37.946353742578935,49.220196259272484],[37.95225413502632,49.22652905567102],[37.9496924377344,49.23195036275948],[37.97054852278737,49.2347799900642],[37.987137380134214,49.237163413970165],[37.989100461736484,49.24985994708871],[37.99814311335203,49.25201333757309],[38.01051239662581,49.261363216652455],[38.02794538676409,49.261567995570374],[38.03116654731514,49.27241326753946],[38.02894018300913,49.28245816423626],[38.021834465060124,49.293713745334],[38.020095409876404,49.29705490595535],[38.02372197353856,49.307384197942156],[38.033729167407444,49.308628333390516],[38.03312398417236,49.31306486285547],[38.02385652018347,49.319341022680135],[38.0193669860123,49.33663980124871],[38.001393429079144,49.33556823752235],[37.987647811764646,49.335499211683526],[37.98059408848317,49.33699610581655],[37.97410020351714,49.34016161507728],[37.97520804372715,49.34596972327441],[37.96550162586749,49.34452060575026],[37.964264335391164,49.34578331910117],[37.95905209701894,49.346060619207634],[37.96295389534632,49.347878347007025],[37.96406868611953,49.357111364871855],[37.95310375614076,49.36180441857212],[37.9485462904926,49.362857094716844],[37.93784714748446,49.37925505141965],[37.931734205525544,49.38064797051521],[37.91479336314228,49.378393249214014],[37.915640435440906,49.38327350144277],[37.89037033780633,49.38213719792125],[37.876078193315664,49.37778212644852],[37.86413006688784,49.38007291869528],[37.845405366553024,49.380937021804186],[37.845737186804854,49.387935696959715],[37.82897050135651,49.40118520704536],[37.823055857325734,49.393428203373304],[37.81541614965724,49.390823067415354],[37.769395559986606,49.40533673940158],[37.76387713490419,49.39844674091091],[37.71245585319585,49.41704831670398],[37.68476863477113,49.41361491142803],[37.677268907347695,49.4218159202303],[37.70928187792836,49.431514868480264],[37.711331889621675,49.44106369461005],[37.742557825457084,49.46074889228984],[37.75307447765829,49.45907312310851],[37.771194765604235,49.46815451313262],[37.77792423754903,49.483288201202186],[37.7432120503056,49.49225908701271],[37.73036178146549,49.50223318054333],[37.73497211695553,49.51065305111189],[37.724118358068836,49.51451579091693],[37.713266444038936,49.51365323448147],[37.706160568654184,49.507148847544016],[37.6976104460916,49.502376853660195],[37.695854204700595,49.50264697894863],[37.69686087140511,49.50840594851098],[37.700794377133775,49.514692566884776],[37.697772388044854,49.525296545909896],[37.69484016693133,49.526448554323395],[37.69677475268597,49.528369639546725],[37.69623460670772,49.54107527361754],[37.70094338377436,49.54431773431662],[37.70179829437612,49.55296551160404],[37.7169923873503,49.55588977792473],[37.731952146355894,49.55717435475802],[37.75949707824526,49.555909026535204],[37.76072381171463,49.559698351140355],[37.753772322054544,49.56182024448847],[37.75318816326069,49.56356315933243],[37.76079876673188,49.56938544258148],[37.77037449418134,49.57217239028094],[37.77265934902664,49.57519499559854],[37.79247422584649,49.58020429477247],[37.79702181420399,49.590694500214795],[37.790643022203966,49.591898240420704],[37.79126270511799,49.595247954172805],[37.80396632633824,49.59505757013508],[37.803079698849416,49.60319382817195],[37.789235902663876,49.602969817129264],[37.78844586667043,49.607260340578875],[37.80997212756465,49.607457944489965],[37.81634792620102,49.61450879900684],[37.809249202532385,49.623886322827474],[37.79874147302377,49.62759460460401],[37.80302414643015,49.64162764997721],[37.77798528246578,49.64373673659327],[37.778364188987524,49.65079353026627],[37.75172286880937,49.654461826118535],[37.728968896336966,49.65084180385949],[37.72525615846766,49.642554579217915],[37.7075658416872,49.64168804528842],[37.70837618291097,49.648497971266295],[37.716981319708765,49.653826524929826],[37.71749375927189,49.65648350843816],[37.71359237653655,49.65879317275429],[37.71227013627637,49.665563409311034],[37.739539561030796,49.66862641012011],[37.76769795292324,49.66772780055203],[37.77667219785326,49.67364577176636],[37.77200342477812,49.68857575845411],[37.77544530364031,49.695730470596516],[37.769446379377854,49.70444470663264],[37.775875318331714,49.73270453427412],[37.749459683779435,49.74122796739101],[37.733988670934025,49.74006942319403],[37.72118171342959,49.73636392741989],[37.7006614280036,49.73649607610244],[37.6743356165062,49.7544531738867],[37.66908996239815,49.75210745099059],[37.66105439515297,49.75188795080376],[37.65256901220249,49.75508185727409],[37.64631065452309,49.75851611657998],[37.63788583716714,49.77395124745267],[37.62454998905805,49.7774516021828],[37.63081070708495,49.7889743255364],[37.61435367605105,49.80013251242099],[37.61374345746198,49.8024816553546],[37.62740561822119,49.80094777048993],[37.62619670763553,49.80546878450914],[37.628733159852345,49.805748449090345],[37.63248679353836,49.80108238197357],[37.64786470736311,49.79719592896271],[37.65606317619361,49.79828451646483],[37.66665170930676,49.80497101098268],[37.67072506633127,49.81129410636606],[37.676250871498326,49.819641461838756],[37.66905314809463,49.82649613406747],[37.666295854447384,49.8462755846798],[37.66312554778793,49.84982548559498],[37.66769512188111,49.85365990668086],[37.66505337321087,49.86320154928396],[37.67901297291118,49.864047634984416],[37.68155514759195,49.86998639870859],[37.678403123177645,49.88239718136583],[37.6824120361463,49.88885044663567],[37.69427289329883,49.891455007284264],[37.696416570426294,49.89080284622375],[37.70254986888483,49.89103302171904],[37.708564074158005,49.89314291264128],[37.73309726794838,49.90050762701006],[37.73893283346405,49.89786106217733],[37.74470885241047,49.90031585183564],[37.749417014766095,49.908247435292225],[37.747392430812056,49.91242727411037],[37.75269207704406,49.91350093569659],[37.76876909597013,49.91215867482185],[37.770853226509644,49.913193997528396],[37.775140580764855,49.92178248437256],[37.77359346454736,49.92924435839683],[37.75327934510307,49.940352379752795],[37.74843213619468,49.9533290546087],[37.73487165961009,49.955867000777914],[37.727173515943804,49.96023866435175],[37.73409351178748,49.96515147785277],[37.752021323175995,49.97172690038059],[37.761465421187694,49.96946974241021],[37.768660014160076,49.980039716743846],[37.776070956344,49.98200787265068],[37.78061682484358,49.986416589039806],[37.78797191463519,49.98904190284196],[37.77545462555332,50.022998371311644],[37.78852584076469,50.01706809005958],[37.80586230645312,50.00452393671614],[37.86248996533325,50.054379713041016],[37.875905499786036,50.05326908784031],[37.889859787734,50.05211216586747],[37.92616169874222,50.03424273022108],[37.934502392436315,50.02019841232294],[37.93797307201453,50.01734666526147],[37.962065675698625,49.982973314670716],[37.96293269678873,49.98319087323415],[37.965251156494844,49.980876742827775],[37.97269098988244,49.97807293570446],[37.980337867241275,49.97675915724025],[37.99907278899761,49.96362415150398],[38.00495117665116,49.96716356985152],[38.0087914767046,49.96455480136433],[38.00879915641701,49.96297769664059],[38.01640797520486,49.956997577596326],[38.02580354748039,49.95024547774392],[38.04389000192771,49.93285498400607],[38.02096685392016,49.925786829876756],[38.023684140385,49.91966805292739],[38.02186893013152,49.918697156153],[38.023386972466994,49.916080100589454],[38.02236978776938,49.90945374613122],[38.03293900985375,49.90038642916798],[38.03378937942176,49.900677065178],[38.03560251104204,49.9034775940022],[38.04590730868935,49.915487079631276],[38.055924743359355,49.923351120420705],[38.09125900524862,49.93356824564347],[38.12423666326569,49.94224053400964],[38.132083426761994,49.924727274633256],[38.14497214841299,49.93126601138124],[38.171009154431005,49.94196641630586],[38.162026294198995,49.95127941082572],[38.169504647863704,49.95415316592883],[38.17097311950053,49.95415316592988],[38.17179569671802,49.95382086879488],[38.19749601452526,49.96204229395835],[38.19570164791071,49.96642784472806],[38.195248561600096,49.96945859746336],[38.21195673295031,49.976276937184736],[38.21576677079102,49.97714637407151],[38.22178908868139,49.97916182643499],[38.22092376175897,49.98045048306966],[38.21693502937305,49.98303629341038],[38.21690790860302,49.98339356287022],[38.21750457423755,49.9842300860156],[38.21742061838694,49.984451367508484],[38.2170340743192,49.984745745255566],[38.216647530251464,49.98504012300265],[38.21665054229132,49.98526059076485],[38.217123272116964,49.986093105677014],[38.21694818646131,49.986993106132104],[38.21647545663569,49.98744310004483],[38.21575760817643,49.98814058207063],[38.21517982727818,49.988466820403175],[38.21369479971875,49.98878320451183],[38.21022589936936,49.99293884561513],[38.20937061772901,49.99293709023283],[38.20840823081062,49.99487849681242],[38.20719562255354,49.99628813187209],[38.20623323387207,49.99706712283577],[38.204920762058435,49.99705513393303],[38.204670540719746,49.99876145169995],[38.204920762058435,50.00005969617632],[38.204830426583214,50.00102990226995],[38.20314162742585,50.00155783105606],[38.20222765723608,50.00221200588962],[38.200974211312115,50.00368806011656],[38.20108147315614,50.00502214491041],[38.19763240233229,50.00659131210614],[38.19638690161153,50.00926800850658],[38.18640725470118,50.02281467565359],[38.18896813312253,50.023690758443536],[38.18726961855566,50.040690793677356],[38.18341057472813,50.04636316852992],[38.18496605446094,50.056270819827404],[38.182879843963065,50.065005686359],[38.18014116255162,50.072591489244985],[38.17868161013084,50.07990121673993],[38.19148457849457,50.07866724465447],[38.191551138554246,50.07895079298879],[38.215080041544496,50.07633311394258],[38.25282551806231,50.07265039555767],[38.275806666827634,50.07345095141886],[38.291887774505284,50.07977332434433],[38.300643391484044,50.086524301358395],[38.30171999214937,50.08709545973889],[38.31231598275994,50.088125440291094],[38.314168925020454,50.08817334686455],[38.32955197624918,50.085433131742434],[38.33118487087748,50.075163701069755],[38.33309737601334,50.067431013271744],[38.33267940072423,50.063505875053266],[38.33313463811595,50.05933514568059],[38.35123891233988,50.03579073887144],[38.35369206449249,50.01900966680057],[38.35029179777254,50.00722671139485],[38.35051882797862,50.006926397855324],[38.398369250581425,49.991360105493555],[38.41624039056336,49.9815734284723],[38.42740986699641,49.99475235739013],[38.43411154913659,50.001144791323554],[38.46039576895865,49.99634430878328],[38.46908114588862,49.99522837515116],[38.4650196331238,49.9830481159826],[38.478430432537806,49.983190786185446],[38.48306729103163,49.97723077355542],[38.48263462384821,49.970445288688154],[38.48869866175755,49.963222496404654],[38.51001197831255,49.96333715322055],[38.52769375979565,49.958691427179474],[38.56522652741896,49.97004545921027],[38.582131114594915,49.97736494269799],[38.61113584207581,49.97564953884847],[38.61754179295866,49.973590973503434],[38.63070957545227,49.966385301273476],[38.6475150979779,49.955926742044]]],"type":"Polygon"}},{"type":"Feature","geometry":{"type":"Polygon","coordinates":[[[34.294903282363435,51.24336612970393],[34.305216350108196,51.23894857069976],[34.31263452164316,51.2390618467428],[34.34229128263405,51.15641997987598],[34.595881965416766,51.032508079194],[34.65486773786762,51.06684140316412],[34.65287627182306,51.0562433951533],[34.664665406966606,51.0433915746635],[34.70567983809025,51.019087237437816],[34.70014222915316,50.98717769779216],[34.7189137105289,50.97744526778236],[34.73681237386154,50.96534198070606],[34.71196261447375,50.96571102280197],[34.71370333771938,50.949704404744494],[34.750857047624265,50.9374373913071],[34.7428093813578,50.889429512912926],[34.7285712025797,50.87419716144399],[34.65964378359874,50.9056328286361],[34.37985925684592,50.90913991697954],[34.368819633824984,51.018898466786794],[34.57610536108169,50.99640870851411],[34.395773502502664,51.06705224104408],[34.304183676146494,51.13310589232643],[34.27623934570451,51.1295649468928],[34.28847281422624,51.15660021793309],[34.293897513401475,51.16858849519511],[34.294903282363435,51.24336612970393]]]},"id":"a74cd8d9-0994-4fab-82e7-14146f3a5d9a","properties":{}},{"type":"Feature","geometry":{"type":"Polygon","coordinates":[[[32.6070048823089,52.30490283145315],[32.589495941573915,52.22945051471174],[32.52419227789349,52.15879262722365],[32.5869326488623,52.12095822982482],[32.57489525210579,52.07349671626423],[32.48710270370054,52.04745798989168],[32.47907777253067,52.00918597422367],[32.566257706606024,52.00941050216139],[32.57328958198647,51.923634758827404],[32.443654054212175,51.89995355644115],[32.25904582494965,51.847255690826046],[32.17485153489514,51.791524933591006],[32.00161536013505,51.79068998424384],[31.960733351798922,51.838808355701985],[31.937482891328926,51.870907649848256],[31.86910930980315,51.89175191347266],[31.86607939440671,51.89549157730107],[31.874040534690266,51.91868190131558],[31.886271426857093,51.929824520868046],[31.84683551676045,51.973577052354585],[31.820374664858804,51.91080139778438],[31.760516893802645,51.84672743564769],[31.88953284047893,51.841338979604004],[31.88922371736557,51.82908617471183],[31.919498610001206,51.81319371272871],[31.923896745697874,51.79513067061808],[31.956158291030846,51.73336886535441],[32.02499916509382,51.69913097096398],[32.08082167683091,51.64506792717319],[32.10555316937152,51.673559912404755],[32.061743096869236,51.7455865342302],[32.12745820561992,51.76264593851491],[32.278948324181215,51.74260722718867],[32.30234924065246,51.719678506419854],[32.32683052482142,51.723377473928224],[32.374598884175896,51.70043169843177],[32.454799325281016,51.61003223033239],[32.4567888585367,51.570478335026564],[32.48764252168883,51.504744736721676],[32.54185623319131,51.519505920591826],[32.551701399119,51.552218894001726],[32.524975254604755,51.562228844550305],[32.557175428718836,51.59964653435887],[32.583579571490986,51.672192944087016],[32.72901467455662,51.74868675566134],[32.88370056695956,51.77439422127736],[33.016801500005755,51.882766865465044],[33.18466964937832,51.99360141223545],[33.22151423541706,51.9858020649537],[33.247420584976,51.971263292852456],[33.247420584976,51.93045862914957],[33.26584287799534,51.919097684038746],[33.28311377770032,51.92229324049788],[33.27102414790602,51.937557759654936],[33.27793250778828,51.941461802690384],[33.29405201418021,51.94465576702049],[33.30153607071972,51.94110690372591],[33.31132291388664,51.94749465550299],[33.318806970426095,51.947139804269625],[33.32801811693582,51.94075200195408],[33.33838065675849,51.94323625539528],[33.34356192667062,51.950688190264145],[33.32686672362138,51.95884841260738],[33.28887074426959,51.95352669691712],[33.27043059512377,51.99115887472186],[33.26787853048265,51.99980139056163],[33.24831270156244,51.99194462691912],[33.22917221675053,51.99692073731575],[33.23980581942348,52.00818041879518],[33.2073153190569,52.01734318489662],[33.313651345790674,52.192775382471666],[33.30259239901156,52.351281839819904],[33.232835965471935,52.37050345830767],[33.21531491574217,52.25231533106026],[33.155824697826205,52.23033724886676],[33.162083994303345,52.17695871631875],[33.203009517806635,52.13285704386547],[33.166815760188086,52.06761633344462],[33.08462585917536,51.9943395088728],[32.87609414492644,51.899269125412644],[32.74683609665408,51.81119018113179],[32.69915438718385,51.88476652583637],[32.735929046599324,52.07716487517436],[32.66658228059859,52.142659214054135],[32.64443793515301,52.1837676456492],[32.66308580500208,52.27692506874635],[32.637444983960194,52.28797675787476],[32.6070048823089,52.30490283145315]]]},"id":"7a7efc17-c569-46e0-8ad9-3acea3152f2e","properties":{}},{"type":"Feature","geometry":{"type":"Polygon","coordinates":[[[31.52034806888932,51.535979169458074],[31.661539141599434,51.543186262263134],[31.68748736425843,51.54837312862398],[31.75670028388828,51.54837312862443],[31.854932841096428,51.55932123816078],[31.89663534179809,51.68876961161078],[31.9492483447596,51.71075690510259],[31.956158291030846,51.73336886535441],[31.930081030068237,51.784500522921995],[31.902195675225016,51.76912895071115],[31.85122595214426,51.709447086989144],[31.79932950682627,51.620351815924664],[31.771472689425252,51.591574023517126],[31.702895243827214,51.58524046117566],[31.617363803034443,51.57611101038596],[31.564820367480984,51.59039037909173],[31.52034806888932,51.535979169458074]]]},"id":"747b8f95-8c3d-40b3-a806-a2a3ea96f78f","properties":{}},{"id":"1d234475-4fd9-466b-9f69-4e59e02ba756","type":"Feature","properties":{},"geometry":{"coordinates":[[[34.280741352791466,51.858665935260206],[34.28383708172902,51.86703580522817],[34.0827135669218,51.809314352988395],[33.1741460303368,51.453829546831],[33.12479393013177,51.39624093616854],[33.13342550337504,51.35512256428615],[33.137059850002146,51.28101640144732],[33.11025654362683,51.26680615289365],[33.11116513028429,51.252307171363924],[33.165226036361275,51.268227375528056],[33.207460408700115,51.251294371187925],[33.20478288754762,51.249819576515364],[33.203283475703046,51.24552899579322],[33.170618304894674,51.24172811066774],[33.170260673689995,51.2401608537603],[33.190466836743155,51.240944488889085],[33.20137458847864,51.242175888548104],[33.20566616293229,51.23904135184759],[33.20799076576151,51.2401608537603],[33.20530853172852,51.242735604768455],[33.20691787214827,51.248332392376426],[33.21246115581789,51.25169013803125],[33.219792595509176,51.250011295851124],[33.22426298556471,51.25124245277624],[33.22855456001835,51.2509066859748],[33.22944863802968,51.25303316764331],[33.22444180116753,51.253257002098366],[33.220686673520504,51.25180205866366],[33.20942129057934,51.25303316764331],[33.173415936583154,51.271495847062226],[33.298555740143115,51.41992992051567],[33.63246217898052,51.59995915046892],[33.85574765113785,51.68807459231397],[33.835540552314626,51.40748636282865],[33.82858083150893,51.392530492195476],[33.828967482665064,51.36694944918443],[33.7963784513629,51.35374612878462],[33.797521135022635,51.34214837326289],[33.7883796657506,51.332689569264716],[33.810090655270955,51.32501401113552],[33.80294888239891,51.3105519119072],[33.811519009843295,51.29664877211869],[33.81323303533145,51.28324981617422],[33.82780225198454,51.24486867125751],[33.8555886566414,51.17813404307947],[34.19260546196665,51.17425703318432],[34.254325267463315,51.091673257703576],[34.304183676146494,51.13310589232643],[34.27623934570451,51.1295649468928],[34.293897513401475,51.16858849519511],[34.207060395670254,51.20953187550529],[34.05272539616152,51.25600365120016],[34.130541940050136,51.275277161153866],[34.22106966098522,51.26347725600192],[34.230709186826545,51.264788506206486],[34.23238562610314,51.27396621020975],[34.246135161090734,51.27617440336644],[34.25185264721256,51.275134366578214],[34.254245070482,51.28195759307968],[34.24479702604137,51.28444312633897],[34.24321559370961,51.28444312633897],[34.12421708857309,51.29939198272311],[34.060931505881115,51.29808171998539],[33.999741472285336,51.27711242963355],[34.004248383596206,51.48609396340987],[33.94876466891995,51.72072871881477],[34.07631343829729,51.76021937743471],[34.121593251428266,51.79075591470723],[34.22490775462629,51.82956722154185],[34.288682139316734,51.84493556999385],[34.300880444727106,51.85258661742732],[34.280741352791466,51.858665935260206]]],"type":"Polygon"}},{"type":"Feature","geometry":{"type":"Polygon","coordinates":[[[31.867845732648522,51.59940403367256],[32.1608326585648,51.55023298951494],[32.4567888585367,51.570478335026564],[32.48764252168883,51.504744736721676],[32.4011535885019,51.47130249389846],[32.371691087622736,51.42897042817097],[32.360233448391995,51.39732327153462],[32.303933382688285,51.37433983904603],[32.414417760987845,51.30991667168678],[32.55913732867705,51.301873356294266],[32.75937612053363,51.302474546898225],[32.780530818771695,51.32411216454577],[32.8975694853026,51.33085402594037],[32.98101385892468,51.28500039686284],[33.11025654362683,51.26680615289365],[33.11116513028429,51.252307171363924],[33.006913681630465,51.254617293372405],[32.871592748398285,51.280545465440696],[32.822383085260554,51.27244448308298],[32.95220526482794,51.1600328026465],[32.975937046816824,51.12784451773416],[33.031780208244214,51.168840003055635],[33.104467556393445,51.184662624892155],[33.16705943952235,51.180232838125136],[33.29325275228203,51.20490765783916],[33.420331055939215,51.158077518397704],[33.383987381864614,51.08710895556675],[33.38095874235776,51.049045225103725],[33.28303273165716,51.050314520467964],[33.227507674042585,51.08330399110267],[33.17198261643023,51.049045225103725],[33.13765803536279,51.01542504194896],[33.11847665182279,51.009073437430686],[33.077085245238464,51.01606015455721],[33.079104338242615,51.02812564141479],[33.05122907270115,51.0289884063736],[33.04211640913945,51.00762173336386],[32.911552522024465,50.96642403524322],[32.98511943235576,50.947604647991824],[33.063819708575664,50.95438927679376],[33.07873133985939,50.94081902878716],[33.12098096182763,50.9423850288195],[33.13257889727052,50.93664277083016],[33.12677992954957,50.91366664695377],[33.194204352357076,50.878135769344794],[33.19668962423816,50.86245176345844],[33.15278315434682,50.860360163933706],[33.14946945850596,50.825835224636876],[33.12130304385903,50.82217199010998],[33.11716092405854,50.84885468937577],[33.056685974963926,50.837869543074305],[32.95156817912394,50.850423784860055],[32.812952386028485,50.827308541242104],[32.78311690581626,50.81364328186211],[32.724191832397565,50.78441448420543],[32.67272562903091,50.785357634010296],[32.6279724087143,50.777811902845286],[32.54529989071949,50.74644267041438],[32.456207504318684,50.71346689303243],[32.437331998725455,50.69003521560424],[32.43204685716,50.67855420362096],[32.36334001680157,50.67472657534802],[32.334649248300565,50.669463076783586],[32.30444843935217,50.67855420362096],[32.327099046063495,50.68716522596827],[32.43280187738398,50.7024698086276],[32.44035207962139,50.75162555627327],[32.51434406154786,50.76643156467904],[32.57021555809882,50.809779899482976],[32.47437940656471,50.887657111774786],[32.48268462902601,50.932407723492645],[32.481929608801806,50.95666930892688],[32.20982056373438,50.9205826261132],[32.16800821637028,50.9211556307952],[32.17346200080908,50.93318709907976],[32.287991474023784,50.96869042279974],[32.420700228697996,50.97670354927854],[32.4116105879678,51.09330944438179],[32.11983312049014,51.07675100542983],[32.06989649263738,51.11899183978235],[32.07080545671107,51.17088375120102],[32.34994605116066,51.223855880476236],[32.36630740447927,51.26653098259692],[32.30631577565245,51.31484823872634],[32.106095724265145,51.488369606756294],[31.854932841096428,51.55932123816078],[31.867845732648522,51.59940403367256]]]},"id":"c7bf8dae-1b72-48f4-aa51-d62e31f32268","properties":{}},{"type":"Feature","geometry":{"type":"Polygon","coordinates":[[[33.29325275228203,51.20490765783916],[33.82780225198454,51.24486867125751],[33.8555886566414,51.17813404307947],[33.494642248797106,51.133394758653054],[33.662086895542984,51.077543122758414],[34.368819633824984,51.018898466786794],[34.37985925684592,50.90913991697954],[33.77093777007181,50.95803445820653],[33.38380149179396,51.08477270210074],[33.420331055939215,51.158077518397704],[33.29325275228203,51.20490765783916]]]},"id":"5bf99d3e-af7a-460e-a9e8-5965c7e86959","properties":{}},{"type":"Feature","geometry":{"type":"Polygon","coordinates":[[[30.245382354196238,50.5383773036225],[30.231898064527343,50.53347261846872],[30.243762970825248,50.5020648175862],[30.235529123072666,50.44618722348761],[30.210982207734187,50.44423113600026],[30.21005785339642,50.43845699069203],[30.202601948642922,50.43754626936419],[30.194749758619388,50.44293760929173],[30.154891842175335,50.439761423178204],[30.119793145965815,50.42711807779094],[30.048585712517166,50.41850080341442],[29.988934090871,50.397850993295805],[30.040033313471014,50.35443985178756],[30.02966770214522,50.34496083514935],[30.00762001155215,50.34604232318827],[29.94905411548828,50.37144193578027],[29.915060247863266,50.367154862798145],[29.857775883030364,50.416084932590245],[29.746019413794528,50.412372825981066],[29.721584096427762,50.40625209997111],[29.7141786897526,50.41097162615415],[29.70896747763777,50.42390421426546],[29.722406919405444,50.42722417400273],[29.725972485588613,50.433339280042446],[29.763234513555844,50.45335261168398],[29.80355654726381,50.473107428870435],[29.81336581570491,50.48962637941542],[29.76582130652494,50.53729021243174],[29.74638400508161,50.568077223240834],[29.7535775054924,50.65620225686163],[29.756698612797095,50.68569204618254],[29.76187829575502,50.70345353434203],[29.78176953443696,50.75697626050919],[29.782591441986074,50.78659040082797],[29.75713622710279,50.82697938631449],[29.72134011062225,50.84199709908001],[29.635926218488663,50.82250712101878],[29.583186136874588,50.82862680033921],[29.578167247707654,50.81460933446036],[29.518836026779667,50.83079579404745],[29.50034538248292,50.914743598187414],[29.478420761383575,50.92590054500411],[29.43029331533745,50.946298348547145],[29.426595186480114,50.973418297493595],[29.44789837815648,51.0282334116599],[29.4732603889924,51.03390602785851],[29.447542590295114,51.15121075661878],[29.33059413601788,51.27016276518248],[29.261241978212354,51.26839957618293],[29.242449821814887,51.25416903233261],[29.229256651915676,51.24841038491377],[29.226305548122696,51.25286525079238],[29.23272853873175,51.25938378879914],[29.228388680215033,51.275241704076535],[29.202172368355775,51.28283444533838],[29.21119927407699,51.294993702605694],[29.196527893512695,51.328033115735735],[29.162534240406643,51.324975976991766],[29.165917017519945,51.34155263141065],[29.189626093648712,51.343903444566905],[29.198846289926962,51.3580057914933],[29.221547706476827,51.366453306056115],[29.286734992501835,51.373593333755025],[29.290193546039802,51.381683220512116],[29.300449426977366,51.38505944598674],[29.321862804759604,51.37753293546629],[29.32676501357105,51.37822583984075],[29.339181331365694,51.38587489800287],[29.344230466256505,51.3847290564031],[29.365853856771597,51.38910146712833],[29.384623545385665,51.40191366803242],[29.41859045283573,51.41565671004955],[29.448885262182046,51.40964463743032],[29.462224467034673,51.40506941279255],[29.49586365761752,51.395632406752014],[29.514683160393872,51.42340435797564],[29.520650319810983,51.42397679804523],[29.522945381125425,51.43714094067781],[29.520208380751818,51.44323393408197],[29.52219288495398,51.45042765878866],[29.535338712221545,51.467461265093334],[29.53703419148564,51.480661872223834],[29.542682908426855,51.482899726431214],[29.579862901716467,51.462313950142175],[29.606485612960114,51.47260799944263],[29.609239686537677,51.476896501235785],[29.606026600696993,51.48432894929795],[29.60969869879966,51.49347491495632],[29.6262231402616,51.49547535038485],[29.634485360993096,51.50661902648213],[29.64596066756414,51.49947595788183],[29.654681900557648,51.50576191736798],[29.673001681553725,51.50423192727465],[29.675796464647306,51.51119000279735],[29.70226485552149,51.51980415105271],[29.709496560469802,51.52340391732611],[29.711585719678197,51.5271033805964],[29.717531788191963,51.530002749806954],[29.723959970368128,51.53030267401459],[29.72926322066374,51.52920294225976],[29.738101971158102,51.53160232274888],[29.74035183491904,51.53090251650218],[29.743887335116142,51.51990414840293],[29.746137198878642,51.515104027938435],[29.745494380660546,51.51330385234007],[29.739709016702477,51.51170363652864],[29.738905493930304,51.50920318679002],[29.74453015333421,51.506202465948206],[29.746137198878642,51.50220119740413],[29.743887335116142,51.49799948729262],[29.742119585020617,51.492831437359],[29.731352379873556,51.49253126635412],[29.73504858462485,51.4862272186823],[29.734405766408315,51.48042272160143],[29.740994653138557,51.47021302072204],[29.746458607989894,51.46520743072952],[29.744048039673288,51.457297479260035],[29.749511994523118,51.4570972095313],[29.770724995707326,51.44918585237335],[29.776671064221063,51.44898554705594],[29.788723905802698,51.446381497964865],[29.797584847818825,51.44227481111045],[29.79806696148276,51.44648165644509],[29.794531461285686,51.45148930036254],[29.7942100521758,51.45789828317547],[29.813494598707365,51.459800776734596],[29.816869394350363,51.450187365778646],[29.83098323791694,51.45299148644088],[29.84657157969565,51.45829881472517],[29.85042848900102,51.455795434874034],[29.852196239099612,51.44998706485501],[29.85926723949538,51.45028751591073],[29.876623331372684,51.44608102120503],[29.881123058896094,51.44648165644509],[29.882569399886393,51.44978676305254],[29.879676717905824,51.45299148644088],[29.878873195135185,51.45789828317547],[29.889219354934056,51.462862906126276],[29.889862173152153,51.46967072386087],[29.89130851414089,51.473774946680464],[29.886487377509212,51.475676778399134],[29.885844559291172,51.4784793332511],[29.89018358226045,51.47857942131088],[29.89436190067562,51.480481052719625],[29.89243344602295,51.484284077677216],[29.89323696879518,51.48558503972424],[29.90672834146602,51.485450977188464],[29.90898601512805,51.48728624178278],[29.912080357822703,51.487770099846614],[29.915656391082592,51.48702785034911],[29.92251045482834,51.48795566033317],[29.92698049640279,51.491852256101595],[29.934132562921093,51.4924088854537],[29.938900607266618,51.487770099846614],[29.9499267098158,51.484615456033396],[29.94605267378492,51.47607826669841],[29.961548817907072,51.47050967353621],[29.97048890105603,51.47273719237103],[29.973766931543395,51.48498660192749],[29.981515003603818,51.486471155296556],[29.991349095067335,51.483316421614006],[30.002375197616516,51.4861000214857],[30.007739247504162,51.48981122366243],[30.016977333424137,51.49055342784905],[30.01608332510952,51.49519193026893],[30.022341383313176,51.49630510062113],[30.01906335282584,51.501499536156444],[30.01250729184966,51.50372554158807],[30.014295308480342,51.50520948480178],[30.026811424886233,51.50354004528833],[30.037802352122757,51.503486105499945],[30.053107298626877,51.499037189131336],[30.07042664037735,51.49982996072529],[30.10708098128336,51.49092452541103],[30.11035901177064,51.488326779040534],[30.118703089374634,51.4877700998465],[30.12645116143645,51.489996775841405],[30.121774561071433,51.50352632988393],[30.126749164208945,51.50613692477023],[30.132411216869087,51.50558046305406],[30.133603227954723,51.50057200180123],[30.158220945248313,51.48984809405964],[30.164893518973088,51.489254562592635],[30.1684695522315,51.50891913141456],[30.182177679724532,51.51262847600401],[30.210186200056857,51.49340052677452],[30.243563397330234,51.48703679607672],[30.27377618885538,51.46821966055927],[30.28602461785141,51.462623879933005],[30.311338037777972,51.44201531842404],[30.3190953761422,51.44074288013232],[30.332249557127795,51.42815247720102],[30.347041692905606,51.423207680296315],[30.35986904718243,51.37767438910552],[30.32425071161913,51.35984097369612],[30.34276519297768,51.35191278179059],[30.387465473328433,51.32321766013456],[30.391873683175277,51.321674942542074],[30.397588744714113,51.312770148628715],[30.423978872668442,51.30576643613],[30.43218634663313,51.3060922139031],[30.440263543234778,51.30845403359939],[30.442738813161526,51.30845403359939],[30.448340739836453,51.30755818526501],[30.46228041784167,51.30658087622729],[30.461889585747514,51.30381172092552],[30.45996290366521,51.301802951624595],[30.45914993383488,51.29845730432319],[30.46097381693761,51.296257893655905],[30.466575743613816,51.29275491097437],[30.46175548112592,51.28656293908011],[30.45237551087874,51.285585182981265],[30.451888449764315,51.28205132788216],[30.454720503439887,51.27776238478191],[30.451203014597496,51.276213964699934],[30.45274877099402,51.27375352635781],[30.462347150371784,51.27313234142841],[30.505705346870116,51.27934381280508],[30.53790864884982,51.26270585533911],[30.562099266698226,51.23157977898174],[30.533876879208066,51.23578723660742],[30.509497498798112,51.224683209412575],[30.454884561094673,51.05069971154148],[30.460195974166112,50.941019673699344],[30.454167172905954,50.88949537898634],[30.402587428781544,50.82649077053307],[30.379210942748045,50.79585785588921],[30.3890332065493,50.76101889028382],[30.370077570739358,50.7473887709843],[30.37094205206955,50.74453198966194],[30.37695521248736,50.741543285215556],[30.381524909297667,50.73292535872909],[30.37747527049521,50.7272578769649],[30.35356067241767,50.72596670858755],[30.335515970824048,50.71946259160731],[30.293731698262206,50.70376320983516],[30.283239853823062,50.625546461377155],[30.28741786474066,50.623121483032236],[30.332228375277197,50.607213627820215],[30.294207830533566,50.55028612837501],[30.265716326480685,50.52835190384084],[30.245382354196238,50.5383773036225]]]},"id":"c3527e63-cca7-49bb-bc17-13bbf6f6ba9b","properties":{}},{"id":"17e912ab-8e25-4bc9-b8f3-762bbd51e091","type":"Feature","properties":{},"geometry":{"coordinates":[[[32.30307068236391,46.55654352179624],[32.30305954490916,46.56186678226882],[32.27177299391474,46.58454077211891],[32.253646558468915,46.589512872108656],[32.24252503642481,46.589801671867946],[32.209974766106996,46.575597212044045],[32.18362454728191,46.573288635805795],[32.139707515900994,46.555704715860344],[32.12368389941594,46.588589301371144],[32.14954472436395,46.5988467210112],[32.138633921125745,46.67353120099028],[32.16866685206213,46.703696614040695],[32.18040920223135,46.74990991077436],[32.2163084611401,46.75297439043439],[32.24312618556681,46.78575011817978],[32.30502886261675,46.801868937848525],[32.36253423351198,46.83472458422648],[32.360838468175444,46.85856595888325],[32.3564032969509,46.86697590223079],[32.35339950016731,46.878976634343815],[32.359699071518605,46.89800051574062],[32.39730594963163,46.89855276469473],[32.4224007078831,46.959970996128874],[32.476524001451594,46.98705490700516],[32.487460625448335,47.00537291880781],[32.5475651157293,47.00789287836071],[32.596000584825816,47.01483153920867],[32.59527929521499,47.02163408693238],[32.605858209510075,47.02417457523808],[32.597383342117325,47.057984549816496],[32.63810825297213,47.06668028597875],[32.65190407351682,47.06751929530475],[32.76725887423217,47.06919631085],[32.76645749009029,47.09661761721827],[32.83800305002629,47.09788817200186],[32.87915636175384,47.08131542635681],[32.89742940904162,47.08891817382005],[32.890053192194046,47.10282396049041],[32.8923227973778,47.113250917446464],[32.89856421163418,47.11344398997866],[32.91473514856793,47.105720542311104],[32.909912237553016,47.09548524782309],[32.9172884543992,47.08466845913057],[32.92721797705849,47.08331620607757],[32.934310493257186,47.087179695150155],[32.939417104921034,47.10417571828293],[32.94934662759982,47.106492937507966],[32.96324795935121,47.09703032401859],[32.96948937360625,47.097416586063275],[32.9731588576191,47.10346343322209],[32.97145665373165,47.1075185549297],[32.951030207077764,47.11176644634671],[32.950462805781456,47.11736542158468],[32.97088925243534,47.116207061246286],[32.993017902976646,47.12257773105438],[33.00228929404514,47.13230849178075],[32.99142127448192,47.15083726650144],[32.98393824597085,47.15216778418858],[32.986889681559745,47.15638951992304],[32.992048397059904,47.15385896032171],[32.99363517164471,47.15567628914647],[32.990451758993316,47.15853486365111],[32.98984111714762,47.16586990065508],[32.98719500248208,47.16766890600894],[32.98790741796961,47.169191093719064],[32.99350496822302,47.16552393110186],[32.995373281595676,47.16696068397843],[32.99015098648147,47.18087279507961],[32.992362541962166,47.19036803729935],[32.99687912150853,47.19123127308836],[33.00180878972489,47.18986597820364],[33.00345173390983,47.1914538617749],[32.999843126835344,47.19257405641196],[33.00125455796541,47.19650629784135],[33.00787006998431,47.1965178355446],[33.01368150694768,47.18993611167576],[33.01109864608097,47.18313413945489],[33.026595811281254,47.176550755788355],[33.03951011562981,47.17896475792119],[33.03466725150412,47.183353571524776],[33.03725011237083,47.18861966895389],[33.05274727757106,47.19103312234728],[33.065984439517564,47.201563271070285],[33.06601977737003,47.213386232338365],[33.06427040719913,47.21430888232558],[33.06450208042227,47.21564559625182],[33.0653639092873,47.21677747447879],[33.06505141897733,47.219375784486886],[33.0668188126466,47.220546591970816],[33.068540895694326,47.21971161091258],[33.07122060387351,47.21748024637864],[33.07485647997052,47.21749994767492],[33.075222600459,47.21895549122223],[33.07177301922471,47.221623516645025],[33.07208443852389,47.22317989030043],[33.073339703298444,47.22360586138612],[33.07830845809906,47.220836988146715],[33.081603528130444,47.220410994812966],[33.08967544635999,47.223737346333365],[33.096333054727154,47.228975727044315],[33.1018216340683,47.23511417459068],[33.18440355954496,47.24311617243373],[33.21224044654849,47.28555154177175],[33.23089423739293,47.29081598022006],[33.26034485698119,47.286984886938086],[33.276885615927256,47.29519403275188],[33.276482182782956,47.30559045493516],[33.252679627208295,47.30586401739822],[33.23815603398677,47.31188203312561],[33.23049080423024,47.32145473688894],[33.236542301406644,47.32364253996579],[33.24582126374233,47.33047884062137],[33.27558232948968,47.36070576981734],[33.3054638596586,47.35320074653012],[33.37018702185347,47.375395803090385],[33.364260172999366,47.413790760248276],[33.40675890920954,47.42155051110555],[33.39056891446265,47.43569770104068],[33.38700522899242,47.4582280351857],[33.37647681257741,47.45958896216899],[33.365522853095854,47.44800954731414],[33.35489425884478,47.44346503239305],[33.34285574528107,47.447789660361565],[33.347844672210414,47.45138103437583],[33.34854412255595,47.459350596759634],[33.34857020518888,47.46509045714802],[33.347609743101856,47.46962078679826],[33.341742435007404,47.47170821322186],[33.340507212251,47.47671769837211],[33.32709137668556,47.48914706246089],[33.36528499793502,47.50404182259251],[33.386329887821745,47.51812627039371],[33.43810416677755,47.519468554292644],[33.40226266248388,47.506751371462286],[33.403608906621,47.482798575643585],[33.5100942338095,47.493054075500595],[33.499474607631896,47.510931594063806],[33.54616619402154,47.51762331666572],[33.55404946763008,47.505593473360875],[33.595901812131075,47.49627793585273],[33.61962554406384,47.4665959147668],[33.618407223198545,47.45133397846868],[33.63338859231061,47.44093118774245],[33.722290625486664,47.42996134833808],[33.725248184579414,47.415425059056844],[33.83728997689806,47.429100867927275],[33.844002435172996,47.413921321905775],[33.86584981932546,47.39105930588795],[33.97725235701675,47.368296100188076],[33.96585802795394,47.30669450848876],[33.926593820193176,47.28035330944738],[33.91677776825324,47.26877060912503],[33.91080278011523,47.24154128381744],[33.88176533514235,47.21649236637077],[33.78207947059988,47.1803578473091],[33.78857103803128,47.14504793993069],[33.77775175897855,47.110205464913435],[33.75892786484462,47.09176717095019],[33.66009453262649,47.046393303851545],[33.665554937721254,47.01512982630669],[33.655854548310884,46.99176710826424],[33.61027360306929,46.94610291349039],[33.602629035936616,46.87186943842329],[33.582425537085385,46.851707946191965],[33.5076179872855,46.853948485885894],[33.4291575513856,46.836754427678756],[33.39807042098147,46.8169842584839],[33.363794866948695,46.787656485254814],[33.374755073179784,46.78151609080655],[33.365986908194685,46.777422105399324],[33.34845057822355,46.78192547222693],[33.3315120776856,46.77851386527246],[33.31167806392898,46.773926680163726],[33.29454028691211,46.77692916145634],[33.281786592388386,46.7838888151488],[33.261496374339515,46.782456895714176],[33.2248953615331,46.78578171820857],[33.219499962684324,46.783798657871614],[33.21595141934026,46.78296844368958],[33.2122845912121,46.78280644918374],[33.210244178789566,46.78422388456991],[33.20817419516865,46.78614748718408],[33.2027009069289,46.78855676045447],[33.15380366635088,46.787472390572674],[33.14000996304651,46.784824584006856],[33.12437076464255,46.77885986580159],[33.082405251294745,46.7631710068745],[33.05635071231123,46.75197102958205],[33.04071151390727,46.744510479768905],[33.021113024769164,46.741661633796895],[33.000920642020134,46.74274692620375],[32.97478932316693,46.74179729654466],[32.946029939518326,46.73878257928965],[32.92739901901214,46.73468563548482],[32.900871771091346,46.724508640209166],[32.83107851313838,46.68729519026576],[32.793981372852414,46.676421802867424],[32.77581115741992,46.67225974000692],[32.724038863041926,46.67250047022614],[32.66166831968138,46.65261434958748],[32.6000098547882,46.609041983666344],[32.581273780339814,46.59644433105615],[32.557705350213666,46.59923142482609],[32.547445452416014,46.596685695045494],[32.51353079025208,46.59596764707291],[32.505534562655896,46.59360639964419],[32.49859963173685,46.58831843209765],[32.482259794503875,46.58067934591705],[32.478269834249176,46.57434527026541],[32.44454517020381,46.56141362334429],[32.4295353197212,46.55919272735488],[32.41908542381597,46.56082574795673],[32.41110821052817,46.559337924328275],[32.398283338281374,46.55417726998371],[32.38925842818168,46.5486241190834],[32.384985603617764,46.54773908727273],[32.366935783418285,46.548131099425206],[32.35781587426524,46.55009111771864],[32.34489600296956,46.54793509370015],[32.33568109477238,46.54989511906808],[32.32390121211583,46.55002578490982],[32.30307068236391,46.55654352179624]]],"type":"Polygon"}},{"id":"67987403-7883-42dc-9d1d-67c07201c4a1","type":"Feature","properties":{},"geometry":{"coordinates":[[[32.24312618556681,46.78575011817978],[32.22709776422673,46.801627204272506],[32.10895563725464,46.82736539367025],[32.08752658648302,46.86160571078895],[32.07279529719247,46.859004122576664],[32.05261355111651,46.86422551877001],[32.09220648635895,46.88372683016968],[32.08304405993468,46.9174633002859],[32.064976032166584,46.92198306976249],[32.05886774788573,46.933802202756794],[32.07312041120781,46.948746195031504],[32.09551745357109,46.953610780781304],[32.11513826233511,46.93350447923535],[32.14532026235682,46.9400110535245],[32.11123486084236,47.026401537057495],[32.030809117809724,47.04131966682951],[31.965145061789627,47.034034589571235],[31.936599969083403,47.063168930938645],[31.89078783697721,47.03819761265365],[31.86330055771259,47.037156887331435],[31.87144493675376,47.056233626402445],[31.90504050029935,47.078770067855345],[31.900968310778723,47.10372238822754],[31.847011799630195,47.08708880691981],[31.812755014314348,47.11446214819733],[31.86416640701225,47.14666842623319],[31.83057084346666,47.19969258366464],[31.83057084346666,47.223551123987306],[31.809611334903963,47.24878108401697],[31.815381932027606,47.26609735855703],[31.80623560465989,47.298568843801206],[31.79465025666073,47.324614346437016],[31.75179840557192,47.34125093957826],[31.739104064153395,47.32755226836201],[31.72248778114485,47.32551053403324],[31.7203229401006,47.321364859970686],[31.712641925108898,47.32115911732578],[31.70542479566899,47.31795565845445],[31.701624735436468,47.322003012072486],[31.693017791645758,47.32351022416816],[31.688929493344006,47.325309098443654],[31.68691914393898,47.32926967723159],[31.686664196508588,47.332131201789934],[31.696382873800985,47.333696895360816],[31.70211848663007,47.34292814466008],[31.692652381403207,47.34828477074774],[31.6319149650609,47.35667155165902],[31.60564902027545,47.37767076483661],[31.581860756668164,47.405164576591034],[31.5600223537551,47.4181112261646],[31.532164292036157,47.44299685344336],[31.522116130161322,47.45588251610346],[31.50562647879775,47.45933051678392],[31.47132674469836,47.46202055310786],[31.43673420392949,47.482772146632044],[31.416997054055344,47.51000871330001],[31.417116264384305,47.51352996652429],[31.4120230735671,47.52355892867746],[31.406011879801525,47.528971024107875],[31.396883770761463,47.531601702127915],[31.388975379885807,47.53212459167182],[31.37696533833585,47.53704255205034],[31.374423025981514,47.53719845614842],[31.366091317658004,47.5412553072145],[31.35236282039409,47.54333450732713],[31.342688087583355,47.54721339772681],[31.343230905602468,47.55074872146079],[31.33989855344285,47.55291250559492],[31.336965337501056,47.557868002233164],[31.349265873846605,47.56283826463712],[31.35419214638486,47.55447214981609],[31.359168733184163,47.5502683425116],[31.37097087457201,47.54567699568972],[31.380168224931992,47.544696739371744],[31.387424391675097,47.543420086330315],[31.39794774284826,47.54393924293339],[31.409622135286213,47.54005069307078],[31.41409377258725,47.53344851986276],[31.42535073212386,47.52231600126635],[31.45540605973204,47.48971783390874],[31.4779797853528,47.473663479729794],[31.502262390246386,47.473272657133265],[31.515888367508012,47.47162092426211],[31.535520820388456,47.4628756539405],[31.565428079885862,47.428935160923714],[31.585368804717717,47.417874446301965],[31.642998639710953,47.367427271767184],[31.662454833980064,47.36083621871492],[31.694568300818048,47.354785768665664],[31.726333454515043,47.35719985349232],[31.747776240270298,47.35120132426812],[31.749466794632752,47.35452731406335],[31.74855472172115,47.35913842211667],[31.753037672556616,47.36542244216798],[31.75571499041652,47.36538027003181],[31.75734038958953,47.36492456306493],[31.7589174305474,47.36254579524831],[31.75644746206234,47.35993888475872],[31.754896551618828,47.357643140501466],[31.75661978544582,47.35386856418475],[31.762363898209344,47.35227304352554],[31.76448921992852,47.35056072379382],[31.763767099473085,47.34795493202401],[31.760182238950534,47.344993804496056],[31.786558378072073,47.3448875792173],[31.83155332102561,47.3115276517463],[31.89432766385943,47.17284234916343],[31.97190617549751,47.07797365517797],[32.1386222455792,47.03670274700909],[32.163506531733915,47.01132622688705],[32.16046139286544,46.993362267150815],[32.166159127915904,46.944362316476514],[32.37345361385374,46.99553903005608],[32.37630725493264,47.00199695318463],[32.37047026181693,47.021277612136856],[32.35005524745614,47.16732609723712],[32.34180306819957,47.17424370515326],[32.35312089816364,47.188149425170764],[32.36356812581633,47.1919950451306],[32.364167421927306,47.20292313722115],[32.38507240816543,47.21362887985782],[32.405928922238445,47.211479211718],[32.4016631392694,47.177916981874205],[32.414703932130266,47.171569968926605],[32.42819387177613,47.17368620347233],[32.44439111898407,47.17924182555248],[32.45204406551417,47.18091694282447],[32.46337762586077,47.177957675693165],[32.46657954872728,47.17539356992938],[32.46307966945983,47.17192398656198],[32.46730869024671,47.158043386245055],[32.43767443105892,47.15324560402286],[32.44572245971847,47.103925276998524],[32.461656044338014,47.09989049495073],[32.46225907357112,47.094420496181016],[32.45983646257906,47.083863964155285],[32.46035756056705,47.07479642724806],[32.66044771301799,47.087847773141135],[32.66050325753719,47.095020906432154],[32.66445160121489,47.10118302926034],[32.68698043326475,47.104026845425864],[32.689587135704414,47.09542223062812],[32.76645749009029,47.09661761721827],[32.76725887423217,47.06919631085],[32.63810825297213,47.06668028597875],[32.597383342117325,47.057984549816496],[32.605858209510075,47.02417457523808],[32.59527929521499,47.02163408693238],[32.596000584825816,47.01483153920867],[32.5475651157293,47.00789287836071],[32.487460625448335,47.00537291880781],[32.476524001451594,46.98705490700516],[32.4224007078831,46.959970996128874],[32.39730594963163,46.89855276469473],[32.359699071518605,46.89800051574062],[32.35339950016731,46.878976634343815],[32.3564032969509,46.86697590223079],[32.360838468175444,46.85856595888325],[32.36253423351198,46.83472458422648],[32.30502886261675,46.801868937848525],[32.24312618556681,46.78575011817978]]],"type":"Polygon"}},{"type":"Feature","geometry":{"type":"Polygon","coordinates":[[[31.37937144872251,47.522061665766955],[31.38616063571908,47.52271089037137],[31.407599462462997,47.50187869233372],[31.412531993315667,47.47076645540807],[31.3999609047155,47.46457388145356],[31.392762311378988,47.463824258723776],[31.381497265267484,47.468281750557],[31.389886843100754,47.499525123162044],[31.37642074427447,47.519704784408646],[31.37937144872251,47.522061665766955]]]},"id":"223f7858-a5e8-48a5-ab37-f6d5d1730c72","properties":{}},{"id":"7b53cfba-7daf-46e4-acf9-d7887238d7f3","type":"Feature","properties":{},"geometry":{"coordinates":[[[32.163506531733915,47.01132622688705],[32.18892169792562,47.032311302476074],[32.230381094778636,47.02942308759248],[32.36759814218979,47.04187335849009],[32.3658309575354,47.05453776963113],[32.1994435807234,47.04568062765236],[32.19693089959074,47.056373681765734],[32.302508876002406,47.09026300303711],[32.302508876002406,47.11259751676141],[32.222450101383515,47.097857788963466],[32.30613852793633,47.20457061709405],[32.32006577256581,47.20743829877742],[32.437197964753665,47.37497681686614],[32.45959436961547,47.335639059235604],[32.436439417544165,47.321404710862794],[32.44236277737613,47.300228585096164],[32.47413352556708,47.3089921489657],[32.5739641337309,47.25538948860685],[32.630084363868775,47.25588416912015],[32.62789786139544,47.29247770365993],[32.53533592337698,47.29840940596537],[32.45901421268269,47.404006355543856],[32.43495031888304,47.388195981209265],[32.41654851774376,47.38148711648748],[32.267358462468906,47.21216134979156],[32.13325957419403,47.06846891520834],[32.1386222455792,47.03670274700909],[32.163506531733915,47.01132622688705]]],"type":"Polygon"}},{"type":"Feature","geometry":{"type":"Polygon","coordinates":[[[32.01910104837007,47.066290466728226],[32.12850960573974,47.21597784434542],[32.091416774670165,47.3517785296211],[32.03623905032708,47.37594497931656],[32.042233423891815,47.396237571123805],[32.09104475148527,47.39913587509761],[32.07391796987335,47.42753081752397],[32.033670033085826,47.43216527263064],[32.02596298135995,47.44606618945633],[32.07648698711566,47.44548705791459],[32.06021654458374,47.50279015191413],[32.0704926135509,47.54037941608601],[32.09361376872755,47.60219847351203],[31.91699571490446,47.59804866649685],[31.91007005223858,47.62685891343105],[31.86706571641983,47.624177461500324],[31.8644112678289,47.63299301168172],[31.833697189721192,47.639040636062475],[31.825320622965563,47.62654144084425],[31.814550751423184,47.626944687353756],[31.792811566272178,47.67114851077778],[31.622627175247572,47.64458032333718],[31.35419214638486,47.55447214981609],[31.349265873846605,47.56283826463712],[31.59435086624228,47.65438243114008],[31.824557647474364,47.690583256723215],[31.825163824294464,47.640491134702216],[31.846893238826055,47.64893709758667],[31.878651613910705,47.64386968372921],[31.883666094187248,47.63317019556311],[31.92211044297389,47.63711236717501],[31.930467910101413,47.608384020911956],[32.12189624253767,47.60782056218801],[32.12774646952636,47.53057325049687],[32.10100257471828,47.50686757159889],[32.12356773596312,47.414173880159524],[32.19293471312116,47.415304957337895],[32.223021594780306,47.41982902310531],[32.29562234526725,47.40286177214995],[32.30481555910606,47.36041972820891],[32.26469971689383,47.33777000002479],[32.269003849606605,47.28440343957817],[32.230559500819936,47.28383649965315],[32.22972375410771,47.31047610816199],[32.24643868836279,47.35522308516968],[32.23223099424749,47.39201178817652],[32.12441966830261,47.39257756777047],[32.159521030238324,47.206490748281624],[32.04798274159272,47.05914074380008],[32.01910104837007,47.066290466728226]]]},"id":"05c73b06-5cdb-4682-8bdc-addbcc7ea942","properties":{}},{"type":"Feature","geometry":{"type":"Polygon","coordinates":[[[36.586196882228705,49.874354489510694],[36.604135847634865,49.84846084687328],[36.62967937446237,49.85386697661281],[36.62967937446237,49.86643703304347],[36.65802487018769,49.84589223722321],[36.66757931915336,49.829166235648216],[36.64788545495796,49.824008933123025],[36.64983534250226,49.816460670017904],[36.66894424043463,49.820989769191044],[36.68122853196178,49.80991788943939],[36.694487767262075,49.81658648405309],[36.703847227473744,49.81205697271619],[36.71437662021165,49.8185994641226],[36.73049840364513,49.80994578050965],[36.71528928080147,49.80151436014148],[36.68662593390343,49.791067429778536],[36.692670585289505,49.78061824558782],[36.73264327994352,49.795221298499285],[36.7418077514011,49.80503811741846],[36.76087841203497,49.79129592839146],[36.79188162398739,49.782893806859676],[36.78466704007411,49.76135987520723],[36.7981212641285,49.75493562219859],[36.82736957728966,49.7742058279548],[36.8423895848762,49.76428203383452],[36.849994146298485,49.76856413822898],[36.8328351359105,49.784052121322645],[36.82328068694389,49.797269653981346],[36.81060641790759,49.795255786705354],[36.81431120424128,49.78871013964314],[36.774555833219125,49.80167046661941],[36.73966886342234,49.82943353234759],[36.71545139878367,49.844273350206635],[36.703947062269776,49.85106293440316],[36.7148664325168,49.86162261426989],[36.73612020674753,49.87104894996645],[36.72910061158831,49.88047344624471],[36.711941601200294,49.88424272974163],[36.68776299565408,49.8593600199861],[36.65396879266925,49.86074272908368],[36.610681289186545,49.880082490484455],[36.617700884345794,49.887620824239775],[36.61126625545066,49.89164078759808],[36.62257560320566,49.906210348143304],[36.59917695267646,49.910605472285766],[36.57967807723608,49.889128349735444],[36.560798365378474,49.892653184652374],[36.55562704962881,49.89068061843358],[36.518882573199306,49.901026613891275],[36.50160766628281,49.91230473000357],[36.50132635536016,49.92956433813541],[36.54280063932623,49.983219125593905],[36.48334980577698,49.98905773104846],[36.48402593355715,49.92916751818481],[36.48467001631215,49.90119249878276],[36.505153345612996,49.896687553329485],[36.559158928973886,49.88216440802654],[36.586196882228705,49.874354489510694]]]},"id":"a1afe8fc-ab63-4f99-bd83-3e286ec5475f","properties":{}},{"type":"Feature","geometry":{"type":"Polygon","coordinates":[[[32.17346200080908,50.93318709907976],[31.922705291765936,50.968007042231505],[31.89622241857296,50.96444467810727],[31.91653452519671,50.92848189694408],[31.96110409544937,50.88908791739459],[31.88863708117057,50.86565227218824],[31.89229625216896,50.823341237747286],[31.951316746580773,50.7931182462479],[31.975787452624843,50.80453750510782],[31.95040195383075,50.831267889924476],[31.972128281627477,50.839645076598316],[31.98059011455655,50.85653930834977],[32.027414808030585,50.844998120149484],[32.0726505517591,50.81948663845833],[32.01440514586815,50.764307163636744],[31.937177314158106,50.7307852323371],[31.86234285359106,50.702010803586944],[31.832730633566143,50.697483513792434],[31.805160635610747,50.662220379689415],[31.774201202563205,50.65933696915502],[31.671074438550818,50.60972755834871],[31.659436846691392,50.599936845762016],[31.658354280006137,50.59254952150036],[31.673806187049195,50.57873018902873],[31.68934371083307,50.58314398605751],[31.776007007841685,50.63612249340457],[31.834204584895787,50.65015253945529],[31.858831140682184,50.6807986527223],[31.906659818131402,50.68864128587623],[31.957028278720685,50.6944915094831],[32.00889388212366,50.709065147958],[32.08245093119578,50.752520238198656],[32.11866363227796,50.774948291176514],[32.095276262829515,50.79593502386183],[32.131793108532804,50.82593669619328],[32.015618329155274,50.925666684118596],[32.16800821637028,50.9211556307952],[32.17346200080908,50.93318709907976]]]},"id":"3e3812f1-6b76-4599-8877-7eee51b14dd8","properties":{}},{"type":"Feature","geometry":{"type":"Polygon","coordinates":[[[31.68014449125297,50.61409073191325],[31.564778809466816,50.77244263873291],[31.43262491597136,50.76906011068675],[31.405960125391545,50.82392124471579],[31.34879112764628,50.86993425243668],[31.28325348608456,50.877934279646354],[31.247873709894264,50.867887513269324],[31.245220226678953,50.85467458018692],[31.326298880448462,50.84369197033564],[31.355192364335323,50.80027735669685],[31.35207572014886,50.75715295753898],[31.14308458193048,50.71649646919985],[31.181866104084634,50.676184035643246],[31.23190550436098,50.683535238804154],[31.39421453856926,50.731394896517486],[31.454777981916465,50.65408304715106],[31.492095765018746,50.58835022312124],[31.487984507251923,50.584264536326714],[31.48458825083631,50.57609209916299],[31.450855442429884,50.59357030701497],[31.43619791473691,50.598562889143665],[31.394063393587743,50.600491699505625],[31.384410875352756,50.60593732560798],[31.392633390887198,50.626579600227814],[31.33947092127582,50.63882457946113],[31.329584615474516,50.65061302645972],[31.313854585759287,50.65832467728964],[31.289365789497566,50.66387691283671],[31.283824529030227,50.652545122687144],[31.26216485805824,50.62318307419227],[31.274834433728728,50.61354288262342],[31.26571816650656,50.60650996716865],[31.266790668533275,50.59584515448563],[31.275370684741603,50.59550474832602],[31.28037569419601,50.603787266024995],[31.301017497189406,50.6246572822248],[31.327075274538203,50.631559408360914],[31.360934129735625,50.62271476532965],[31.373625403710747,50.61749791384614],[31.368181143107705,50.6011631591],[31.369968646484665,50.59208584466677],[31.38122991775751,50.58924882489612],[31.394278692406516,50.59185888937628],[31.422342495418775,50.59151845438939],[31.443256284925752,50.58754653097128],[31.47704009874502,50.57041555376654],[31.324093308417474,50.514585810976],[31.31924233636775,50.52888517908957],[31.286608524394268,50.534631743582764],[31.28528553201619,50.5110804027897],[31.26326254275378,50.51276303120238],[31.253560598654275,50.51668893095081],[31.24297665963607,50.51753015270518],[31.235700201560377,50.51472602188886],[31.238346186315397,50.50757473431756],[31.232833718077103,50.50000160207745],[31.21695780954977,50.499019810830475],[31.210122348933453,50.493128634770954],[31.214973320984257,50.48330837526831],[31.24275616090472,50.48358898243504],[31.25951406435084,50.48541288840778],[31.275389972878173,50.49060362011721],[31.351970605088724,50.49747695477981],[31.371851454088528,50.4911647461461],[31.371630955359365,50.488218760139944],[31.3561960442903,50.48541288840673],[31.35002207986355,50.47952001543777],[31.344950609083554,50.47488938548372],[31.337894649739155,50.466609249855225],[31.339438140846397,50.460433289475844],[31.344509611625284,50.45832766409208],[31.356857540479893,50.46239845526321],[31.360826517611997,50.46394245681401],[31.363031504907752,50.45832766409208],[31.372292451548958,50.45846804203396],[31.37670242613936,50.46562676465243],[31.374056441385335,50.469837271799435],[31.36952356570245,50.475310370587835],[31.37305154537526,50.483168071058486],[31.37944600853112,50.48695613847772],[31.3934643475597,50.47980064509784],[31.406473772602794,50.476573303407605],[31.4135297319483,50.484112589393106],[31.402284296741556,50.50010426665216],[31.379352428867577,50.49982375755965],[31.362797935499344,50.5072566856355],[31.338102077790097,50.50613480919398],[31.340968561274337,50.51118304328082],[31.358167462177676,50.51595032433107],[31.369412897384393,50.51861418347133],[31.37360237324461,50.51903477906666],[31.380870408704766,50.5295003919378],[31.38884026222962,50.52765807116785],[31.399998057164453,50.52443383672386],[31.404345249996965,50.51936673748085],[31.413039635660624,50.51475981151569],[31.41941551848197,50.520103803909564],[31.433761254830614,50.51457552512463],[31.436079757674378,50.508677980749496],[31.442745453349204,50.50572893229307],[31.451150026155773,50.50462299163689],[31.47281920294637,50.49761809932747],[31.480064524333926,50.5043465024267],[31.454993859142775,50.512640474583606],[31.452385543442716,50.51614193651713],[31.44644437990661,50.517892570092215],[31.440648122796603,50.51697119209331],[31.432823175698445,50.519366737480965],[31.421810287188606,50.52242130736013],[31.4197815971998,50.52822501824889],[31.411666837247452,50.529790976672984],[31.402972451583793,50.52748807865373],[31.389905384046045,50.53034365547285],[31.38787669405869,50.533751698343565],[31.48486205426667,50.557943642612656],[31.490549748922973,50.55302767870995],[31.503101979592117,50.54692124548265],[31.520361296762246,50.549538385139186],[31.53781674253608,50.55153229880224],[31.561352175037968,50.57407911476207],[31.62761817050759,50.57993294697516],[31.66411400140301,50.587398344709975],[31.658354280006137,50.59254952150036],[31.65919570942841,50.59829134975933],[31.626155835759448,50.5901711153239],[31.594781452409393,50.59240822697325],[31.536176644477138,50.58530125890994],[31.458475887894252,50.73432237845853],[31.526299429634918,50.742240224020065],[31.66706231897126,50.606352159886434],[31.68014449125297,50.61409073191325]]]},"id":"6ee17f5e-4f2e-4cac-9d68-a669a35b556b","properties":{}},{"type":"Feature","geometry":{"type":"Polygon","coordinates":[[[31.283824529030227,50.652545122687144],[31.2080215388076,50.64632809346887],[31.181866104084634,50.676184035643246],[31.14308458193048,50.71649646919985],[31.13156309869842,50.71794125274553],[31.111930262754953,50.710365923610965],[31.04677625620502,50.747640246400266],[31.039107179663688,50.7425933638051],[31.12046810250598,50.70017200809119],[31.088714294496526,50.67765668773609],[31.079818165709497,50.65607439164049],[31.050675674855313,50.67182461303727],[31.040859256883664,50.66132505244144],[31.042086309130895,50.65296261193711],[31.003950561485908,50.64129160199127],[31.00303027230126,50.636622386245506],[30.955491692200468,50.625374912186146],[30.94321304776139,50.62831749270444],[30.878818379141734,50.641816383661734],[30.861578157064116,50.62266520314887],[30.851148212970315,50.616826298024506],[30.819034837748177,50.572026678579476],[30.83652033225968,50.56832480903907],[30.871184558224797,50.5864417138346],[30.892436936113,50.56831795922889],[30.935701925756092,50.5813706265495],[30.958593827247938,50.60155335037717],[30.935935788230893,50.619066007701036],[30.95882943734719,50.61983333780546],[30.979850673574646,50.62569691583704],[30.997827709505856,50.615017092227134],[31.009267641472462,50.61232083104201],[31.029344777653733,50.61760950532317],[31.032294410017897,50.593422114168646],[31.044755352801644,50.58303112801468],[31.011464177303594,50.58043302315136],[30.987286228618245,50.575708828902634],[30.98821614972161,50.571456648936675],[31.006160370223512,50.564841383841525],[31.01769139190293,50.565313933578636],[31.030338318907923,50.57133852734677],[31.045589025001846,50.57665370565897],[31.050169064153778,50.57287408490592],[31.05128496947745,50.567440348754445],[31.045519458635937,50.55771551543569],[31.076578823487495,50.54566207373804],[31.073231107515454,50.54164357499664],[31.090899608477997,50.52911311617464],[31.105406377687927,50.523901578813394],[31.116565430926727,50.5346602499541],[31.116751415147945,50.544234585927484],[31.14429417175262,50.555490088599555],[31.154691266238103,50.548296898900276],[31.166780240580323,50.55196032106406],[31.165664335256622,50.560822261801064],[31.156737092661473,50.57487978892547],[31.12366956319198,50.60215373349462],[31.08108745164907,50.61879962994598],[31.047409823151412,50.62634055888523],[31.042598733366702,50.635316278600214],[31.046843812587667,50.64464920927642],[31.101180826633538,50.640880364226604],[31.102390822372655,50.67141839334056],[31.121481865946777,50.68806508850744],[31.145781465087367,50.68608688269197],[31.168202813548902,50.663234910382755],[31.186731088548328,50.63150937985313],[31.26216485805824,50.62318307419227],[31.283824529030227,50.652545122687144]]]},"id":"6dc44775-c39f-4928-acb5-c194397d07c8","properties":{}},{"type":"Feature","geometry":{"type":"Polygon","coordinates":[[[34.978380088135346,50.49832902722232],[34.978461797260394,50.51542150768259],[34.96673899123965,50.54027439758855],[34.97744871526018,50.56215098992928],[34.97310693525,50.597030961312925],[34.99529168795024,50.59896014565075],[35.00985410815409,50.60042994730847],[35.011156642155754,50.611268316999514],[34.99856745001253,50.6157682623637],[34.99263368399957,50.62338963668404],[34.990216066103585,50.63792621625055],[34.9873493173628,50.64222345615195],[34.98200674016334,50.644785085301265],[34.96480624771726,50.64032280235023],[34.95412109331903,50.633621177920986],[34.94929974316432,50.62104786102179],[34.92936280873627,50.61476431746962],[34.90871864015736,50.626751930107645],[34.87027814567867,50.632620432250775],[34.875490416114815,50.644351353464714],[34.890866613907036,50.64360766220068],[34.8958182708231,50.65054832294413],[34.88826047868767,50.65996615120329],[34.867150783413905,50.66351799948393],[34.86063544536549,50.6569923041734],[34.867150783413905,50.65178761875876],[34.85620501549292,50.64311186148606],[34.83068240936518,50.63658333084609],[34.81215221460516,50.644929771866714],[34.786742396218216,50.63881470282291],[34.78713331650255,50.625510430872396],[34.76732668883673,50.60732064968573],[34.75440906688496,50.58631097079481],[34.72719670783502,50.58978565933191],[34.68441689541726,50.601846573301714],[34.68089861287217,50.61867024298658],[34.64679242385961,50.62776381848707],[34.635974913991504,50.64330149486133],[34.65513000784949,50.660320924091195],[34.683878598187334,50.66629654883812],[34.69638804723874,50.6696827442926],[34.69547589991194,50.678828104538184],[34.699254795979016,50.6832041669671],[34.69495467286782,50.68873558642724],[34.70016694330528,50.69583466167916],[34.681923996772866,50.69831083052679],[34.66967516124407,50.711113419114014],[34.6227829832786,50.72373639935702],[34.59526412246467,50.667684636063825],[34.58469912444278,50.63149131194399],[34.587738370447994,50.61214498700704],[34.53912232760854,50.61177763236935],[34.515290498148005,50.60615123872978],[34.49763392611379,50.58722633396491],[34.51196180013713,50.57249457921452],[34.49783507756288,50.56144957734716],[34.49334857155162,50.535716899473556],[34.46845569950304,50.51980039070335],[34.47294220551103,50.501485165029436],[34.45181620390619,50.504983093639964],[34.40970093781911,50.5143709893905],[34.40518305682173,50.51013746356972],[34.39056573079401,50.5034182628672],[34.38332943077836,50.504891046206154],[34.37044881675098,50.505167187968624],[34.36089690073277,50.50811259962762],[34.32859986097736,50.497800360148034],[34.31920656626059,50.49069064359077],[34.30199075886787,50.47159562886276],[34.31197685288683,50.46809522779395],[34.33151254087906,50.4902113764432],[34.354534811689064,50.497981042466364],[34.37175720572364,50.50074279147614],[34.39430088212259,50.499914283729225],[34.41210218015874,50.499177820197445],[34.417382144855424,50.48831364920858],[34.393502354807254,50.47440754873102],[34.37083195953852,50.46915716222975],[34.35498852930661,50.46252426163571],[34.332226512832676,50.46049735643757],[34.31590489985763,50.45585927505081],[34.30201120382941,50.459729125406625],[34.28203901578658,50.44710487412317],[34.30664243583678,50.44286531895975],[34.37085237716201,50.462308849758045],[34.386772237193526,50.46608604940815],[34.35565614713235,50.43318168878582],[34.36303717314658,50.42119583221489],[34.39073194056439,50.454470006521234],[34.40563287166805,50.45012830819303],[34.41706622569018,50.450404770062676],[34.42444725170398,50.46063272365424],[34.4227105397008,50.46837132673801],[34.4544454363305,50.48741483509289],[34.4925112673202,50.48621775933813],[34.49569523932851,50.499015690302315],[34.48831421331289,50.514755151826165],[34.4977214033315,50.52769990784347],[34.506549689351004,50.535427531708024],[34.5016290053415,50.54922371190227],[34.51074674336036,50.56457871145889],[34.53462653340685,50.56724463878709],[34.56574260899916,50.564670642498584],[34.58354567591013,50.55378486309135],[34.60322841195023,50.550566426754074],[34.62555557986221,50.540795397893106],[34.64749459424607,50.52064299416958],[34.665529227875396,50.51128186132456],[34.68197397139451,50.509212396762166],[34.69759404035568,50.49927770416852],[34.68295022570439,50.47311173394061],[34.69285880017986,50.464469428503975],[34.69562485405868,50.424473148655835],[34.63128119437587,50.42540608930801],[34.59645105117099,50.40473040786691],[34.58593683744894,50.416136508170354],[34.573570949521724,50.414166559746064],[34.57926576632579,50.397669734573356],[34.570316768486975,50.383781096256],[34.538588503406544,50.37859330567511],[34.53500890426898,50.371590691713806],[34.52704633005288,50.36305993297907],[34.511764133668294,50.35350978997323],[34.50541848065137,50.34343853657592],[34.50769640737644,50.33970020832129],[34.496275752372554,50.318799429184594],[34.47398461229213,50.3238898756004],[34.4619441424677,50.3169293323605],[34.39814608962604,50.35910451183844],[34.32264019669452,50.376747930557855],[34.2835380025916,50.37788933757267],[34.25285674494836,50.3872270906696],[34.20575191223543,50.38276594909425],[34.191433515686924,50.3816246594227],[34.170415511357106,50.37766307198436],[34.155597706434406,50.38802242732078],[34.125783568818235,50.374702840565675],[34.13346026293431,50.35605482998213],[34.14345781806148,50.35548530978906],[34.15274126210946,50.35776334956739],[34.172736372368206,50.35662434334296],[34.24395081225205,50.37814693840187],[34.28271401338438,50.3708599569554],[34.28360665223522,50.361294095192534],[34.298245929386326,50.361066313077316],[34.304315873572364,50.36573562795036],[34.35248932429218,50.36185660643713],[34.35665953385268,50.355989874860796],[34.383391646423235,50.35114586400013],[34.46575963250163,50.299202262652926],[34.500555052912034,50.2976548182281],[34.518566549927726,50.32929707571918],[34.5477509494217,50.3678531926775],[34.60131651712484,50.37487624082496],[34.63263033761956,50.40435976762984],[34.65767877285984,50.41488584317554],[34.71109368519899,50.41853433688442],[34.71527794461622,50.44735466285354],[34.715277944615224,50.492032967645315],[34.732014737589424,50.498477285947445],[34.80555316045087,50.49371417891419],[34.9168407281644,50.47409835653082],[34.91912000179602,50.49018720795442],[34.93974900284286,50.49100092701542],[34.94663727954077,50.48893866477067],[34.97232983372817,50.50136881268142],[34.978380088135346,50.49832902722232]]]},"id":"62cd1f77-9467-459a-a489-39fd03034cac","properties":{}},{"type":"Feature","geometry":{"type":"Polygon","coordinates":[[[34.9873493173628,50.64222345615195],[35.00505168882472,50.659764623556754],[35.00353979751043,50.68264979553666],[35.0077394956042,50.69533818827108],[34.994804425472296,50.720945365942384],[35.00958736276377,50.721370775246214],[35.02051192355654,50.722434281609395],[35.0199306035756,50.72922914010317],[35.02082266243988,50.731111304925406],[35.015916338688385,50.7362398202695],[35.013388838571075,50.73633391622221],[35.01086133845587,50.73943897661229],[34.999041558501716,50.74028577553523],[34.99391222003146,50.739391931778755],[34.99294582292853,50.73812170340736],[34.990641337528416,50.73788647215028],[34.983207513657675,50.73873329914599],[34.97948514540232,50.75604634732994],[34.96828368941817,50.761438435569715],[35.01662444645481,50.76238428272583],[35.018702318595444,50.75868516473477],[35.01520468815332,50.75573499332424],[35.014998945186534,50.751656508970996],[35.017262117825226,50.749269996942104],[35.01938812848607,50.74879267993583],[35.02027968134348,50.751005654120036],[35.01897664255114,50.752828024897894],[35.019045223540076,50.75534451552562],[35.02062258628948,50.75642916803406],[35.024737445632326,50.754693711954616],[35.02768642816167,50.75491064748377],[35.0307039916803,50.756515939149125],[35.05835591012482,50.745327228249664],[35.065015504487945,50.738981089042454],[35.07346242531855,50.73839364912661],[35.078846177056505,50.73680752454732],[35.08914956400443,50.737101255374114],[35.089056740698794,50.7390985761412],[35.087757214416854,50.74097832963861],[35.07791794399711,50.74467887383395],[35.069099729942906,50.74538370623554],[35.06362315489892,50.74990612834969],[35.0402343479206,50.7584336345067],[35.03603023933738,50.77386925849319],[35.03237573823918,50.78116219784036],[35.01440707037989,50.78068660602747],[35.01323701759031,50.77562483516587],[35.01641287516583,50.77176666083122],[35.011659210692784,50.767591017711936],[34.96290652736181,50.76679057404451],[34.95622324934152,50.76902145269642],[34.941960144961854,50.78092600577142],[34.9402142685324,50.79094504652099],[34.95157269862881,50.815862100057785],[34.95101532920117,50.8245452588651],[34.96164582795055,50.82352098947632],[34.97784075341974,50.824737306873374],[35.019398703528395,50.823570389878995],[35.076521677773,50.82511995152308],[35.08901866145136,50.83761607693351],[35.044368477981294,50.84213342532075],[35.01997671580696,50.838464551035],[34.99558791140953,50.839932135366496],[34.957278842899285,50.832022485732324],[34.95394933345244,50.85309598303809],[34.94855025617531,50.87624065450066],[34.917267367237855,50.863914408087965],[34.932353024338795,50.83616516006313],[34.88113690504531,50.82150565944494],[34.859505075157614,50.80348811781013],[34.82670465595163,50.78901852364041],[34.79167369714605,50.78597588869545],[34.76425410380915,50.790126383004775],[34.75987726731444,50.78296451511969],[34.78678193870883,50.77230007083844],[34.85136627083736,50.78528544575505],[34.872811136076905,50.79490916255995],[34.89048034136863,50.813793600537224],[34.927696454502666,50.821438676973344],[34.92912620750329,50.81150207725415],[34.92497992380348,50.79254478031547],[34.92869728160366,50.779353371312624],[34.94380939988977,50.762129454600796],[34.966696690962976,50.7465084238213],[34.98931725063517,50.69312612389632],[34.98737720063801,50.683516823721135],[34.98726055880468,50.66533316995901],[34.96480624771726,50.64032280235023],[34.98200674016334,50.644785085301265],[34.9873493173628,50.64222345615195]]]},"id":"31caf44b-632b-476a-8bf0-93bf9d45e9e8","properties":{}},{"id":"622e8f29-dbbd-4a82-9a9d-4a44bfc18508","type":"Feature","properties":{},"geometry":{"coordinates":[[[33.936831500262144,47.487265076373035],[33.94191936583431,47.486007223456454],[33.94257262495384,47.47570187947224],[33.98900688487208,47.3658868195094],[33.86584981932546,47.39105930588795],[33.844002435172996,47.413921321905775],[33.83728997689806,47.429100867927275],[33.87667587612157,47.48149617274993],[33.904219564700924,47.482821213832494],[33.936831500262144,47.487265076373035]]],"type":"Polygon"}},{"type":"Feature","geometry":{"type":"Polygon","coordinates":[[[36.85296220496588,49.40086152339572],[36.8275269390997,49.4069274457714],[36.8138727991751,49.36616078725547],[36.80526115795621,49.362943583484366],[36.794697772071885,49.36503136735661],[36.78379259496268,49.360239600496186],[36.805929443061785,49.34921603045541],[36.80194852821893,49.31546411037533],[36.802286588081586,49.2745445054172],[36.82992336216185,49.254701928006995],[36.84495674966041,49.245036386510634],[36.85137740537604,49.242750024306645],[36.863861299012,49.24050166490872],[36.88022770284283,49.23752910044894],[36.886940206550776,49.23120126323701],[36.887465532927706,49.229867191171564],[36.88711531534065,49.22456053199562],[36.90082659578803,49.204364868786854],[36.90596312036402,49.19741060877868],[36.90584638116607,49.189571234984584],[36.891195612214375,49.181258484327685],[36.863651710009236,49.187706149189694],[36.86406029719157,49.18110586669749],[36.87354727050419,49.177031211578765],[36.872463503598965,49.17102889649911],[36.88120827578999,49.164785465884194],[36.887075270833094,49.15830176920829],[36.89529825614477,49.1554106418852],[36.908901256107924,49.16196715246613],[36.91817099430892,49.16975235559963],[36.92234635947031,49.19532080612112],[36.92455516249194,49.19723724146846],[36.9231060449039,49.20230767208349],[36.91679537153556,49.20643083177657],[36.90828764892311,49.20729972566511],[36.89530673923974,49.22404765571457],[36.88881029263743,49.23711699559476],[36.88665998911924,49.24007751099879],[36.85560675743545,49.245908081148144],[36.836329253158254,49.2568876674714],[36.80804900874395,49.27917323622549],[36.81174192130629,49.29096302078952],[36.813284530352405,49.29834621735384],[36.81365849618095,49.307899298731854],[36.809498126332045,49.31609858490182],[36.81342808011101,49.349664999953916],[36.83158101039493,49.3472332547683],[36.83887756128581,49.35183069456821],[36.84013352496373,49.3544409140749],[36.88928076276457,49.37980905380914],[36.85296220496588,49.40086152339572]]]},"id":"643d318e-d5fc-456d-93fb-dd9d7cecdbd0","properties":{}},{"type":"Feature","geometry":{"type":"Polygon","coordinates":[[[31.97603134696152,46.70679999171557],[31.97361688964176,46.69820255604586],[31.96390319460906,46.68443117465992],[31.976352661073236,46.65407743907076],[32.006960012104486,46.63659720571755],[32.019570438803726,46.63641477027741],[32.053070818777684,46.64190860233137],[32.07958769220511,46.66217506650696],[32.091335656708736,46.690674340696916],[32.098289228600066,46.70589708229005],[32.125485304007015,46.71427691696198],[32.12467456542465,46.74459283786462],[32.15978905138104,46.748149706391644],[32.15971160958506,46.78391197266512],[32.11688038870011,46.78944010454737],[31.97603134696152,46.70679999171557]]]},"id":"3d029f3c-2386-4669-b25e-63e095fa41a0","properties":{}},{"type":"Feature","geometry":{"type":"Polygon","coordinates":[[[33.34857020518888,47.46509045714802],[33.336026156959974,47.46483604844667],[33.334520871172856,47.46992398853297],[33.329503251880766,47.4728069359642],[33.32285490631958,47.47365483158222],[33.309606498633144,47.46610807964052],[33.30772489139861,47.45533724253954],[33.276991973239035,47.45245333689425],[33.26156312981672,47.45898430848018],[33.234962484080256,47.45379591336638],[33.23490748048471,47.44547745716176],[33.24269102203962,47.41398591958733],[33.21745151887512,47.36920104698521],[33.21952900319533,47.354060505189096],[33.21415933371367,47.347628031828776],[33.20749916728866,47.34628643454434],[33.20000883449865,47.339517358095236],[33.18370171716853,47.341023881269535],[33.17293992766648,47.34404564756346],[33.175660580213474,47.34940304532395],[33.19474365087544,47.35713813574253],[33.19951698883398,47.36647986988308],[33.2247105742195,47.41284943190348],[33.212762106297816,47.44407459091218],[33.20222326293043,47.48831593214172],[33.200018261989726,47.48858960646561],[33.20033326213061,47.50545504823833],[33.19619326036755,47.517627674878014],[33.19079325806166,47.51753650070856],[33.189713257600914,47.521092175927066],[33.17939129769462,47.52057555432046],[33.158043219953726,47.5312302642287],[33.14473376294171,47.53447297781116],[33.144666116405176,47.5469224035906],[33.11234640360465,47.55654426577689],[33.08668889656991,47.55529058157924],[33.09586579837955,47.56346848440424],[33.112152280099906,47.56335611414275],[33.13578485065571,47.5590908144776],[33.15158133010516,47.55551635803201],[33.15561372920732,47.54432176786494],[33.16566806219552,47.540554062369694],[33.168343864513595,47.534406984452694],[33.18150039700987,47.52849726362359],[33.198493584420476,47.52896998596921],[33.200453866727315,47.527866960535505],[33.217653029759845,47.531972636640994],[33.23854600782684,47.53026588222781],[33.27333785823947,47.54589880407346],[33.2845495633417,47.54478457472504],[33.28886676341449,47.53981310907017],[33.28670816337805,47.525839051994495],[33.27896259854015,47.52000828325612],[33.2795974809039,47.51614932995125],[33.29762136654506,47.503200329951255],[33.30943017850984,47.502020351650486],[33.315905978622,47.488928309622196],[33.32709137668556,47.48914706246089],[33.3363555473606,47.4807300628315],[33.340507212251,47.47671769837211],[33.341742435007404,47.47170821322186],[33.347609743101856,47.46962078679826],[33.34857020518888,47.46509045714802]]]},"id":"bd0b2d90-7876-44b2-9fa4-a88bac1470dd","properties":{}},{"id":"ffe28d26-b43a-4d92-8ffc-b1f8c4f182a5","type":"Feature","properties":{},"geometry":{"coordinates":[[[37.90630658756942,48.341145975653234],[37.899567712649684,48.32264000092019],[37.900901335449674,48.29072081004372],[37.89379906951504,48.286872060595016],[37.89526345424383,48.269719676711645],[37.89460448111453,48.255901583746436],[37.89235829798778,48.23556890888872],[37.896312136755114,48.215612537978785],[37.88382258244829,48.199705139352005],[37.85560226894276,48.19387308123058],[37.82790042898398,48.174687618498695],[37.82497165952407,48.15530427727427],[37.82015624795944,48.14231270302628],[37.816517603771786,48.13249594790753],[37.80590868718025,48.11881128850672],[37.801661971465194,48.11636721565014],[37.79033915592612,48.100901863181235],[37.7737185487058,48.09214849563543],[37.75698863980716,48.086922662800504],[37.741978696335906,48.08664584366585],[37.726602656679574,48.08097186742805],[37.7266758759159,48.076324610358995],[37.69383251283588,48.077058415699355],[37.69353963589063,48.073291437254454],[37.69236812810669,48.06962203726937],[37.686876685372056,48.06262498958799],[37.695809432217914,48.056051839291115],[37.692294908867495,48.05262592689684],[37.688121412390274,48.054045261115675],[37.64906970889865,48.028352072249504],[37.62360293413573,48.02002791298719],[37.61723286056463,48.01846071447744],[37.58837705255897,48.016367910943046],[37.57541369646313,48.014162965027595],[37.57198563240422,48.00719471617427],[37.55669119275194,48.01014972149068],[37.54910989723339,47.997468888346845],[37.55893261924945,47.98714514762281],[37.54991007184324,47.98022900594907],[37.5440428083551,47.9791257722739],[37.53962587966282,47.976036592558785],[37.524448577979655,47.95735238158014],[37.521593297008735,47.94695410262133],[37.25233243450839,48.02782152084143],[37.137671704451435,48.026253472047074],[37.07092568270198,48.00641655792228],[37.041911663354426,48.00584849392041],[37.01215048880937,48.00455935314284],[36.99549491801082,48.00445099800845],[36.92975267720357,48.01772338712453],[36.91059795195474,48.02750756370011],[36.892241837488285,48.03878701377192],[36.86235780294615,48.03780260607485],[36.84971121105999,48.0423365934317],[36.806341479012076,48.05949007432585],[36.825658937739775,48.07010244974762],[36.8371595134021,48.07187528364403],[36.83765109256629,48.07801407526776],[36.841840559265904,48.07844305007404],[36.86337080018032,48.08145121448305],[36.87530672792303,48.08331680492256],[36.896120724342836,48.08648769016952],[36.893879578900965,48.094577356494256],[36.90170463568407,48.09713001450706],[36.90362715376352,48.1045911293416],[36.90220826420352,48.11297705433415],[36.91534535311405,48.11387773576297],[36.91162177197836,48.13033638961062],[36.90420175703616,48.13417371774207],[36.90777257921101,48.13925412542085],[36.90663192376152,48.143935878503186],[36.90744922412739,48.16322833789454],[36.916966085576775,48.166326316395924],[36.922534123228644,48.17209446247455],[36.934850289089184,48.18488870595672],[36.93027976935602,48.196107523541286],[36.92670461741031,48.22106997748688],[36.95158050089037,48.22125835919303],[36.95231002851841,48.23593354601658],[36.94071584741161,48.238009023433506],[36.941099852927096,48.239891371308005],[36.970906099882626,48.23834819737917],[36.97308489608184,48.245552964955436],[36.981568519953214,48.24879212344527],[36.980338800536515,48.25831430421104],[36.98781073879752,48.25915298060312],[36.98848249225583,48.26333336955406],[36.9944286888219,48.26377320148205],[37.002607796544225,48.260545597424],[37.00804728664076,48.26124112033497],[37.010403065818565,48.26015095856641],[37.012628599497845,48.26034580751244],[37.03168059480614,48.25881343323535],[37.02952710878756,48.26766037835338],[37.04580832781082,48.26916476462239],[37.04681085876993,48.27132077927496],[37.05632936781234,48.269731627562514],[37.05395169963285,48.280776720389724],[37.06547108766205,48.2834582872224],[37.06123264857976,48.30615892301853],[37.061634968545356,48.318047130363],[37.0621827704183,48.32165262196793],[37.05529974346791,48.3213498203169],[37.05279802657506,48.32407497306815],[37.05252829392063,48.32861024884036],[37.047362695166726,48.32829176620268],[37.0455807402204,48.33218451191712],[37.049734832992755,48.33768322797661],[37.03675526044745,48.349086714641146],[37.04052812265985,48.349050334174734],[37.0478798074671,48.3572107099877],[37.070198565309084,48.361526878647595],[37.08468736323334,48.362430578154914],[37.102482815703326,48.365713317572386],[37.10709203333573,48.37875284453338],[37.11638379735254,48.37976187657085],[37.129146635133,48.367751173496885],[37.152193476082346,48.36836804865922],[37.15718656145194,48.36622313416973],[37.16514761201148,48.36976948800546],[37.16926554318343,48.37933083125361],[37.17844491231989,48.379132577788226],[37.18602671299428,48.380506118042604],[37.186897016737305,48.39397840577789],[37.20496172334845,48.39818683853221],[37.21263591524237,48.40204251296211],[37.22731192325321,48.404034227945544],[37.22531414408388,48.40694505399952],[37.20292953082088,48.40814563660015],[37.19643115227143,48.4067817232841],[37.1901079249634,48.409893306710444],[37.18865749696374,48.41723845474229],[37.20156239207441,48.41483560640904],[37.222953215545346,48.41949587177692],[37.219017220204535,48.430174979773994],[37.22982058915301,48.43940269755163],[37.23773643359752,48.44874573452324],[37.241389901296856,48.448752885227464],[37.23985215450705,48.45443234220767],[37.24972821642635,48.455933269173784],[37.24636723927142,48.460962440634404],[37.272811677403894,48.46903274529532],[37.28072502039626,48.47663043785687],[37.29795894055397,48.47585297317988],[37.30716455562981,48.47462995981772],[37.3190931650322,48.47354182696324],[37.340935042693246,48.47419199374994],[37.364561949654785,48.47859645370076],[37.36774663698816,48.48301909364409],[37.37590293647668,48.484080408793176],[37.37525134881372,48.48912545311049],[37.38123513947455,48.4936101308169],[37.38752595254539,48.49315693157061],[37.39301555336715,48.49689616652364],[37.41731294970478,48.49516267472458],[37.44433308400204,48.485508613275925],[37.44640663478347,48.49098566911272],[37.452373330197986,48.48472039783863],[37.46578152867346,48.47924224060367],[37.46119930740232,48.473453565162025],[37.474465940634154,48.4582228764193],[37.482849570494665,48.45590584543638],[37.48942080493518,48.451864863421946],[37.508260049012364,48.44487120771771],[37.52348328404108,48.44508960438529],[37.587621281770595,48.44452159038025],[37.60661840304374,48.442512696095065],[37.60785747083881,48.45773278541509],[37.61914220163115,48.45964151797335],[37.62847906141951,48.46521254254003],[37.62331498808834,48.48518033787306],[37.61553445351774,48.48828227765861],[37.61180938090544,48.492466527029904],[37.613361202904144,48.49442603807512],[37.62066239432261,48.497582672214264],[37.62354846961884,48.52531783634538],[37.640186643281055,48.52579148365834],[37.649532950165764,48.50752871135148],[37.66500938781283,48.504076420757315],[37.67963545484412,48.495662394166516],[37.68619422005685,48.49649060754439],[37.690375811652956,48.49240369048778],[37.700230281929464,48.49151184567353],[37.71624371329224,48.484414146116336],[37.728174945954976,48.4951600454871],[37.740524688916395,48.49578805588382],[37.74627508660183,48.48633861304572],[37.76267750557207,48.483086759176814],[37.770363039737674,48.46911617440185],[37.786663176241774,48.4555415195542],[37.78518706079586,48.449570648163274],[37.7821187080348,48.44094419878647],[37.76591741297554,48.422893918588585],[37.78300051283293,48.41040699755584],[37.80551194333259,48.402668272009805],[37.80671913953216,48.39968698108012],[37.80331801087437,48.39028853065493],[37.79989514961849,48.390827787359],[37.80019750635063,48.38675929153027],[37.80471429599464,48.381874487429684],[37.851724970202724,48.36497653918019],[37.870079426746486,48.354114583291846],[37.90630658756942,48.341145975653234]]],"type":"Polygon"}},{"id":"e7756804-6807-44a9-8110-c6ab01dda52a","type":"Feature","properties":{},"geometry":{"coordinates":[[[38.44612252811265,48.655850599519425],[38.43148358462514,48.65061533300428],[38.42899659642116,48.644991907984924],[38.42653055863224,48.639415854757715],[38.43720708132872,48.6296432313176],[38.439848695189596,48.61894842894202],[38.43709701408238,48.61167175792684],[38.40642225270278,48.601191509080564],[38.4028042474047,48.59189975984029],[38.40132879754606,48.548670714061245],[38.417477187905035,48.52002134694854],[38.41051145797264,48.49207590844562],[38.39745894462348,48.43876985555826],[38.389116383300575,48.43115917962018],[38.39030817777652,48.415637775759166],[38.36960074878053,48.4032765808918],[38.35422369716281,48.389567030680325],[38.32129731100022,48.371434385611536],[38.29339129100023,48.3603983613732],[38.274674324305494,48.35970546218877],[38.23503248571552,48.38722306821276],[38.2191895810555,48.39523599323903],[38.19028856504568,48.41649874896467],[38.16486671491816,48.40265424321893],[38.14803261796476,48.414026792228015],[38.13730646769267,48.41798186531298],[38.121962113832694,48.41936606820471],[38.11421544974749,48.408390281468],[38.04220593636185,48.40882627295403],[38.005724507887834,48.392242661767796],[37.98152269857931,48.3907949124264],[37.95169326693693,48.37572271199684],[37.942400963976155,48.362508694445125],[37.945972733837436,48.35989817480302],[37.943353435938434,48.35697106944559],[37.93466212927788,48.36084747015187],[37.92966165147257,48.35910708183181],[37.92047804512899,48.34685752877556],[37.90630658756942,48.341145975653234],[37.870079426746486,48.354114583291846],[37.851724970202724,48.36497653918019],[37.80471429599464,48.381874487429684],[37.80019750635063,48.38675929153027],[37.79989514961849,48.390827787359],[37.80331801087437,48.39028853065493],[37.80671913953216,48.39968698108012],[37.80551194333259,48.402668272009805],[37.78300051283293,48.41040699755584],[37.76591741297554,48.422893918588585],[37.7821187080348,48.44094419878647],[37.78518706079586,48.449570648163274],[37.786663176241774,48.4555415195542],[37.770363039737674,48.46911617440185],[37.76267750557207,48.483086759176814],[37.78078731130748,48.49140871653185],[37.768844655467205,48.50052646658119],[37.77469352908497,48.510907375818306],[37.7675768469995,48.51802007089552],[37.770831341385644,48.522093966928],[37.75577672451365,48.5196869799251],[37.74576814970408,48.52355824114605],[37.741838141324195,48.52977983342109],[37.744545433225255,48.532197190807835],[37.7414912796813,48.541360210799894],[37.770916029717284,48.54396308145874],[37.79697997353057,48.54826171187818],[37.79846645775024,48.5571307650344],[37.793894370479876,48.55940442419032],[37.787835487414014,48.55879220771047],[37.78721124962601,48.560577816604365],[37.79059428473391,48.56092866525904],[37.79199666581491,48.56279117509243],[37.79151588252762,48.56399726835997],[37.8033289113969,48.5648357927536],[37.80324066294423,48.572322668820505],[37.81597120820831,48.57570664113922],[37.8202433491073,48.58258044815042],[37.81386242326664,48.58793008521519],[37.81816200524784,48.59043337605803],[37.81713999819553,48.5929092735897],[37.7840565141216,48.58918759526233],[37.78317680475023,48.59566579573412],[37.78612302734821,48.59591316008558],[37.78733093321637,48.59790449524195],[37.78283847090674,48.59765076312172],[37.7803062657023,48.60089132789595],[37.76038117256232,48.60261770368507],[37.758305127511505,48.61609467196507],[37.76261169478374,48.619283179604224],[37.77783286969452,48.62017286004718],[37.78756950948772,48.62388630661957],[37.78159333284975,48.628373294138584],[37.778517907592175,48.642268433421776],[37.770439479700116,48.65283283821822],[37.755395709427404,48.65603912276916],[37.752013787665646,48.66113677043282],[37.75439860797101,48.66485836136951],[37.781580707156024,48.6730625947188],[37.7928371096136,48.678489253058046],[37.78610843543848,48.6908031753529],[37.80297098647523,48.69270048022844],[37.804952126648175,48.70201159491813],[37.80891387575315,48.71017305014274],[37.80821777155958,48.71507316175246],[37.79828889089268,48.71970183434311],[37.79795383891147,48.7221084211036],[37.8161277041398,48.72204579809821],[37.809807635609275,48.732867235685774],[37.81661772231871,48.73695218477266],[37.80795699224413,48.74045122278096],[37.81104742951399,48.7438367841641],[37.82109683579591,48.74093870490228],[37.82667123817481,48.74705446542103],[37.832640587099036,48.74565675889298],[37.835098317280455,48.75260226960367],[37.837719450022945,48.75744162710623],[37.82536671764376,48.75641903362441],[37.81865862929217,48.76235638124584],[37.81241962507312,48.770057439794215],[37.82608545484038,48.78275137343937],[37.84106977947749,48.78201580835537],[37.84760439332101,48.77582818690212],[37.86969644599756,48.775490121930034],[37.87186159508107,48.779556680055265],[37.870337563034724,48.78196958639572],[37.87277664835014,48.78277398303027],[37.881992206571795,48.781017622387566],[37.890733622897045,48.77815556436062],[37.900665266090215,48.774259805781725],[37.913244879743644,48.78333672788432],[37.92353858228742,48.785533486695954],[37.920881086759124,48.79524290347726],[37.92922531121425,48.79806725608867],[37.93779708114357,48.79601444980776],[37.940680310713645,48.79844626527097],[37.935756784285246,48.801886778577824],[37.92757859934247,48.81120154432915],[37.91784558209068,48.809621256227615],[37.90716247774668,48.832655710544344],[37.88932226987481,48.82615258321212],[37.86108627825263,48.81954365719065],[37.85612886422322,48.81986928880622],[37.857292972256346,48.82882327849336],[37.8672230615158,48.827950196657866],[37.870528210376335,48.83825022037536],[37.88037249982119,48.83927357914533],[37.87477161699894,48.84661521235242],[37.89243776831668,48.852203807807115],[37.8890723465193,48.85863611961042],[37.89151454453557,48.86502456334583],[37.90246966509915,48.86537276023026],[37.90761216874574,48.869829461925946],[37.89803817659495,48.87553903198406],[37.90041735880345,48.87846319371701],[37.90387934890313,48.877794150012505],[37.9096154859908,48.879717256054505],[37.91534226977592,48.87937487548726],[37.92497367886827,48.88408240285514],[37.92690984021672,48.886672032332605],[37.932824004668475,48.89458040770492],[37.932805713924665,48.89872005080778],[37.9298632223568,48.900172458712916],[37.937116311687504,48.90921881799966],[37.94094654208226,48.91874304077152],[37.966127408164624,48.93774526069299],[37.97803397195048,48.942034596979425],[38.142325413679714,48.93267899987774],[38.16037042519659,48.93056924080565],[38.16847538802432,48.93107157249665],[38.18672776800862,48.928707105270554],[38.21129906634537,48.93124598943791],[38.218175631607636,48.93287992467913],[38.231319576542205,48.93912659402659],[38.233323150981875,48.941059300587355],[38.234245082278875,48.94315430812864],[38.233891194114136,48.9454521488982],[38.25108941687668,48.954329154830674],[38.26062986429346,48.96745374693381],[38.25199803091695,48.983556480728225],[38.24738518310693,49.00222936889969],[38.256549168137894,49.018678992889846],[38.29108326805513,49.02467923741176],[38.31474184291622,49.01601965842215],[38.55118127746968,48.860494860542076],[38.59461051855095,48.84017734909497],[38.676061422776,48.72905805819255],[38.67969364183688,48.72368517738815],[38.631824235478746,48.720647361990075],[38.58413209975663,48.71963074505277],[38.57906900651963,48.708446602617784],[38.5778582668338,48.6971146766204],[38.571935623020295,48.688716522561094],[38.558349197555344,48.68675467051935],[38.549653885257555,48.674904885784485],[38.542015707694475,48.67322487880136],[38.52968817633578,48.67555068748035],[38.51753861270382,48.671044335650976],[38.51555740230674,48.665883340903406],[38.49695603802411,48.663338994053674],[38.482317094535546,48.6585407333572],[38.46450375790988,48.655850599519425],[38.44612252811265,48.655850599519425]]],"type":"Polygon"}},{"id":"0d093787-50b9-44c0-89bf-8a37159a2e3a","type":"Feature","properties":{},"geometry":{"coordinates":[[[33.49344587930031,47.552274108969726],[33.56933032538845,47.56110377684851],[33.60249097224951,47.504087374523124],[33.639141501556054,47.47099161969436],[33.65349798696684,47.4492141414766],[33.69360038334807,47.452390158170346],[33.70835006891309,47.45505574354763],[33.722290625486664,47.42996134833808],[33.63338859231061,47.44093118774245],[33.618407223198545,47.45133397846868],[33.61962554406384,47.4665959147668],[33.595901812131075,47.49627793585273],[33.55404946763008,47.505593473360875],[33.54616619402154,47.51762331666572],[33.499474607631896,47.510931594063806],[33.5100942338095,47.493054075500595],[33.458516306181,47.48809946516854],[33.403608906621,47.482798575643585],[33.40226266248388,47.506751371462286],[33.43810416677755,47.519468554292644],[33.465886605427215,47.52648107939001],[33.49344587930031,47.552274108969726]]],"type":"Polygon"}},{"type":"Feature","geometry":{"type":"Polygon","coordinates":[[[32.15971160958506,46.78391197266512],[32.15872380015173,46.81652300886262],[32.22709776422673,46.801627204272506],[32.24312618556681,46.78575011817978],[32.2163084611401,46.75297439043439],[32.18040920223135,46.74990991077436],[32.16866685206213,46.703696614040695],[32.138633921125745,46.67353120099028],[32.14355208901446,46.63554233087811],[32.14954472436395,46.5988467210112],[32.12368389941594,46.588589301371144],[32.09499065961404,46.60486497118691],[32.03552788177629,46.610591649320014],[32.006960012104486,46.63659720571755],[32.019570438803726,46.63641477027741],[32.053070818777684,46.64190860233137],[32.07958769220511,46.66217506650696],[32.091335656708736,46.690674340696916],[32.098289228600066,46.70589708229005],[32.125485304007015,46.71427691696198],[32.12467456542465,46.74459283786462],[32.15978905138104,46.748149706391644],[32.15971160958506,46.78391197266512]]]},"id":"8f9456f1-190b-436f-9909-3acd4860a477","properties":{}},{"id":"418a53e5-49e1-4ba5-b451-c0e4f733d734","type":"Feature","properties":{},"geometry":{"coordinates":[[[36.23276159070926,50.151849965094414],[36.21618477821545,50.156710094687355],[36.187498203341676,50.144869142894606],[36.15530319066417,50.14137621392533],[36.148629777762665,50.14844197376479],[36.147663705345764,50.16585259981099],[36.15910737498143,50.18284605044738],[36.140422395882155,50.19448160763466],[36.13420920743749,50.19817632062342],[36.138731367232594,50.21350901235394],[36.14225596971224,50.22013697708431],[36.14768053623092,50.222732125084946],[36.152183547571894,50.22994139158709],[36.15090468451811,50.233986265509714],[36.16039096569597,50.25939337108244],[36.144832374113804,50.28593648520402],[36.128026324781416,50.2928422113805],[36.13099072323817,50.31472352361425],[36.12588842489777,50.323944153296935],[36.15647451706428,50.33144556073583],[36.169647193490846,50.34702401028653],[36.097488136516944,50.385535377195],[36.08008563426347,50.37911129174441],[36.05506149600677,50.37054631666888],[36.041944248610776,50.38624871891432],[36.039708416724096,50.40056692360332],[36.06554781189766,50.41035613158641],[36.08925117636599,50.4246987873218],[36.10399099670212,50.44189043672253],[36.114718633453094,50.438639992900534],[36.12598792558356,50.43808787739994],[36.13696826150374,50.4379038374683],[36.16066267059708,50.431554021644786],[36.170631659788626,50.4086323859928],[36.17742213068101,50.40181819540203],[36.18469115640286,50.40664395920999],[36.18100316342702,50.39784977160815],[36.1894720343129,50.38838425198864],[36.21391483158745,50.38396162963629],[36.22134347437813,50.37759226401252],[36.206043700184324,50.360544251025715],[36.19531392222967,50.35683111118115],[36.19356219570864,50.34212070172845],[36.20921092114082,50.34076707076386],[36.2426598005232,50.35769502585822],[36.25525028200815,50.3555379921352],[36.283682004610085,50.335584447419365],[36.27390434288779,50.324006757178694],[36.28102372657369,50.32328906686311],[36.27596521710879,50.316709734013585],[36.28570753162151,50.30510396395559],[36.28626958822716,50.298641792330386],[36.299946298968365,50.29959920648895],[36.29730504928932,50.292251623200315],[36.3546348230673,50.28866066621052],[36.36250361554846,50.287104500687434],[36.374195598007674,50.273640341724246],[36.37244493294972,50.26144873053761],[36.38855287541966,50.26594042483168],[36.401765327181096,50.25331781110452],[36.40623651196111,50.25364579177517],[36.4285849645664,50.24741902987688],[36.437025330795706,50.245312684141055],[36.44580215146368,50.24367143623928],[36.451298065500225,50.24702587525883],[36.45974782835748,50.246258011078766],[36.46637422133486,50.242759806589305],[36.468375480958514,50.23715645632964],[36.46690532549954,50.23016582902403],[36.46424443904152,50.22849835561561],[36.45805380524007,50.22790777813472],[36.458216716656324,50.221237218827184],[36.47540278442273,50.21520233956886],[36.48074760210315,50.215259587562656],[36.4940742960041,50.210250679929686],[36.519152258382064,50.22460113065341],[36.530393146061385,50.233494375153356],[36.534603992291835,50.23474726205836],[36.53964001729594,50.234559615391674],[36.56892719182818,50.23090035779529],[36.578852561493136,50.22476969014653],[36.58905608767071,50.222191992327424],[36.613529482565355,50.22360544823411],[36.615987619272175,50.227131640460016],[36.64089772043741,50.221819300272614],[36.64779373714336,50.21767706522044],[36.66451355690694,50.2216272082259],[36.68114905580208,50.23836175992082],[36.69034001179918,50.267805541542316],[36.69948873393429,50.265341448723746],[36.70058010309299,50.26460186518],[36.732906523680185,50.2584966150766],[36.74312632896459,50.26515821176622],[36.75502117347415,50.26494390256863],[36.77161202206108,50.26275495555669],[36.773776463129366,50.26099190270554],[36.77082727588822,50.25779684426024],[36.777813127003924,50.25253499675432],[36.78608375175159,50.25323815321258],[36.796064953205985,50.25295807863171],[36.80350906999894,50.25166971153115],[36.80767177961594,50.24276976553725],[36.82930680543362,50.24502013363775],[36.84176863581865,50.24275796759329],[36.840683940868246,50.2336562248193],[36.84338188687667,50.22625916768277],[36.86884190468021,50.23286427388186],[36.88152916769519,50.23484164562382],[36.887998956207554,50.228000226840805],[36.89125929016734,50.22285210011526],[36.890585143458196,50.2125266893529],[36.897171749918925,50.212384639145085],[36.89856525636816,50.220664985052565],[36.894130000250726,50.22752359527996],[36.89375674274075,50.237112526741555],[36.90472911444141,50.23667466528019],[36.91120055216595,50.2497690826693],[36.92171113728432,50.24972797059692],[36.926172696576316,50.25480722815553],[36.931520405890126,50.25426387878417],[36.953611675024945,50.25425011996339],[36.972114158904645,50.270286371066845],[36.99295427429547,50.293964103224596],[37.012020524310714,50.302101851791434],[37.025344715079285,50.304074906666926],[37.03728260890034,50.309788757385036],[37.05553474363765,50.314447440905525],[37.05860874301078,50.32008066537986],[37.057426435559194,50.32445601183974],[37.04754675568631,50.32982228954643],[37.05229430113559,50.333668704756406],[37.05352288527578,50.33694811035423],[37.05968345433243,50.33764520928926],[37.080419200624675,50.314795096768336],[37.071597113200426,50.28783345617043],[37.08385056689892,50.27818102799873],[37.09261204559732,50.28898245227967],[37.10228549407288,50.312834321914124],[37.1312057832333,50.31501261971661],[37.122964488050144,50.30242793684104],[37.121704385304355,50.28756443754679],[37.13573114303327,50.28525192068727],[37.15292185823077,50.30620920427583],[37.168431809197756,50.3111380148037],[37.202657501575885,50.33149073195361],[37.22805109428026,50.33748678875483],[37.215842228429466,50.35950755786425],[37.223046594099856,50.37786030056506],[37.22192002481944,50.37932026983489],[37.25590632778233,50.39253570567382],[37.25816179921395,50.391173448008004],[37.264155273168086,50.394202332020626],[37.292748813901596,50.4014064398834],[37.29986342004068,50.406678510810565],[37.309150407022685,50.42346098559787],[37.309497451591426,50.426187869016246],[37.32025583320592,50.43304123402359],[37.33311312633663,50.43661013079381],[37.351990378926075,50.437429908964305],[37.36850797494753,50.43401407291478],[37.37745170385381,50.43247661526598],[37.37580396267947,50.4293227787783],[37.38940303305279,50.423353007254065],[37.42222376613171,50.429334517623005],[37.45836391171676,50.415503394779876],[37.46323574961872,50.41563989240797],[37.465481365911245,50.41010123798861],[37.46611725716775,50.40724255952304],[37.466677898650744,50.37967657881657],[37.48492841990918,50.356731759191405],[37.505411607347554,50.35265276304898],[37.50784354582339,50.346498791650106],[37.52173582271723,50.336382223074736],[37.55575449504681,50.32948610433934],[37.5770398967868,50.30726857916946],[37.58666140499588,50.314989740585816],[37.60867524524778,50.31617589296272],[37.63421207791254,50.31263085663747],[37.63801433358432,50.302757942954315],[37.62607864005676,50.29318303699333],[37.62702754219786,50.265543781339616],[37.60246558141341,50.26490274892802],[37.58769333100628,50.2514759958635],[37.57462182376298,50.24674625717586],[37.528738969138885,50.253837260918175],[37.4924185261967,50.25403835219001],[37.48490284019252,50.24903752287992],[37.50243949260542,50.240279588882515],[37.478494776670715,50.23075130717652],[37.48534446247518,50.22481154614189],[37.51264423044171,50.22770875146824],[37.51746063573998,50.223993657980856],[37.507168529556736,50.20712646043387],[37.52422351287851,50.204558095429206],[37.5622529176548,50.22278279960503],[37.57571498043686,50.21585001920741],[37.5863345760084,50.20338342781179],[37.611631741535746,50.19951682397405],[37.63408928461199,50.198566468411826],[37.64341122327491,50.191183700374125],[37.639366626178514,50.18164977077066],[37.61535711707154,50.177646337913046],[37.6030785722956,50.167661358287404],[37.5908968493315,50.15052064283833],[37.57824694992564,50.14786940484308],[37.58836637191601,50.13463531356186],[37.60258227840211,50.13792148025294],[37.613635508327405,50.131570864533074],[37.62929756794105,50.13214266914349],[37.64323492607156,50.1367850855456],[37.6482953309355,50.14104325788327],[37.65785299094722,50.13806257659448],[37.654909869165095,50.13155740425941],[37.6471053463078,50.127019989164666],[37.64940593770166,50.122762719644385],[37.647163877712444,50.11901250031167],[37.65108854321741,50.11090278741234],[37.6565659123041,50.09293651259415],[37.665351372081794,50.08176148034072],[37.67228937105554,50.07694664529208],[37.68450849098582,50.07853302275723],[37.68720869480808,50.08374636513477],[37.70219309525896,50.086129597528725],[37.721756290194264,50.07929961139641],[37.73018238495419,50.071307205470816],[37.72703296952767,50.068970385849184],[37.73608627712386,50.06541785567924],[37.746585028022395,50.065721424800984],[37.75981653191582,50.054271421097724],[37.75340841691465,50.05201260823918],[37.754317898969475,50.03033736720326],[37.766718760587366,50.02084497115436],[37.76979193317882,50.00355816590954],[37.76258706421166,49.98617312060037],[37.741857913018436,49.97074118690722],[37.71990877517331,49.96346096090218],[37.72385446702819,49.95435471325857],[37.7440568977062,49.950599588518486],[37.754088396502766,49.92984011916525],[37.760061355983225,49.92625839411045],[37.75631258595752,49.92088063514868],[37.746730242375406,49.91508465447765],[37.73743985669404,49.90257344876835],[37.72942136315763,49.90173023720013],[37.71919369281437,49.90257344876116],[37.70979194959409,49.90223400094948],[37.71043260416545,49.89735840609907],[37.70102314745134,49.89477574501126],[37.68098534407113,49.89754750737072],[37.671656410696585,49.88527664547618],[37.66197911237501,49.892278486134785],[37.644470953088046,49.891951470950374],[37.645801673422056,49.87222606134736],[37.631960312440725,49.871301621502795],[37.62567362800198,49.86353588683926],[37.64156711356017,49.85696225659808],[37.62433962644218,49.852850849095915],[37.62697850426383,49.83606494736259],[37.62116072951767,49.83177324124429],[37.61596234249575,49.830902122825705],[37.61103126093113,49.82571473841287],[37.608072611981726,49.82669353276762],[37.60003115586568,49.82728079987396],[37.59242684159577,49.82226486816384],[37.59133710178,49.8137577804188],[37.59430217263497,49.79705045696386],[37.5895124427837,49.79071930408401],[37.61338031028174,49.77678866905421],[37.61946920409727,49.77431613777654],[37.62511453668398,49.771140707497125],[37.62452610207612,49.76162282965885],[37.62789436041379,49.7567142736352],[37.62124096026872,49.75020964558746],[37.62472131778645,49.74119443541716],[37.620053458964975,49.736209886944295],[37.62346655908132,49.72850657888665],[37.61986985399665,49.72581726445091],[37.6165097461143,49.72556867822374],[37.61493434751216,49.72686651254688],[37.60218150619633,49.72536159951375],[37.592945543294945,49.720715915529524],[37.60110386124896,49.71596645542192],[37.60944370088782,49.71226397894398],[37.610105327271384,49.70935991282917],[37.617101425544064,49.70984056866587],[37.621701229262044,49.70893266026039],[37.624526736803226,49.7135437534223],[37.6245843590911,49.720179604131374],[37.634034010151,49.738488313091324],[37.64986148540871,49.75013533358808],[37.65650206158918,49.75154152213423],[37.66295505683138,49.745112856423304],[37.673130098156975,49.74401407497817],[37.68638535776276,49.74015203374984],[37.686513862183574,49.731887676233214],[37.7027598271942,49.72150262761136],[37.72158970282334,49.71917423339326],[37.73095433845083,49.72538240732811],[37.75748512767265,49.72020817383171],[37.74008384106074,49.69565723083156],[37.70172518671097,49.687790717507255],[37.70297514628456,49.67923575699993],[37.696422838764704,49.671597983923675],[37.6780696991658,49.67050043402236],[37.663947620568194,49.662498910973795],[37.66309557332079,49.65818963609303],[37.690726570637054,49.660962649378774],[37.689131588973,49.6500721434646],[37.69836416475536,49.6345967150566],[37.69877458279771,49.63146239988197],[37.70448729111473,49.63199438357785],[37.725856625405584,49.63972349367745],[37.75479740790237,49.63563991860127],[37.76270948355085,49.62160130892866],[37.78681733713364,49.625334339506],[37.792157847719636,49.61164674299559],[37.775125208511895,49.604887543722896],[37.7827219785116,49.59684016487111],[37.77010689061888,49.57377573729826],[37.761159213600564,49.57221969703943],[37.74016703358072,49.57252551149466],[37.72405679661591,49.56594853601706],[37.713369258103114,49.564686386939684],[37.7084501106726,49.56141258808779],[37.70072456892743,49.5595813928403],[37.693955882774134,49.553570445811744],[37.68945625273085,49.54294385482615],[37.69081114328662,49.52677354103915],[37.693518552459295,49.5137744635735],[37.69012835421361,49.501633364053816],[37.697706527846435,49.49830138982887],[37.7103068747015,49.50657824681997],[37.71669708351132,49.507299011275734],[37.72325916471274,49.49302086067971],[37.742705874925804,49.48026941171699],[37.75083056106243,49.4715138921633],[37.73831028995025,49.4651064356332],[37.71100348115985,49.44887848654693],[37.66353740161847,49.448820392485175],[37.651207898336196,49.439838551632135],[37.66387047014493,49.423288947430734],[37.67766094027175,49.409279837372424],[37.7116896497655,49.41278615195981],[37.76394042134726,49.395530425265775],[37.76951531982019,49.40059877769781],[37.81614470676419,49.38402946704309],[37.842885052121574,49.38467189262593],[37.844016418819905,49.37297934649442],[37.85275710979664,49.36999209028755],[37.8579790914379,49.37011353324914],[37.8632943227521,49.373270944938724],[37.875043781435295,49.371995860779634],[37.902404490845356,49.374348816214564],[37.908284561736195,49.37181619860635],[37.929687007689125,49.37642156336776],[37.933419463489116,49.37404535728163],[37.934635145082325,49.37083487652268],[37.938786963181315,49.36937230533758],[37.935700701786686,49.361892176431724],[37.94475302650102,49.36149322514004],[37.947282990280456,49.361082370459485],[37.94952905580905,49.35917620924482],[37.94911960395399,49.35691461655114],[37.95407695835638,49.352368116327085],[37.95464869254991,49.34633993544952],[37.94902664255483,49.34236217390156],[37.940950595844356,49.33598891283896],[37.94629473670392,49.334117399131884],[37.956858674196695,49.33267760568586],[37.96106491441432,49.329665258798116],[37.980830966972206,49.331541270301784],[37.994885040251006,49.331541270301784],[37.99860379929123,49.32821819641444],[38.004549711601896,49.32736944632728],[38.01472273623227,49.32711016135224],[38.014166403666394,49.3244653786291],[38.01701835036221,49.318733326988934],[38.01828998116986,49.31411704467541],[38.01216312154901,49.31323523161163],[38.007235563994385,49.307684645766045],[38.00447242347275,49.30014708505601],[38.00719369349946,49.293807966212825],[38.007549052803,49.28412686943696],[38.00853060659105,49.28111748138605],[38.0001467191471,49.270214489450325],[38.00661915005492,49.26599951615674],[37.99334594144659,49.257531013994196],[37.98219012818362,49.25816820851074],[37.974285447039705,49.256434059065356],[37.969645357082584,49.25086197897852],[37.944904623731475,49.25137372693959],[37.934106172752706,49.2465464680665],[37.927844456424026,49.236463520623175],[37.91381891624489,49.23484884893063],[37.915695577741566,49.22866431480451],[37.885803414434065,49.23098128949701],[37.873014804343626,49.22875258168588],[37.87512102082633,49.2211524218545],[37.88319287286134,49.2169798031845],[37.87856991025126,49.21231600328917],[37.87572367028022,49.20604841261829],[37.884801238630814,49.20158460358553],[37.88269554293825,49.195878214221324],[37.85019805869132,49.19806675045302],[37.837292312965076,49.20163620123142],[37.8050615550689,49.20394622777948],[37.776445206676726,49.211503518986234],[37.767141587882264,49.20409593405091],[37.799977894500785,49.19549228469793],[37.8119516709306,49.18683228491432],[37.80407997660157,49.18232228837479],[37.79602957600139,49.18415214706016],[37.79638314175949,49.18607076059817],[37.79295209902251,49.18682649205042],[37.783918937043694,49.18873995130804],[37.7790923522802,49.18585316596816],[37.77634263668733,49.183768063793366],[37.75959676512204,49.1861181406515],[37.753775952741194,49.18221605328662],[37.74627074415034,49.177718441957666],[37.75843644688382,49.172766267752024],[37.76426216757764,49.16744501543889],[37.761944249849165,49.16291038913954],[37.75798562558094,49.159990676797946],[37.749794940708284,49.15451525928057],[37.74697709034092,49.14705964012535],[37.74155334721661,49.14126489683238],[37.74522981434458,49.13728737989919],[37.74549776190338,49.13374668356445],[37.74045475627179,49.13220555672851],[37.72272272369602,49.134947630690334],[37.71655993212556,49.13083039466355],[37.69835038005246,49.136634812905555],[37.680794221618726,49.12777218236164],[37.67325409987035,49.11439017855645],[37.675671879352734,49.10121007938736],[37.69684330617804,49.098887066361385],[37.70067180360152,49.09475637303231],[37.69919718201234,49.09021561173893],[37.709135271422014,49.085506306275136],[37.71626731569336,49.086602113214155],[37.71148350703223,49.07864525227072],[37.707144704729586,49.068074920684836],[37.72015084060703,49.06027877498181],[37.75546914661106,49.05997783019248],[37.78558757864448,49.06281758328021],[37.82085518564236,49.06455890354428],[37.83935336178425,49.07329268540346],[37.85407264241519,49.07437953174275],[37.870733802421,49.068248830712236],[37.88957123925496,49.076051408160424],[37.90923343318958,49.079763448832544],[37.913874891826396,49.07194085837776],[37.9301357524231,49.06906647466295],[37.93936981247418,49.06565253274522],[37.93595214648229,49.056284282780524],[37.93890692862024,49.05006749888868],[37.91955950146388,49.0409170424104],[37.916100541361146,49.03496388528646],[37.91984834980341,49.02610859519257],[37.859605179592535,49.01851409069113],[37.84673463055856,49.02492480360959],[37.83635726328569,49.01920963339924],[37.85394203683427,49.005143853940694],[37.91644973502457,49.00504194850015],[37.918290564504474,48.98389148296067],[37.89023814545533,48.98255299266535],[37.879344136610314,48.974878065676506],[37.86468123441668,48.972594792330995],[37.841575631874235,48.9713764128463],[37.83959188413456,48.971036017303305],[37.837821780043924,48.97155662234849],[37.83681664946644,48.971253646450435],[37.84016917248027,48.96931398077044],[37.84874505201495,48.96819262188441],[37.852732927248496,48.9642052339064],[37.8593325040562,48.955900079053976],[37.87094836939002,48.951131402631574],[37.86174798572216,48.94100112297127],[37.873198867315296,48.939856334704075],[37.880769077774914,48.93742790767055],[37.87846108482256,48.931720638765626],[37.86712096006312,48.914068578389276],[37.86664603588307,48.907621180462684],[37.88059099539234,48.90481730249647],[37.89977727845823,48.90041889243753],[37.91526716591895,48.89799255963362],[37.91212023337937,48.88865210861499],[37.90199825892779,48.88459170585679],[37.89680670967158,48.88878960305692],[37.88260054630658,48.88518610796649],[37.88389926912646,48.87812586605645],[37.872642346441154,48.8770237608224],[37.86182098119343,48.88068816583558],[37.86346603009727,48.88621089895426],[37.8577881650215,48.88552819443427],[37.824390936126434,48.89379001647643],[37.78900971343478,48.89139857680118],[37.769567752146315,48.880809777019465],[37.75881341645106,48.88920527847904],[37.765192439327166,48.909305033856526],[37.74165604457886,48.92029141048016],[37.73494002818666,48.937577274541724],[37.71779742102163,48.95352874984121],[37.698425621379954,48.95765757498904],[37.69171159207147,48.949907683871146],[37.67156400060256,48.94224687060864],[37.63572249577996,48.94976840685467],[37.61302994538869,48.96285874709139],[37.61727154359252,48.96773193231547],[37.626603059640956,48.9675927050605],[37.63324848025604,48.98291203051804],[37.62625210441527,48.98555201734635],[37.633672640076924,48.99223653093517],[37.62709816286127,48.99167989332025],[37.622644484746985,48.99446301920284],[37.63621759899925,49.00573308908508],[37.648258095012835,49.00985263174721],[37.66451742347749,49.01842569210612],[37.65272144008205,49.02135274043485],[37.66196694058132,49.03075994419535],[37.627535421480616,49.03828442676695],[37.623072076413024,49.044971900259924],[37.60314877189839,49.0449257502971],[37.57365758068701,49.03187786454819],[37.53440629879003,49.021138477524914],[37.52746007338874,49.01271250068402],[37.43312015571661,49.002961980515806],[37.41096022832218,48.98537209227595],[37.35629995958993,48.99171443995061],[37.253428541046105,48.98316715755817],[37.177260824249515,49.007803226678845],[37.174765834667255,49.03412947436229],[37.135161721740246,49.047356678192386],[37.093284242314326,49.05185066492089],[37.08742120742738,49.057841315317745],[37.07756459301683,49.09185062881886],[37.03106809666937,49.10741888257775],[37.00894194947605,49.099501219164836],[36.98409083866204,49.09631361107668],[36.96650019327285,49.10550767214767],[36.99545417329398,49.13076640453676],[37.039898976087414,49.144494116823324],[37.04057795076773,49.166684485282246],[36.998213819248775,49.18189689248001],[36.97070031638788,49.172172465838145],[36.96828154690422,49.18015770443421],[36.949838429598685,49.18268741229204],[36.94560558300233,49.17703491797434],[36.93261103021368,49.179639301844134],[36.921246969795355,49.18858853494929],[36.92234635947031,49.19532080612112],[36.92455516249194,49.19723724146846],[36.92359611504493,49.20059292742296],[36.93316737738377,49.2039100849324],[36.93410575845658,49.21167978208476],[36.93128501629914,49.21498965060144],[36.93752953990787,49.21672691209298],[36.94686485325218,49.2240525302978],[36.947358938473656,49.22851482253054],[36.946514051165536,49.24478736863847],[36.92528346638494,49.26890361432018],[36.924580914329454,49.275821135271485],[36.93274216565595,49.275315459910445],[36.95153414556134,49.2833134212936],[36.95375802343929,49.291235231032005],[36.95043466583539,49.29414444082738],[36.96116455177534,49.30035040814417],[36.96602742520855,49.297895762110954],[36.976309937677286,49.303230232848534],[36.985172213611776,49.29904420389269],[36.99252006211748,49.30228399843196],[37.00121190966928,49.303543466164655],[37.00581347602815,49.303654594129995],[37.00996056668919,49.3019135606244],[37.00899480585289,49.300061329795966],[37.01122038392802,49.296719673288806],[37.015248158021535,49.29657319794444],[37.039951469510555,49.316526066791],[37.0776852857677,49.33708458806228],[37.07473412620462,49.34915506921999],[37.07201967152619,49.35068759401551],[37.06335220635853,49.35203430441692],[37.05747138567449,49.354899811915004],[37.05531514830747,49.36112997842375],[37.03903117182881,49.373679212762454],[37.03158931356285,49.37451786103321],[37.02984146390281,49.38048518790961],[37.006340329132314,49.3766295033401],[37.004004336244066,49.38130089897027],[36.91883743901363,49.38760546256165],[36.88928076276457,49.37980905380914],[36.85296220496588,49.40086152339572],[36.8275269390997,49.4069274457714],[36.78891464846038,49.47551412350842],[36.793000934749955,49.551356216695524],[36.76631238168119,49.60123108624015],[36.734678208378824,49.62076039917605],[36.72852519537372,49.64079906509838],[36.72959848036797,49.6535524483165],[36.73252343175116,49.666518609210954],[36.76442683350842,49.681350371833105],[36.79147359382674,49.69632289081355],[36.8025345397007,49.71134818253367],[36.79887534730847,49.72176787660871],[36.802262540678896,49.726147319965946],[36.812508800622396,49.724340847450634],[36.821315503382436,49.724778786354335],[36.82864163270034,49.72792446815501],[36.83634749761771,49.73263175682345],[36.856731876325455,49.7323889540132],[36.88640127747877,49.75759321662943],[36.925742088346226,49.79064119904197],[36.89276572032446,49.79930888252582],[36.88932564389455,49.80508887915852],[36.89841931314919,49.8122482134317],[36.976126011228416,49.8355413796576],[36.986266596753836,49.83284190961325],[37.00307769518014,49.84252337010179],[36.96309793380857,49.865654761699915],[36.97782731957619,49.87477144091238],[36.979849952686834,49.882280744360855],[36.98670516306436,49.90286993595882],[36.910643211938975,49.947099025050164],[36.86894298211911,50.003778850162774],[36.812656838674485,50.03182083849645],[36.76647081262422,50.019090787856214],[36.747676161792526,50.029428862702986],[36.5758259832294,50.04692050117986],[36.55895310618507,50.006114462995185],[36.54280063932623,49.983219125593905],[36.513075222551606,49.98613842832118],[36.48334980577698,49.98905773104846],[36.42137817929918,50.016882174190606],[36.368171337437815,50.045120591538335],[36.331200970895,50.07662473184081],[36.34039206995536,50.08487036048214],[36.314963443135554,50.096995292423365],[36.2496361425292,50.1275914320845],[36.23276159070926,50.151849965094414]]],"type":"Polygon"}},{"type":"Feature","geometry":{"type":"Polygon","coordinates":[[[33.24104552942973,47.336407760239354],[33.21952900319533,47.354060505189096],[33.21415933371367,47.347628031828776],[33.20749916728866,47.34628643454434],[33.20000883449865,47.339517358095236],[33.18370171716853,47.341023881269535],[33.177366107135,47.342802835675506],[33.15134354140872,47.29987491485414],[33.1018216340683,47.23511417459068],[33.18440355954496,47.24311617243373],[33.21224044654849,47.28555154177175],[33.23089423739293,47.29081598022006],[33.26034485698119,47.286984886938086],[33.276885615927256,47.29519403275188],[33.276482182782956,47.30559045493516],[33.252679627208295,47.30586401739822],[33.23815603398677,47.31188203312561],[33.23049080423024,47.32145473688894],[33.236542301406644,47.32364253996579],[33.24489545893297,47.32979675141827],[33.24104552942973,47.336407760239354]]]},"id":"c35233d7-7e84-48e8-97a3-9eafbb5564fd","properties":{}},{"id":"fdc62107-4aab-4b34-8a9a-a7ecf6ffacff","type":"Feature","properties":{},"geometry":{"coordinates":[[[37.768660014160076,49.980039716743846],[37.761465421187694,49.96946974241021],[37.752021323175995,49.97172690038059],[37.73409351178748,49.96515147785277],[37.727173515943804,49.96023866435175],[37.73487165961009,49.955867000777914],[37.74843213619468,49.9533290546087],[37.75327934510307,49.940352379752795],[37.77359346454736,49.92924435839683],[37.775140580764855,49.92178248437256],[37.770853226509644,49.913193997528396],[37.76876909597013,49.91215867482185],[37.75269207704406,49.91350093569659],[37.747392430812056,49.91242727411037],[37.749417014766095,49.908247435292225],[37.74470885241047,49.90031585183564],[37.73893283346405,49.89786106217733],[37.73309726794838,49.90050762701006],[37.708564074158005,49.89314291264128],[37.70254986888483,49.89103302171904],[37.696416570426294,49.89080284622375],[37.69427289329883,49.891455007284264],[37.6824120361463,49.88885044663567],[37.678403123177645,49.88239718136583],[37.68155514759195,49.86998639870859],[37.67901297291118,49.864047634984416],[37.66505337321087,49.86320154928396],[37.66769512188111,49.85365990668086],[37.66312554778793,49.84982548559498],[37.666295854447384,49.8462755846798],[37.66905314809463,49.82649613406747],[37.676250871498326,49.819641461838756],[37.67072506633127,49.81129410636606],[37.66665170930676,49.80497101098268],[37.65606317619361,49.79828451646483],[37.64786470736311,49.79719592896271],[37.63248679353836,49.80108238197357],[37.628733159852345,49.805748449090345],[37.62619670763553,49.80546878450914],[37.62740561822119,49.80094777048993],[37.61374345746198,49.8024816553546],[37.61435367605105,49.80013251242099],[37.63081070708495,49.7889743255364],[37.62454998905805,49.7774516021828],[37.63788583716714,49.77395124745267],[37.64631065452309,49.75851611657998],[37.65256901220249,49.75508185727409],[37.65650206158918,49.75154152213423],[37.64986148540871,49.75013533358808],[37.634034010151,49.738488313091324],[37.6245843590911,49.720179604131374],[37.624526736803226,49.7135437534223],[37.621701229262044,49.70893266026039],[37.617101425544064,49.70984056866587],[37.610105327271384,49.70935991282917],[37.60944370088782,49.71226397894398],[37.60110386124896,49.71596645542192],[37.592945543294945,49.720715915529524],[37.60218150619633,49.72536159951375],[37.61493434751216,49.72686651254688],[37.6165097461143,49.72556867822374],[37.61986985399665,49.72581726445091],[37.62346655908132,49.72850657888665],[37.620053458964975,49.736209886944295],[37.62472131778645,49.74119443541716],[37.62124096026872,49.75020964558746],[37.62789436041379,49.7567142736352],[37.62452610207612,49.76162282965885],[37.62511453668398,49.771140707497125],[37.61946920409727,49.77431613777654],[37.61338031028174,49.77678866905421],[37.61891046391801,49.79164011179901],[37.608306210273355,49.79494923616264],[37.611399219923385,49.80362302752428],[37.61571934420655,49.807446738630375],[37.63125352309123,49.80924677140953],[37.64821923503615,49.80380482507471],[37.65858998435567,49.80621490667403],[37.662977763880036,49.81536292579369],[37.6669270257334,49.81698637144396],[37.66398660790671,49.82558622942449],[37.65210701615547,49.82861804055011],[37.648783110129614,49.83362773783364],[37.65335598994051,49.84256567412794],[37.64941394785717,49.85081211171189],[37.65794027411394,49.8517722690942],[37.66024656171419,49.854173046113914],[37.6477019969534,49.858351164196904],[37.65280590226581,49.86375120174401],[37.655187217781474,49.868429718787354],[37.66966862459506,49.87431877569608],[37.671656410696585,49.88527664547618],[37.68098534407113,49.89754750737072],[37.70102314745134,49.89477574501126],[37.71043260416545,49.89735840609907],[37.70979194959409,49.90223400094948],[37.71919369281437,49.90257344876116],[37.72942136315763,49.90173023720013],[37.73743985669404,49.90257344876835],[37.746730242375406,49.91508465447765],[37.75631258595752,49.92088063514868],[37.760061355983225,49.92625839411045],[37.754088396502766,49.92984011916525],[37.7440568977062,49.950599588518486],[37.72385446702819,49.95435471325857],[37.71990877517331,49.96346096090218],[37.741857913018436,49.97074118690722],[37.76258706421166,49.98617312060037],[37.76979193317882,50.00355816590954],[37.766718760587366,50.02084497115436],[37.77545462555332,50.022998371311644],[37.78797191463519,49.98904190284196],[37.78061682484358,49.986416589039806],[37.776070956344,49.98200787265068],[37.768660014160076,49.980039716743846]]],"type":"Polygon"}},{"id":"3c3234d3-a52a-4e21-9f99-ebd975f53b9c","type":"Feature","properties":{},"geometry":{"coordinates":[[[37.66105439515297,49.75188795080376],[37.65256901220249,49.75508185727409],[37.65650206158918,49.75154152213423],[37.66295505683138,49.745112856423304],[37.673130098156975,49.74401407497817],[37.68638535776276,49.74015203374984],[37.686513862183574,49.731887676233214],[37.7027598271942,49.72150262761136],[37.72158970282334,49.71917423339326],[37.73095433845083,49.72538240732811],[37.75748512767265,49.72020817383171],[37.74008384106074,49.69565723083156],[37.70172518671097,49.687790717507255],[37.70297514628456,49.67923575699993],[37.696422838764704,49.671597983923675],[37.6780696991658,49.67050043402236],[37.663947620568194,49.662498910973795],[37.66309557332079,49.65818963609303],[37.690726570637054,49.660962649378774],[37.689131588973,49.6500721434646],[37.69836416475536,49.6345967150566],[37.69877458279771,49.63146239988197],[37.70448729111473,49.63199438357785],[37.725856625405584,49.63972349367745],[37.75479740790237,49.63563991860127],[37.76270948355085,49.62160130892866],[37.78681733713364,49.625334339506],[37.792157847719636,49.61164674299559],[37.775125208511895,49.604887543722896],[37.7827219785116,49.59684016487111],[37.77010689061888,49.57377573729826],[37.761159213600564,49.57221969703943],[37.74016703358072,49.57252551149466],[37.72405679661591,49.56594853601706],[37.713369258103114,49.564686386939684],[37.7084501106726,49.56141258808779],[37.70072456892743,49.5595813928403],[37.693955882774134,49.553570445811744],[37.68945625273085,49.54294385482615],[37.69081114328662,49.52677354103915],[37.693518552459295,49.5137744635735],[37.69012835421361,49.501633364053816],[37.697706527846435,49.49830138982887],[37.7103068747015,49.50657824681997],[37.71669708351132,49.507299011275734],[37.72325916471274,49.49302086067971],[37.742705874925804,49.48026941171699],[37.75083056106243,49.4715138921633],[37.73831028995025,49.4651064356332],[37.71100348115985,49.44887848654693],[37.66353740161847,49.448820392485175],[37.651207898336196,49.439838551632135],[37.66387047014493,49.423288947430734],[37.67766094027175,49.409279837372424],[37.7116896497655,49.41278615195981],[37.76394042134726,49.395530425265775],[37.76951531982019,49.40059877769781],[37.81614470676419,49.38402946704309],[37.842885052121574,49.38467189262593],[37.844016418819905,49.37297934649442],[37.85275710979664,49.36999209028755],[37.8579790914379,49.37011353324914],[37.8632943227521,49.373270944938724],[37.875043781435295,49.371995860779634],[37.902404490845356,49.374348816214564],[37.908284561736195,49.37181619860635],[37.929687007689125,49.37642156336776],[37.933419463489116,49.37404535728163],[37.934635145082325,49.37083487652268],[37.938786963181315,49.36937230533758],[37.935700701786686,49.361892176431724],[37.94475302650102,49.36149322514004],[37.947282990280456,49.361082370459485],[37.94952905580905,49.35917620924482],[37.94911960395399,49.35691461655114],[37.95407695835638,49.352368116327085],[37.95464869254991,49.34633993544952],[37.94902664255483,49.34236217390156],[37.940950595844356,49.33598891283896],[37.94629473670392,49.334117399131884],[37.9518258031159,49.333363682659375],[37.956858674196695,49.33267760568586],[37.96106491441432,49.329665258798116],[37.980830966972206,49.331541270301784],[37.994885040251006,49.331541270301784],[37.99860379929123,49.32821819641444],[38.004549711601896,49.32736944632728],[38.01472273623227,49.32711016135224],[38.014166403666394,49.3244653786291],[38.01701835036221,49.318733326988934],[38.01828998116986,49.31411704467541],[38.01216312154901,49.31323523161163],[38.007235563994385,49.307684645766045],[38.00447242347275,49.30014708505601],[38.00719369349946,49.293807966212825],[38.007549052803,49.28412686943696],[38.00853060659105,49.28111748138605],[38.0001467191471,49.270214489450325],[38.00661915005492,49.26599951615674],[37.99334594144659,49.257531013994196],[37.98219012818362,49.25816820851074],[37.974285447039705,49.256434059065356],[37.969645357082584,49.25086197897852],[37.96822175015188,49.241802986686594],[37.94849305321446,49.235803392893445],[37.93926848980797,49.2267995104626],[37.94323382100936,49.21395102209402],[37.95420593089759,49.206774963805856],[37.936516556300745,49.192200086531244],[37.938739233342915,49.16761528974672],[37.94663699362491,49.14392480683492],[37.94975358674864,49.126244308478164],[37.93319786015812,49.120900985442574],[37.916667443295694,49.11423956623469],[37.8631644115907,49.117468403468195],[37.838418431894695,49.12628758099456],[37.79557517727628,49.11900487911663],[37.78244617019374,49.09513462813484],[37.7881550146177,49.08654652170682],[37.86355853331983,49.0844134588765],[37.895383491183935,49.09193417405149],[37.94423000707769,49.092822334511766],[37.9301357524231,49.06906647466295],[37.93936981247418,49.06565253274522],[37.93595214648229,49.056284282780524],[37.93890692862024,49.05006749888868],[37.91955950146388,49.0409170424104],[37.916100541361146,49.03496388528646],[37.91984834980341,49.02610859519257],[37.859605179592535,49.01851409069113],[37.84673463055856,49.02492480360959],[37.83635726328569,49.01920963339924],[37.85394203683427,49.005143853940694],[37.91644973502457,49.00504194850015],[37.918290564504474,48.98389148296067],[37.89023814545533,48.98255299266535],[37.879344136610314,48.974878065676506],[37.86468123441668,48.972594792330995],[37.841575631874235,48.9713764128463],[37.83959188413456,48.971036017303305],[37.837821780043924,48.97155662234849],[37.83681664946644,48.971253646450435],[37.84016917248027,48.96931398077044],[37.84874505201495,48.96819262188441],[37.852732927248496,48.9642052339064],[37.8593325040562,48.955900079053976],[37.87094836939002,48.951131402631574],[37.86174798572216,48.94100112297127],[37.873198867315296,48.939856334704075],[37.880769077774914,48.93742790767055],[37.87846108482256,48.931720638765626],[37.92372674972205,48.90798243645963],[37.91526716591895,48.89799255963362],[37.91212023337937,48.88865210861499],[37.90199825892779,48.88459170585679],[37.900114231082114,48.880658790532976],[37.90387934890313,48.877794150012505],[37.9096154859908,48.879717256054505],[37.91534226977592,48.87937487548726],[37.92497367886827,48.88408240285514],[37.932824004668475,48.89458040770492],[37.932805713924665,48.89872005080778],[37.9298632223568,48.900172458712916],[37.937116311687504,48.90921881799966],[37.94094654208226,48.91874304077152],[37.966127408164624,48.93774526069299],[37.9652295479317,48.94127323349784],[37.95362304186813,48.945772835822055],[37.95019812973271,48.940771082764456],[37.935114670409774,48.94111835289024],[37.933467666942164,48.936454075422716],[37.93515834013263,48.92763564669235],[37.93013319558045,48.9157446358619],[37.91425861670962,48.91563751558351],[37.888670526728845,48.935994923915246],[37.879403043479755,48.95152780351276],[37.88358339882794,48.95978615308533],[37.92357089528801,48.966033642354546],[37.96704791388879,48.96924390269726],[37.968483953885226,48.97644124119415],[37.964886472151676,48.98415856709454],[37.97547006469634,48.986585846562235],[37.97903514108202,48.98992311234605],[37.967859547671935,49.002225228034206],[37.95528827833854,49.00963602816225],[37.94184318955834,49.009686388887104],[37.93955107470089,49.013850085331995],[37.93855773982639,49.0196268390998],[37.94156093552098,49.01996043126107],[37.94003388607419,49.02326287806349],[37.952459119977874,49.02458475555417],[37.96248144691728,49.03340845829882],[37.95489543605794,49.03995422396511],[37.967341470214706,49.049141955006945],[37.96811846322328,49.06167823395731],[37.9645446622242,49.06986086570794],[37.967718264092014,49.09158501360952],[37.94886537659224,49.100669231412354],[37.9400289634099,49.106994998252816],[37.94429706724969,49.11753332471889],[37.95622111083665,49.121439810160865],[37.95921096877859,49.13293199172506],[37.9729298881972,49.143375432211144],[38.019234007655115,49.14278943767303],[38.03031016986171,49.163400860075484],[38.030757545831364,49.17350413172028],[38.00525672642041,49.17306490205593],[37.97477532590764,49.177813606790636],[37.962467438542035,49.1817229208533],[37.96622714684415,49.19788602826296],[37.96661512068408,49.20660569297149],[37.954750668177184,49.212045425414715],[37.946353742578935,49.220196259272484],[37.95225413502632,49.22652905567102],[37.9496924377344,49.23195036275948],[37.97054852278737,49.2347799900642],[37.987137380134214,49.237163413970165],[37.989100461736484,49.24985994708871],[37.99814311335203,49.25201333757309],[38.01051239662581,49.261363216652455],[38.02794538676409,49.261567995570374],[38.03116654731514,49.27241326753946],[38.02894018300913,49.28245816423626],[38.021834465060124,49.293713745334],[38.020095409876404,49.29705490595535],[38.02372197353856,49.307384197942156],[38.033729167407444,49.308628333390516],[38.03312398417236,49.31306486285547],[38.02385652018347,49.319341022680135],[38.0193669860123,49.33663980124871],[38.001393429079144,49.33556823752235],[37.987647811764646,49.335499211683526],[37.98059408848317,49.33699610581655],[37.97410020351714,49.34016161507728],[37.97520804372715,49.34596972327441],[37.96550162586749,49.34452060575026],[37.964264335391164,49.34578331910117],[37.95905209701894,49.346060619207634],[37.96295389534632,49.347878347007025],[37.96406868611953,49.357111364871855],[37.95310375614076,49.36180441857212],[37.9485462904926,49.362857094716844],[37.93784714748446,49.37925505141965],[37.931734205525544,49.38064797051521],[37.91479336314228,49.378393249214014],[37.915640435440906,49.38327350144277],[37.89037033780633,49.38213719792125],[37.876078193315664,49.37778212644852],[37.86413006688784,49.38007291869528],[37.845405366553024,49.380937021804186],[37.845737186804854,49.387935696959715],[37.82897050135651,49.40118520704536],[37.823055857325734,49.393428203373304],[37.81541614965724,49.390823067415354],[37.769395559986606,49.40533673940158],[37.76387713490419,49.39844674091091],[37.71245585319585,49.41704831670398],[37.68476863477113,49.41361491142803],[37.677268907347695,49.4218159202303],[37.70928187792836,49.431514868480264],[37.711331889621675,49.44106369461005],[37.742557825457084,49.46074889228984],[37.75307447765829,49.45907312310851],[37.771194765604235,49.46815451313262],[37.77792423754903,49.483288201202186],[37.7432120503056,49.49225908701271],[37.73036178146549,49.50223318054333],[37.73497211695553,49.51065305111189],[37.724118358068836,49.51451579091693],[37.713266444038936,49.51365323448147],[37.706160568654184,49.507148847544016],[37.6976104460916,49.502376853660195],[37.695854204700595,49.50264697894863],[37.69686087140511,49.50840594851098],[37.700794377133775,49.514692566884776],[37.697772388044854,49.525296545909896],[37.69484016693133,49.526448554323395],[37.69677475268597,49.528369639546725],[37.69623460670772,49.54107527361754],[37.70094338377436,49.54431773431662],[37.70179829437612,49.55296551160404],[37.7169923873503,49.55588977792473],[37.731952146355894,49.55717435475802],[37.75949707824526,49.555909026535204],[37.76072381171463,49.559698351140355],[37.753772322054544,49.56182024448847],[37.75318816326069,49.56356315933243],[37.76079876673188,49.56938544258148],[37.77037449418134,49.57217239028094],[37.77265934902664,49.57519499559854],[37.79247422584649,49.58020429477247],[37.79702181420399,49.590694500214795],[37.790643022203966,49.591898240420704],[37.79126270511799,49.595247954172805],[37.80396632633824,49.59505757013508],[37.803079698849416,49.60319382817195],[37.789235902663876,49.602969817129264],[37.78844586667043,49.607260340578875],[37.80997212756465,49.607457944489965],[37.81634792620102,49.61450879900684],[37.809249202532385,49.623886322827474],[37.79874147302377,49.62759460460401],[37.80302414643015,49.64162764997721],[37.77798528246578,49.64373673659327],[37.778364188987524,49.65079353026627],[37.75172286880937,49.654461826118535],[37.728968896336966,49.65084180385949],[37.72525615846766,49.642554579217915],[37.7075658416872,49.64168804528842],[37.70837618291097,49.648497971266295],[37.716981319708765,49.653826524929826],[37.71749375927189,49.65648350843816],[37.71359237653655,49.65879317275429],[37.71227013627637,49.665563409311034],[37.739539561030796,49.66862641012011],[37.76769795292324,49.66772780055203],[37.77667219785326,49.67364577176636],[37.77200342477812,49.68857575845411],[37.77544530364031,49.695730470596516],[37.769446379377854,49.70444470663264],[37.775875318331714,49.73270453427412],[37.749459683779435,49.74122796739101],[37.733988670934025,49.74006942319403],[37.72118171342959,49.73636392741989],[37.7006614280036,49.73649607610244],[37.6743356165062,49.7544531738867],[37.66908996239815,49.75210745099059],[37.66105439515297,49.75188795080376]]],"type":"Polygon"}},{"id":"c22a11ea-d574-4375-9e40-01cc2ddaaba6","type":"Feature","properties":{},"geometry":{"coordinates":[[[36.56833115111965,50.244779432649665],[36.53316643615551,50.24239210128752],[36.50522682174051,50.23883571025692],[36.48417768537482,50.24181745739534],[36.4808295270027,50.24126683147503],[36.46648027683514,50.251574717111424],[36.448485084733704,50.25386776465058],[36.44355413057565,50.24842805016306],[36.42284759249395,50.25411437399492],[36.41731131809931,50.25692941063238],[36.41526246064038,50.25991149573176],[36.40595076678031,50.26151637633458],[36.389134093289584,50.27660973834108],[36.378374618817844,50.293916444499246],[36.37438117158405,50.30030800116734],[36.3948285877882,50.3053722268715],[36.39999734097009,50.30722598339074],[36.40572887789497,50.30977986976893],[36.41373027768407,50.31591895257699],[36.425507759236126,50.328241620781085],[36.43340052174128,50.330642791174114],[36.440130318166695,50.31098633897008],[36.47211955447551,50.31293039673673],[36.49300533504112,50.310432016873335],[36.500239585003186,50.299494827529],[36.525147382340776,50.29241648233801],[36.5236434662888,50.28656173905219],[36.53679052642951,50.28338837387773],[36.53720277276594,50.284073265228784],[36.54577749674024,50.282492731852244],[36.55666080023704,50.28112289380266],[36.56086571294239,50.28407326522611],[36.58213762432115,50.28544301836652],[36.58515850251601,50.28537705197789],[36.5869684578239,50.28422054134998],[36.587955706173375,50.281101327130216],[36.58938173156773,50.27927877028182],[36.59113862622357,50.278485404246084],[36.59344041922844,50.27794685768589],[36.59355011348913,50.27601902345239],[36.58093527346318,50.27556334213568],[36.58077073207215,50.27612418005987],[36.57702576964962,50.27653891827808],[36.57415462492898,50.27551776141692],[36.57641442952007,50.27227381440207],[36.580122110421144,50.2627627743814],[36.57480746382487,50.26070439768918],[36.57758527612066,50.25873950059963],[36.57475573017027,50.255994746765936],[36.56882161649639,50.25772689155528],[36.559765626858166,50.25055401231316],[36.5614531279129,50.24947596666948],[36.56833115111965,50.244779432649665]]],"type":"Polygon"}},{"id":"259453df-e959-446e-92c5-f5d38366827b","type":"Feature","properties":{},"geometry":{"coordinates":[[[36.72046283997287,50.27730560272727],[36.72693906134441,50.26794121540246],[36.74078364366116,50.268508162967834],[36.760551650447496,50.26748792007581],[36.77722883147334,50.266958714599724],[36.79496464301002,50.26563567517675],[36.811017118626836,50.2532855354909],[36.82332586665066,50.24900792616117],[36.83699967361372,50.258573702226045],[36.8374918460992,50.26101927605038],[36.84481033019574,50.26420794518626],[36.85610088124011,50.25712076403655],[36.86873717147108,50.26039837006175],[36.8806325858848,50.24984625140391],[36.889268643468824,50.24827059419175],[36.90441418815746,50.24923972063144],[36.90477231594099,50.25194912491233],[36.90877013143134,50.254763645099246],[36.90437965471003,50.257103832228324],[36.90037325899763,50.257117172607906],[36.89925601507031,50.25447853946835],[36.89405827324407,50.252093772501894],[36.89428366996509,50.25845938265843],[36.898758820879124,50.26305623800678],[36.90554749381809,50.26035342004417],[36.90554781304493,50.262655454889654],[36.909021316312675,50.262030260336616],[36.90927738229897,50.26425174035967],[36.90831107004675,50.267216024215145],[36.9060441704564,50.267309615347074],[36.904874158303784,50.26850289070671],[36.89719328400659,50.268081738113295],[36.89602043843698,50.2748774200368],[36.91024758054658,50.27875022699871],[36.92418345650759,50.277358345129784],[36.92772414610985,50.27274938136824],[36.93386975123471,50.26749028683261],[36.935363858927644,50.267931446214334],[36.94240327342084,50.265177362903444],[36.94261813456407,50.26325228039582],[36.94757137908752,50.26325782073627],[36.9519427600728,50.27013509562653],[36.95582689303029,50.274336841337],[36.95482726152284,50.27901540266407],[36.94982063537151,50.28771505210187],[36.96174163481726,50.29039803071197],[36.97754508538881,50.297748284637294],[36.974186481313836,50.29918768961463],[36.97683914301291,50.301167191531874],[36.9812835880017,50.3026911206764],[36.98882598552058,50.301208470127875],[36.99787168519191,50.30357319833618],[37.00580084143064,50.30177807739082],[37.01351491049351,50.30479203495446],[37.02240999221695,50.30658583480016],[37.036522831479544,50.31333071799065],[37.045767672191005,50.317270546062474],[37.054444693303566,50.319296214363675],[37.054444693303566,50.321963212131664],[37.04082075052116,50.32756551047413],[37.0434809656378,50.33196787580894],[37.0484284175505,50.33345017266336],[37.04631827246587,50.33404752948391],[37.04834422553418,50.33450065841339],[37.04895965628674,50.335990816530455],[37.03794842080899,50.33470483992329],[37.029789469251796,50.33868479544509],[37.03149832111285,50.348567978583986],[37.013795179588726,50.34904642430533],[36.958062304510776,50.349272663186014],[36.937582358110745,50.35050076499695],[36.91399497290877,50.346191653668825],[36.886540675838944,50.33789106049974],[36.88504256135084,50.33777523535076],[36.8835672504149,50.338064967564435],[36.88299982313126,50.33905004387236],[36.88197856048282,50.33757235380091],[36.878846255419205,50.33729717333509],[36.876663828825684,50.33815207392473],[36.87380760760797,50.33854295390577],[36.87026686136127,50.33771722074741],[36.87000610098079,50.33610324506412],[36.864423721231475,50.333290292208034],[36.86081984791372,50.33132862418179],[36.858550798955775,50.33088318194939],[36.85223383080688,50.327648536479956],[36.83269144742715,50.31281423116812],[36.829313023539186,50.31267616052773],[36.82087612658694,50.313373853793536],[36.80958646591549,50.311532696647646],[36.80371645656197,50.30906811554681],[36.80012879230074,50.30610066955839],[36.78571932109003,50.30463565959752],[36.77995553260621,50.30200604134612],[36.77858532558437,50.302804370886804],[36.77160392072045,50.30290764112473],[36.76942779649673,50.30174307152461],[36.768133884796356,50.30174307152461],[36.76419580626569,50.29193869071264],[36.764772831708115,50.29184902907605],[36.76972537860442,50.29028825164599],[36.7724015306172,50.28928790829008],[36.77193514727725,50.288798370895165],[36.77048047543141,50.289394328796675],[36.766949287287105,50.290047036030245],[36.766622547182976,50.289979272344624],[36.76615886494173,50.2895245644209],[36.76596476540169,50.28962446275193],[36.76613190667484,50.29007916971409],[36.76599175209006,50.29033262513212],[36.7646284749606,50.29067135630126],[36.76367120956928,50.29064258636191],[36.7624405773511,50.28990339514016],[36.76193898385185,50.2898518910396],[36.761804628451046,50.28966590354486],[36.76219177900154,50.28943777010116],[36.76221417156836,50.28928039474516],[36.76099854524455,50.289748685580946],[36.76005817506447,50.28991009631716],[36.759414451147535,50.289803248221006],[36.75514386696983,50.29045015371986],[36.7291722369952,50.27703223109498],[36.72046283997287,50.27730560272727]]],"type":"Polygon"}},{"id":"3032a871-142e-47ae-b737-1b6e02e7d9c7","type":"Feature","properties":{},"geometry":{"coordinates":[[[37.75572895839673,48.65219326963236],[37.74013041910919,48.65451906235808],[37.7355637363232,48.657388143727786],[37.730047448070195,48.66477544751885],[37.718414556667085,48.66736256768465],[37.718884280927256,48.66861946946102],[37.76179835790333,48.67018193079633],[37.77873544563795,48.67814702595581],[37.7928371096136,48.678489253058046],[37.781580707156024,48.6730625947188],[37.75439860797101,48.66485836136951],[37.752013787665646,48.66113677043282],[37.755395709427404,48.65603912276916],[37.770439479700116,48.65283283821822],[37.778517907592175,48.642268433421776],[37.78159333284975,48.628373294138584],[37.78756950948772,48.62388630661957],[37.77783286969452,48.62017286004718],[37.76261169478374,48.619283179604224],[37.758305127511505,48.61609467196507],[37.76038117256232,48.60261770368507],[37.7803062657023,48.60089132789595],[37.78283847090674,48.59765076312172],[37.78733093321637,48.59790449524195],[37.78612302734821,48.59591316008558],[37.78317680475023,48.59566579573412],[37.7840565141216,48.58918759526233],[37.81713999819553,48.5929092735897],[37.81816200524784,48.59043337605803],[37.81386242326664,48.58793008521519],[37.8202433491073,48.58258044815042],[37.81597120820831,48.57570664113922],[37.80324066294423,48.572322668820505],[37.8033289113969,48.5648357927536],[37.79151588252762,48.56399726835997],[37.79199666581491,48.56279117509243],[37.79059428473391,48.56092866525904],[37.78721124962601,48.560577816604365],[37.787835487414014,48.55879220771047],[37.793894370479876,48.55940442419032],[37.79846645775024,48.5571307650344],[37.79697997353057,48.54826171187818],[37.770916029717284,48.54396308145874],[37.76697962494737,48.54363177367952],[37.7414912796813,48.541360210799894],[37.744545433225255,48.532197190807835],[37.741838141324195,48.52977983342109],[37.74576814970408,48.52355824114605],[37.75577672451365,48.5196869799251],[37.770831341385644,48.522093966928],[37.7675768469995,48.51802007089552],[37.77469352908497,48.510907375818306],[37.768844655467205,48.50052646658119],[37.78078731130748,48.49140871653185],[37.76267750557207,48.483086759176814],[37.74627508660183,48.48633861304572],[37.750537129933946,48.488020329662135],[37.75129177327085,48.494344176787905],[37.73310403499636,48.50906199996791],[37.729211645852814,48.518830141429675],[37.7376644620785,48.52448700291464],[37.716263331181864,48.53506405870124],[37.70590111351521,48.53056160017198],[37.69249024055705,48.53629165263976],[37.69542661088545,48.543275583889624],[37.70709948835457,48.548364777759446],[37.70222038924621,48.553134743503335],[37.6890170619412,48.556435637382435],[37.68821759431262,48.56957169746781],[37.70001072922025,48.57943126860039],[37.729478990503196,48.582498561511784],[37.77040161792067,48.56237138701434],[37.776919684843676,48.567237182138854],[37.78774324086356,48.56715031793013],[37.79194851582801,48.5706190948861],[37.79349053043518,48.5756610428904],[37.80163359342012,48.57588349291737],[37.79876399151192,48.579976175828534],[37.790506692497246,48.580663566282226],[37.777719402080436,48.580347161144005],[37.77596700727841,48.58705639669586],[37.778371947658854,48.59324268631883],[37.74831474184893,48.599290140780056],[37.74578427048786,48.60937459504606],[37.75301623799396,48.6207564549056],[37.76999828846584,48.62286042453218],[37.76678395787454,48.628751459881926],[37.77216386952716,48.633763516848916],[37.75572895839673,48.65219326963236]]],"type":"Polygon"}},{"id":"e9d21b1f-37d4-4ac1-931f-4d16b88b8693","type":"Feature","properties":{},"geometry":{"coordinates":[[[36.45805380524007,50.22790777813472],[36.46424443904152,50.22849835561561],[36.46690532549954,50.23016582902403],[36.468375480958514,50.23715645632964],[36.46637422133486,50.242759806589305],[36.45974782835748,50.246258011078766],[36.451298065500225,50.24702587525883],[36.44580215146368,50.24367143623928],[36.437025330795706,50.245312684141055],[36.4285849645664,50.24741902987688],[36.40623651196111,50.25364579177517],[36.401765327181096,50.25331781110452],[36.38855287541966,50.26594042483168],[36.37244493294972,50.26144873053761],[36.374195598007674,50.273640341724246],[36.36250361554846,50.287104500687434],[36.378374618817844,50.293916444499246],[36.389134093289584,50.27660973834108],[36.40595076678031,50.26151637633458],[36.41526246064038,50.25991149573176],[36.41731131809931,50.25692941063238],[36.42284759249395,50.25411437399492],[36.44355413057565,50.24842805016306],[36.448485084733704,50.25386776465058],[36.46648027683514,50.251574717111424],[36.4808295270027,50.24126683147503],[36.48417768537482,50.24181745739534],[36.50522682174051,50.23883571025692],[36.53316643615551,50.24239210128752],[36.56833115111965,50.244779432649665],[36.575994399223845,50.24086695030638],[36.58322560672576,50.236565570903196],[36.58661164050332,50.23520284801418],[36.594349433060245,50.232443499797824],[36.59466703242117,50.2316862601958],[36.594840268435604,50.22993163441561],[36.59769866268408,50.22882341644643],[36.613529482565355,50.22360544823411],[36.58905608767071,50.222191992327424],[36.578852561493136,50.22476969014653],[36.56892719182818,50.23090035779529],[36.53964001729594,50.234559615391674],[36.534603992291835,50.23474726205836],[36.530393146061385,50.233494375153356],[36.519152258382064,50.22460113065341],[36.4940742960041,50.210250679929686],[36.48074760210315,50.215259587562656],[36.47540278442273,50.21520233956886],[36.458216716656324,50.221237218827184],[36.45805380524007,50.22790777813472]]],"type":"Polygon"}},{"id":"c9718523-7696-4fab-b8ba-c63e6696bbc9","type":"Feature","properties":{},"geometry":{"coordinates":[[[36.77649700338492,48.065541343383074],[36.77340633444123,48.04956829818488],[36.77801432156937,48.02969955618485],[36.773074057818974,48.025585144914515],[36.761970935436466,48.01008055278322],[36.76287184147006,47.99046629373444],[36.77345766263298,47.97280708532969],[36.763796233245415,47.96378395235391],[36.74164692581624,47.96568751628541],[36.72073451274869,47.97581028700961],[36.677764615245906,47.96268402545692],[36.66645528816876,47.9689010133863],[36.71492308460219,47.97825702060348],[36.7241550374375,47.98314408055447],[36.74030266916668,47.98122575126385],[36.74116221934756,47.988399280433896],[36.739229615628716,47.990677356847385],[36.734085689935824,48.00339648737997],[36.731262805204864,48.01844210514912],[36.74895709561295,48.031273333738795],[36.76313691210248,48.029328396420595],[36.772215245779535,48.03175955660018],[36.76233397068083,48.055774456681036],[36.74013818826636,48.06887818640273],[36.72943756225479,48.07059167394951],[36.71663297006046,48.084152640752535],[36.739920519076975,48.09861103214948],[36.76657881602017,48.091814936065475],[36.78936263864003,48.089303303034285],[36.82993941878834,48.10037496084058],[36.844736913395025,48.09322100782734],[36.841840559265904,48.07844305007404],[36.83765109256629,48.07801407526776],[36.8371595134021,48.07187528364403],[36.825658937739775,48.07010244974762],[36.806341479012076,48.05949007432585],[36.77649700338492,48.065541343383074]]],"type":"Polygon"}},{"id":"3fa38893-c03a-4a9b-8bbc-ee5e0bcb383e","type":"Feature","properties":{},"geometry":{"coordinates":[[[36.65140416400533,47.88597333632015],[36.627255675072405,47.89182507740949],[36.58063342511264,47.888792904437054],[36.579042461192024,47.86971419921016],[36.58774006271216,47.84856651198973],[36.523729724654316,47.83668909319124],[36.52506884506349,47.8307493639729],[36.48892575202524,47.8223533816616],[36.46264531747349,47.80356307698719],[36.427944935512784,47.80198746329549],[36.40687582304702,47.80700943531318],[36.38843050695829,47.79377669242413],[36.374079324624546,47.79039422034384],[36.36119850356806,47.796955170630014],[36.30697842500379,47.79053928751447],[36.30984109172417,47.778921276180654],[36.28394463560609,47.7769980354911],[36.28827954164527,47.76670983630544],[36.25344665453318,47.7638788922589],[36.249214326383566,47.77714245547761],[36.21031871576176,47.778960969987395],[36.2027036774974,47.76536652769431],[36.19116158440377,47.763588824913256],[36.19232604081043,47.75778359457422],[36.17452069288751,47.75492280596043],[36.163464659113004,47.74615743078721],[36.16405724449905,47.72655313774723],[36.147785760042495,47.72345645649827],[36.134838488706976,47.71379108507804],[36.142651362241736,47.70159620613504],[36.167054425096154,47.692120753174976],[36.17168911537405,47.680588097228195],[36.16056294941765,47.66906477833675],[36.17148358293804,47.65506290450435],[36.164705270354915,47.65174624872657],[36.15891426587882,47.653072553850876],[36.15358483677409,47.6513244784619],[36.13722022288562,47.64014602113704],[36.1147442676596,47.640420143086374],[36.11759918080381,47.64703785770655],[36.12024616221444,47.65490011067578],[36.13064313539189,47.66800047649954],[36.09202635262798,47.687131186807676],[36.09833986507263,47.69935681551459],[36.064753398885216,47.70644185042943],[36.09862808595196,47.72771924511136],[36.09798279447719,47.743414750531116],[36.12458863060371,47.74936700528559],[36.12474038933257,47.77331256768338],[36.131511336791874,47.77203419365341],[36.13225021767548,47.76713347030403],[36.15743741280531,47.76706675736159],[36.16169697592622,47.777213341767464],[36.19567315166489,47.80296071804011],[36.20789900799468,47.81172761308912],[36.26229827380644,47.80953062945315],[36.289565829514174,47.80869472453696],[36.30377271955615,47.80471105438943],[36.34467489045386,47.80489561261649],[36.366286743544606,47.80008156113456],[36.36694447664169,47.79766703420199],[36.37726229322436,47.796706238572256],[36.401905415976785,47.81122665590999],[36.424309263393184,47.8129419313465],[36.454062394177186,47.80797002648467],[36.45415830871431,47.81693325136868],[36.50956956929119,47.84333385810399],[36.55432786469265,47.85179121811308],[36.56933104787771,47.86154582947938],[36.56799192746851,47.88294894323613],[36.56874227049431,47.90515449288563],[36.596879802091195,47.91041298922042],[36.600965869635644,47.91729780302205],[36.63532531268294,47.920908262492844],[36.633284182854624,47.92825289168513],[36.674279612264485,47.94526742240606],[36.66645528816876,47.9689010133863],[36.677764615245906,47.96268402545692],[36.68453913563161,47.93769113135326],[36.69930918561664,47.893311372308176],[36.687039102350695,47.88120090664739],[36.65140416400533,47.88597333632015]]],"type":"Polygon"}},{"id":"f28b708e-6041-403b-b35d-eda3e36751d4","type":"Feature","properties":{},"geometry":{"coordinates":[[[36.074513538636694,47.59567578669282],[36.06720067038046,47.592212333593466],[36.08819675134018,47.58204583333975],[36.08075008245899,47.56971295896119],[36.06472800300688,47.56236356092157],[36.06305426846731,47.552814652249054],[36.07259164283994,47.54944483493304],[36.06503922519602,47.52738464578718],[36.03189704401032,47.52638745766649],[36.029947457110296,47.52251772128915],[36.019608738701606,47.51653303081682],[35.99918069145161,47.52601112968674],[35.99439509908012,47.525813076074286],[35.9912347997294,47.52288789530414],[35.98986177040095,47.51463743559148],[35.97705264687946,47.516265719298616],[35.96654258854869,47.52329056202788],[35.987891365302914,47.53142670825781],[36.00453607258123,47.53156717789773],[36.02685902375413,47.54314084756243],[36.044682750455706,47.549073189224146],[36.04711690094764,47.55688595432744],[36.037952258238505,47.57588752145534],[36.040319169450555,47.584405430552096],[36.06725952516183,47.585592139430446],[36.06138795208622,47.59550160387866],[36.079380039055735,47.609670244679876],[36.08277678405517,47.623646833970355],[36.08961699980847,47.633234468616934],[36.1147442676596,47.640420143086374],[36.13722022288562,47.64014602113704],[36.106084288368756,47.6313256053228],[36.0990689229597,47.62678375918736],[36.09495387760492,47.60768556329066],[36.09353918217292,47.589485622299975],[36.074513538636694,47.59567578669282]]],"type":"Polygon"}},{"id":"7ae90161-525c-470f-b19e-74526bb7a2cc","type":"Feature","properties":{},"geometry":{"coordinates":[[[35.96654258854869,47.52329056202788],[35.97705264687946,47.516265719298616],[35.966199511790904,47.517899155309294],[35.949522693557014,47.52352718289865],[35.94297243903938,47.52961789660165],[35.93628880243901,47.527094941626046],[35.9353548224648,47.52339436031292],[35.94082385171629,47.512936353865655],[35.94200525703923,47.50156116565623],[35.94228767170148,47.49268370368168],[35.93246314927811,47.49336065446539],[35.92434840652899,47.49440851197471],[35.92244969236987,47.476980007666754],[35.91328799123448,47.469399824170665],[35.896709585862254,47.4659824795622],[35.84158248816061,47.471659207518655],[35.81798373897996,47.46959008036396],[35.799175973932705,47.47407211701406],[35.78929093872185,47.48060365488007],[35.77970097916665,47.48528990691693],[35.74528251915464,47.48681265959189],[35.7465365907853,47.489853426232486],[35.73227273543074,47.49131215117936],[35.71855171640627,47.49420312835136],[35.711764975822234,47.50561594909655],[35.72958646814419,47.51659218017704],[35.73983940676226,47.509027814408256],[35.740795445492125,47.49210162862852],[35.77683291023388,47.49083931104977],[35.78882531071238,47.4912872336713],[35.797382702006416,47.491205793479764],[35.80781726656636,47.50718216601177],[35.81023453673686,47.52472096520637],[35.831034990252135,47.52627503863553],[35.83659342517802,47.51449191576572],[35.831464610503474,47.496976158054395],[35.84937662456818,47.496547274569195],[35.851461957883004,47.49323560208714],[35.88749077015649,47.492137845614224],[35.91362294422291,47.48793657610304],[35.91683218431206,47.49467622787705],[35.92795591525115,47.50148295179639],[35.93020591349975,47.50757930842289],[35.937032107114135,47.514639092625316],[35.93404262223902,47.51952422854177],[35.91133664567721,47.52398452093121],[35.90139268437525,47.52687088369126],[35.90263076243815,47.529464539220044],[35.90823956312292,47.541209684142046],[35.92713371455119,47.536192817331056],[35.939531377613065,47.53645330779071],[35.94899871218291,47.529158395331365],[35.96654258854869,47.52329056202788]]],"type":"Polygon"}},{"id":"fcc17949-ab36-46aa-83db-6d4cd277a65f","type":"Feature","properties":{},"geometry":{"coordinates":[[[35.68763256875826,47.5101275964237],[35.670813255104235,47.50309062160915],[35.65371595235695,47.5020375377361],[35.63381219577167,47.50040000687639],[35.632574407314564,47.50229068396331],[35.64055308170208,47.50749531940457],[35.636868584952396,47.510730730578814],[35.62314642758011,47.50620997934024],[35.62070847679226,47.50767401098963],[35.61637233427601,47.50642794635286],[35.61593932206304,47.504628986495305],[35.61302639340039,47.505151529578114],[35.59195524716017,47.51953166199857],[35.5900201872108,47.52787668661651],[35.59817366450093,47.5408489090421],[35.58254715822713,47.553176935051255],[35.570063327201524,47.55179752030406],[35.5666497289501,47.54465374149248],[35.5394024228265,47.54132258912455],[35.53265398948134,47.54622223571891],[35.50903010676163,47.544860724946915],[35.507264292410724,47.5469659931],[35.50467717089509,47.546799790760076],[35.50364052182451,47.54463278037451],[35.49426284271604,47.544413308776114],[35.49349246461111,47.54576445407105],[35.48849600864796,47.5480657758296],[35.48653704413039,47.547501589996045],[35.48644977104391,47.54478981619789],[35.475697288620324,47.54315840421489],[35.46162611670786,47.54036573505269],[35.44911734247407,47.541781650375185],[35.42167843099418,47.534300820424704],[35.40259477343042,47.537144492489205],[35.39724911785049,47.5395506247275],[35.39757831907917,47.54856461777979],[35.3905592160196,47.554379132636114],[35.38471218967982,47.55798081224464],[35.38326913993757,47.56404988548476],[35.37680182813648,47.56441020551418],[35.37299008698531,47.57842663787727],[35.34989630230882,47.57729036002871],[35.350858164867844,47.57126637838479],[35.35707744527883,47.56310184850497],[35.34638363669532,47.55970460910282],[35.32950884117827,47.55962253967601],[35.31509259882199,47.56169193417551],[35.3145471513528,47.56906115133614],[35.30877517680247,47.57453858283037],[35.30340961975662,47.57565621750496],[35.30180496962711,47.57927989894293],[35.30016177787414,47.58124083175338],[35.29680357619711,47.58552147342655],[35.30815929345576,47.587795485660365],[35.31794119947659,47.594321565647505],[35.33256369567377,47.59432258572408],[35.33318469578646,47.58499803238624],[35.33730800526547,47.58373304155856],[35.3392635130171,47.581607013927226],[35.344934814255964,47.58361865443331],[35.35396077400276,47.584184235459475],[35.35407955234632,47.58289174360624],[35.35671073191557,47.58046163724799],[35.36448240166803,47.581731840950454],[35.38958575289797,47.581814746236034],[35.390534819691794,47.58661882009193],[35.39668344701022,47.59368231548905],[35.41137247101963,47.60608243638342],[35.42749025734153,47.60686477595161],[35.434526341671614,47.605098931917894],[35.446814423392595,47.60609701446609],[35.430570008793694,47.59081647289369],[35.40876537623754,47.57758207313361],[35.42341201371008,47.566431445383444],[35.44517619055455,47.566718055649574],[35.47581220261782,47.58428216605475],[35.50697250294789,47.586475886574675],[35.515821105062145,47.599120634117014],[35.546649665353755,47.60082083969644],[35.592886391291955,47.58695145852269],[35.62216571879006,47.55615063388913],[35.614100507886945,47.534266749045685],[35.627555027148894,47.52971011433343],[35.643077338510636,47.525883872688865],[35.6566803860129,47.51433785032105],[35.67409064719905,47.51960857322368],[35.691748189230935,47.52301214031402],[35.72958646814419,47.51659218017704],[35.711764975822234,47.50561594909655],[35.699445566270185,47.506662415462245],[35.68763256875826,47.5101275964237]]],"type":"Polygon"}},{"id":"7e583cc6-66e8-471f-a714-cd27d434f502","type":"Feature","properties":{},"geometry":{"coordinates":[[[35.67409064719905,47.51960857322368],[35.638862213193875,47.53124252954481],[35.627555027148894,47.52971011433343],[35.643077338510636,47.525883872688865],[35.6566803860129,47.51433785032105],[35.67409064719905,47.51960857322368]]],"type":"Polygon"}},{"id":"e85b0388-d74b-4afa-aacc-a8dfe808566e","type":"Feature","properties":{},"geometry":{"coordinates":[[[36.02685902375413,47.54314084756243],[36.03919600753903,47.55734857211124],[36.01951326368379,47.58561830024075],[35.96543339887535,47.618872207087946],[36.01458172003163,47.62500132767792],[36.03803822792861,47.60213837295885],[36.06138795208622,47.59550160387866],[36.06725952516183,47.585592139430446],[36.040319169450555,47.584405430552096],[36.037952258238505,47.57588752145534],[36.04711690094764,47.55688595432744],[36.044682750455706,47.549073189224146],[36.02685902375413,47.54314084756243]]],"type":"Polygon"}},{"id":"6d0eb43b-b2d7-43d4-be90-843e960bbd33","type":"Feature","properties":{},"geometry":{"coordinates":[[[35.91362294422291,47.48793657610304],[35.91683218431206,47.49467622787705],[35.873945438509594,47.49838685972469],[35.8710281537584,47.49711667686253],[35.85093250976854,47.49803646752014],[35.84937662456818,47.496547274569195],[35.851461957883004,47.49323560208714],[35.88749077015649,47.492137845614224],[35.91362294422291,47.48793657610304]]],"type":"Polygon"}},{"id":"84a027c1-895b-4f51-9bbb-7f2d72870d22","type":"Feature","properties":{},"geometry":{"coordinates":[[[36.70411514049698,50.26761488690357],[36.705212186772314,50.268563606932815],[36.72046283997287,50.27730560272727],[36.72693906134441,50.26794121540246],[36.74078364366116,50.268508162967834],[36.757672088462044,50.267305087648325],[36.77722883147334,50.266958714599724],[36.79496464301002,50.26563567517675],[36.811017118626836,50.2532855354909],[36.82332586665066,50.24900792616117],[36.83699967361372,50.258573702226045],[36.8374918460992,50.26101927605038],[36.84481033019574,50.26420794518626],[36.85610088124011,50.25712076403655],[36.86873717147108,50.26039837006175],[36.8806325858848,50.24984625140391],[36.889268643468824,50.24827059419175],[36.90441418815746,50.24923972063144],[36.90477231594099,50.25194912491233],[36.90877013143134,50.254763645099246],[36.90437965471003,50.257103832228324],[36.90037325899763,50.257117172607906],[36.89925601507031,50.25447853946835],[36.89405827324407,50.252093772501894],[36.89428366996509,50.25845938265843],[36.898758820879124,50.26305623800678],[36.90554749381809,50.26035342004417],[36.90554781304493,50.262655454889654],[36.909021316312675,50.262030260336616],[36.90927738229897,50.26425174035967],[36.90831107004675,50.267216024215145],[36.9060441704564,50.267309615347074],[36.904874158303784,50.26850289070671],[36.89719328400659,50.268081738113295],[36.89602043843698,50.2748774200368],[36.91024758054658,50.27875022699871],[36.92418345650759,50.277358345129784],[36.92772414610985,50.27274938136824],[36.93386975123471,50.26749028683261],[36.935363858927644,50.267931446214334],[36.94240327342084,50.265177362903444],[36.94261813456407,50.26325228039582],[36.94757137908752,50.26325782073627],[36.9519427600728,50.27013509562653],[36.95582689303029,50.274336841337],[36.95482726152284,50.27901540266407],[36.94982063537151,50.28771505210187],[36.96174163481726,50.29039803071197],[36.97754508538881,50.297748284637294],[36.974186481313836,50.29918768961463],[36.97683914301291,50.301167191531874],[36.9812835880017,50.3026911206764],[36.98882598552058,50.301208470127875],[36.99787168519191,50.30357319833618],[37.00580084143064,50.30177807739082],[37.01351491049351,50.30479203495446],[37.02240999221695,50.30658583480016],[37.036522831479544,50.31333071799065],[37.045767672191005,50.317270546062474],[37.054444693303566,50.319296214363675],[37.054444693303566,50.321963212131664],[37.04082075052116,50.32756551047413],[37.0434809656378,50.33196787580894],[37.0484284175505,50.33345017266336],[37.04631827246587,50.33404752948391],[37.04834422553418,50.33450065841339],[37.04895965628674,50.335990816530455],[37.03794842080899,50.33470483992329],[37.029789469251796,50.33868479544509],[37.03149832111285,50.348567978583986],[37.03790206255729,50.34872020783172],[37.04498673932898,50.345085196012775],[37.06003967891334,50.34740030155325],[37.07121062770176,50.346744724081276],[37.079638804849736,50.347967426276966],[37.080792881142344,50.33971033411956],[37.075196281021306,50.33916327055283],[37.072371363937236,50.33620948910425],[37.0742974451027,50.33239391623425],[37.083850994262946,50.333777035536],[37.08316316751611,50.348478517390205],[37.10546520702306,50.351709959145126],[37.102862995814746,50.35700219283595],[37.138346562982775,50.36100746142802],[37.14487812090931,50.345048103138254],[37.145282928461626,50.334866099027124],[37.156246908356025,50.33469381347268],[37.164137596063085,50.35057076293896],[37.188726676766294,50.35461089328288],[37.18140466604524,50.36333226806215],[37.223046594099856,50.37786030056506],[37.215842228429466,50.35950755786425],[37.22805109428026,50.33748678875483],[37.202657501575885,50.33149073195361],[37.168431809197756,50.3111380148037],[37.15225714324403,50.30539923724804],[37.13573114303327,50.28525192068727],[37.121704385304355,50.28756443754679],[37.122964488050144,50.30242793684104],[37.1312057832333,50.31501261971661],[37.10228549407288,50.312834321914124],[37.09261204559732,50.28898245227967],[37.08385056689892,50.27818102799873],[37.071597113200426,50.28783345617043],[37.080419200624675,50.314795096768336],[37.05968345433243,50.33764520928926],[37.05352288527578,50.33694811035423],[37.05229430113559,50.333668704756406],[37.04754675568631,50.32982228954643],[37.057426435559194,50.32445601183974],[37.05860874301078,50.32008066537986],[37.05553474363765,50.314447440905525],[37.03728260890034,50.309788757385036],[37.025344715079285,50.304074906666926],[37.012020524310714,50.302101851791434],[36.99295427429547,50.293964103224596],[36.972114158904645,50.270286371066845],[36.953611675024945,50.25425011996339],[36.931520405890126,50.25426387878417],[36.926172696576316,50.25480722815553],[36.92171113728432,50.24972797059692],[36.91120055216595,50.2497690826693],[36.90472911444141,50.23667466528019],[36.89375674274075,50.237112526741555],[36.894130000250726,50.22752359527996],[36.89856525636816,50.220664985052565],[36.897171749918925,50.212384639145085],[36.890585143458196,50.2125266893529],[36.89125929016734,50.22285210011526],[36.887998956207554,50.228000226840805],[36.88152916769519,50.23484164562382],[36.86884190468021,50.23286427388186],[36.84338188687667,50.22625916768277],[36.840683940868246,50.2336562248193],[36.84176863581865,50.24275796759329],[36.82930680543362,50.24502013363775],[36.80767177961594,50.24276976553725],[36.80350906999894,50.25166971153115],[36.796064953205985,50.25295807863171],[36.78608375175159,50.25323815321258],[36.777813127003924,50.25253499675432],[36.77082727588822,50.25779684426024],[36.773776463129366,50.26099190270554],[36.77161202206108,50.26275495555669],[36.75502117347415,50.26494390256863],[36.74312632896459,50.26515821176622],[36.732906523680185,50.2584966150766],[36.70058010309299,50.26460186518],[36.69948873393429,50.265341448723746],[36.700583417333064,50.267512532876566],[36.70411514049698,50.26761488690357]]],"type":"Polygon"}},{"id":"1c4aff4e-d285-44d5-8fa1-c72a596f4d59","type":"Feature","properties":{},"geometry":{"coordinates":[[[32.71210041181678,46.661761557577734],[32.69922276072364,46.65893380814924],[32.68855301215643,46.648372251047476],[32.674666395996894,46.630324698337205],[32.64034706529395,46.61639818737126],[32.62356316473017,46.615108514401186],[32.614066673203865,46.6157045337126],[32.62642765076208,46.625017131385135],[32.64120849942674,46.63707553572979],[32.65690428304575,46.64599694279394],[32.66734185397283,46.65177766280533],[32.69702633132948,46.6612366002812],[32.71264058267022,46.66517612182176],[32.71933389916052,46.66594595306461],[32.722661860990144,46.66540707234549],[32.7255188888731,46.66506827055909],[32.72622462522787,46.66433125684969],[32.75830690140003,46.66482297089783],[32.795836882422265,46.671824182862224],[32.801927680211065,46.675029891870366],[32.80753068828449,46.675686186209106],[32.81610627920227,46.67674769151935],[32.824565654026145,46.67882597288923],[32.82733658200391,46.67753339264914],[32.825452616426844,46.67542971556372],[32.80768157433667,46.67285208023108],[32.798168290067565,46.66783445944134],[32.78018026913827,46.66406287116456],[32.757819904956534,46.662755786987674],[32.73552464706742,46.65724326379919],[32.72845450706765,46.656180287496255],[32.72592945706117,46.65883768906738],[32.72195671172142,46.65890701083856],[32.71930540972966,46.661064607065526],[32.71210041181678,46.661761557577734]]],"type":"Polygon"}},{"id":"5355500b-cbb9-44e0-9d51-711a77b5cf88","type":"Feature","properties":{},"geometry":{"coordinates":[[[32.37309371744087,46.54524134628886],[32.37321983476184,46.54396912751233],[32.38154357798149,46.54278362409016],[32.384948745661006,46.54026795791032],[32.38536913673275,46.53746299726626],[32.3875131311986,46.536508699271565],[32.391843159237226,46.539082373668094],[32.396425421918025,46.54232098158596],[32.400545254419995,46.54394021310284],[32.40260517067182,46.54607983781827],[32.40365614835039,46.54911564708422],[32.401512153886216,46.55177545469704],[32.39428142745217,46.54787243143667],[32.39032975137988,46.546542448290325],[32.384276119947145,46.54541482835742],[32.37309371744087,46.54524134628886]]],"type":"Polygon"}},{"id":"f969f4e1-7baa-4ad8-9984-8f69ce0cabe2","type":"Feature","properties":{},"geometry":{"coordinates":[[[32.45814416630631,46.56204622279151],[32.470533342298495,46.55169096161572],[32.47929120808672,46.551176819147116],[32.49338923594101,46.55573048296466],[32.49702054614605,46.55293957304704],[32.49648652993932,46.549267104480094],[32.507807673519125,46.54985471614975],[32.510923327808314,46.540995872501014],[32.51931031516756,46.541050814060384],[32.53400751208335,46.53725971602057],[32.56183931185362,46.54338127678474],[32.58171656965163,46.55517299140459],[32.66556776195469,46.58344285689003],[32.691937126966536,46.60123016891737],[32.689340461044196,46.606501105866556],[32.67899968859524,46.61397879093161],[32.683467565948575,46.621586723303324],[32.7101899925689,46.631351401133884],[32.75051422912452,46.630468725407184],[32.769829339554434,46.6371001722778],[32.781378184342884,46.628163234367776],[32.79831530629764,46.63250806141289],[32.80260589895772,46.63973552522839],[32.81829222611887,46.64609284503791],[32.85187550168115,46.66632513907717],[32.8764939191494,46.68729790115725],[32.88065104336815,46.68650996116679],[32.890988154196066,46.69370365018844],[32.89183157078716,46.69754846834843],[32.909336283127715,46.71251554918007],[32.92242778655836,46.718101573151614],[32.93279364780324,46.71755810038874],[32.94101802352592,46.71404549533427],[32.968602797817084,46.71128035684788],[33.00221322317509,46.71589151122416],[33.022195312167355,46.71774098995115],[33.02528415768842,46.72418013852163],[33.040850177185035,46.72919974831953],[33.04299742417584,46.73725443776391],[33.04430975467312,46.73854730853628],[33.04947705600651,46.737732241443155],[33.05448031602671,46.731548572576145],[33.06177094900133,46.731875224402245],[33.073339155466186,46.738639382351664],[33.08308367834829,46.73876459823674],[33.10523426297712,46.746804267631944],[33.163230529455035,46.76269635330931],[33.20299145938267,46.76780754712394],[33.183486841253085,46.77136213130396],[33.168603645657896,46.77639253869418],[33.150047973227856,46.78115775436345],[33.135358065886464,46.77970176098478],[33.12182788807246,46.77480403975517],[33.09243326984756,46.762874258842515],[33.071571946668854,46.75230427366802],[33.05375289978613,46.743370275363986],[33.031805049359434,46.738158092526845],[33.008336060783535,46.736519873854945],[32.99399390109943,46.737413453845846],[32.98139018501243,46.7366688048819],[32.9564000582933,46.733987983468836],[32.92619460077526,46.72966860197576],[32.91272166288914,46.7253488745487],[32.888383452517246,46.71372858080579],[32.87078171108476,46.70091356122006],[32.847312722506416,46.689437066844306],[32.824565654026145,46.67882597288923],[32.82733658200391,46.67753339264914],[32.825452616426844,46.67542971556372],[32.80768157433667,46.67285208023108],[32.798168290067565,46.66783445944134],[32.78018026913827,46.66406287116456],[32.757819904956534,46.662755786987674],[32.73552464706742,46.65724326379919],[32.72845450706765,46.656180287496255],[32.72592945706117,46.65883768906738],[32.72195671172142,46.65890701083856],[32.71930540972966,46.661064607065526],[32.71210041181678,46.661761557577734],[32.69922276072364,46.65893380814924],[32.68855301215643,46.648372251047476],[32.674666395996894,46.630324698337205],[32.64034706529395,46.61639818737126],[32.62356316473017,46.615108514401186],[32.614066673203865,46.6157045337126],[32.58707220666969,46.59246464620824],[32.55809954104376,46.59668771424654],[32.53505582340625,46.591838899902115],[32.512179327574756,46.59108310030797],[32.50492043946812,46.58685042780888],[32.48580620580714,46.574528661919146],[32.45814416630631,46.56204622279151]]],"type":"Polygon"}},{"id":"1b734a1a-c977-4b5f-ba47-427c3a015989","type":"Feature","properties":{},"geometry":{"coordinates":[[[32.34822187930777,46.5330136992456],[32.35032011099756,46.53361793083954],[32.350954460113655,46.5328794246457],[32.3549557391498,46.533416521055415],[32.35734674735434,46.533517226040516],[32.357541931697796,46.53496064364498],[32.36139682247705,46.53563198759875],[32.36310468548086,46.53593408967035],[32.36647161540185,46.53462496855647],[32.37037530226672,46.5324765988521],[32.37642601690703,46.53284585594383],[32.38189117851789,46.53462496855647],[32.38198877069007,46.53865293268353],[32.38111044114484,46.54073393041867],[32.376816385594,46.541640146438255],[32.37383982435898,46.54002908527943],[32.3765236090793,46.53754527233343],[32.373010290900424,46.535564853577085],[32.36856984709169,46.53455783328923],[32.36510532499844,46.53590052285662],[32.365544489771025,46.538082322597774],[32.36086006553319,46.53791449496072],[32.35549249609363,46.537478140677166],[32.353917937194495,46.536747875597115],[32.35641488936943,46.536665396062176],[32.361001721436054,46.536732528723235],[32.36231921575282,46.53626259835161],[32.35631729719822,46.535893364491386],[32.352999163362796,46.53471851278121],[32.34986610252619,46.53402423441659],[32.34493769785922,46.53291647964758],[32.34196113662421,46.53318502833284],[32.34274816403948,46.53407429384808],[32.34962841213843,46.53615546705677],[32.35450802071969,46.53810229882083],[32.36065632753224,46.54105597924246],[32.35372728334676,46.53827012587746],[32.357923746726385,46.54145874139601],[32.36236419053603,46.5446807310654],[32.37309371744087,46.54524134628886],[32.37321983476184,46.54396912751233],[32.38154357798149,46.54278362409016],[32.384948745661006,46.54026795791032],[32.38536913673275,46.53746299726626],[32.3875131311986,46.536508699271565],[32.391843159237226,46.539082373668094],[32.396425421918025,46.54232098158596],[32.400545254419995,46.54394021310284],[32.40260517067182,46.54607983781827],[32.40365614835039,46.54911564708422],[32.401512153886216,46.55177545469704],[32.410463257326995,46.5561475369602],[32.414757312878805,46.55785877962131],[32.42056404708998,46.55836207601615],[32.42485810264188,46.557422585636715],[32.42895697384921,46.55527511797274],[32.4240285691823,46.5517517447492],[32.42080802751914,46.55004030950431],[32.41807544671323,46.54735559647813],[32.41161399569614,46.544698231733946],[32.405758465399316,46.541644059731425],[32.39780470341171,46.53942883847327],[32.39507212260585,46.538757541460086],[32.39595045215097,46.53979804829274],[32.402440331563895,46.5426845112483],[32.396828781695234,46.54050289643126],[32.39308376287778,46.53833022676008],[32.38478842828982,46.53285880358979],[32.38151909054005,46.530441803096096],[32.372101445978785,46.52772254896857],[32.36741702174095,46.52778969268536],[32.36514429682518,46.52917095453188],[32.36275328861967,46.5314873030172],[32.35924171028543,46.531890136148746],[32.35363016041677,46.531621581060534],[32.34923851269366,46.53239367336076],[32.34822187930777,46.5330136992456]]],"type":"Polygon"}},{"id":"6146b2fb-45c0-4234-a4ac-04d0e1bea555","type":"Feature","properties":{},"geometry":{"coordinates":[[[31.534740594985692,46.328855128496826],[31.53574786400793,46.33590941224679],[31.536899028605774,46.337896370177134],[31.537330715334093,46.352741467844],[31.534596699414323,46.36128224444889],[31.535172281713983,46.36724013525662],[31.533733325966267,46.36992097413662],[31.525243487057196,46.36942453241883],[31.520494933090134,46.36634649305748],[31.516753648146675,46.36148085127772],[31.51344404992875,46.35393328425292],[31.512005094181006,46.34916586267346],[31.512005094181006,46.3425106413695],[31.512005094181006,46.33386757770259],[31.51373184107854,46.3224407418906],[31.519549639330023,46.30854907685614],[31.526456626917224,46.29781288916368],[31.54501915605863,46.279118947371984],[31.5636074425245,46.26556204569391],[31.581306598217907,46.255812390457066],[31.605768845922853,46.244767319666295],[31.630662780351855,46.23600928649165],[31.694824574852987,46.22248822829263],[31.8255442278126,46.19984936512844],[31.913574634590958,46.18764968703806],[31.947255944349564,46.18276905750989],[32.01696842268612,46.17463371204039],[32.07914223055309,46.16492420976863],[32.08372253030339,46.16771187084663],[32.07608869738718,46.16684674976776],[32.0549915591462,46.171076101256034],[32.04694133534525,46.17367122411966],[32.04041787812588,46.172325620142885],[32.03819712673223,46.17511290613237],[32.02570540014264,46.17655455035052],[32.00835577987962,46.17703509002473],[31.996558038099323,46.17914941470235],[31.991826005278085,46.1783342251274],[31.98555781315298,46.179070859105195],[31.98478147743046,46.1803649219263],[31.981877406767296,46.18086263028641],[31.974952000799618,46.18347391650636],[31.969122528390983,46.18251294550089],[31.96273786813464,46.18501143517739],[31.953993659521615,46.18424268121697],[31.94455546609791,46.18722154293209],[31.932063739508322,46.18722154293209],[31.9226222689268,46.18779807816733],[31.90041475499038,46.19116107985573],[31.882232352953707,46.19423564419236],[31.871961377757714,46.197502180338745],[31.864188747880007,46.19682967406368],[31.859747245092734,46.19644538106857],[31.85114183344126,46.19836681916925],[31.84512361105115,46.198307853370636],[31.831521508764723,46.20330328335723],[31.815143467235572,46.20387964989885],[31.80334572545661,46.2054165977803],[31.791547983677702,46.20916272809734],[31.785500906952876,46.20992136415518],[31.777173089227375,46.21020951346384],[31.762321814281137,46.212802789217335],[31.75052407250223,46.21683653034131],[31.74747053933632,46.215684063110814],[31.746082569714957,46.21702860586183],[31.729149340338097,46.21789293738894],[31.723736258815535,46.21894932411246],[31.715236007470224,46.2205818818027],[31.70690818974333,46.22231041938801],[31.698025184168728,46.223558773799965],[31.682341127450286,46.22682356652197],[31.673735715800234,46.229128009189196],[31.660688801361516,46.23114431716172],[31.653748953256013,46.23335256947698],[31.650695420090102,46.23306454160519],[31.640840835779755,46.2350807049647],[31.640563241855233,46.236712782957056],[31.648752262619126,46.23661677971282],[31.65430414110324,46.23786480878553],[31.663464740602365,46.241608725693595],[31.670126994783857,46.24372056612219],[31.680259173018158,46.244008538063895],[31.680259173018158,46.24832793579816],[31.67095977655606,46.24995961976285],[31.658190456043314,46.247080144720854],[31.644770665119722,46.245544324497246],[31.634499689923757,46.24487240642577],[31.62200796333417,46.24544833670507],[31.60451954610818,46.24861584516276],[31.590917443821752,46.254374482854104],[31.573948949227002,46.26205172590127],[31.559652862129866,46.27135894130967],[31.548549105160276,46.282391221549176],[31.538972114782638,46.29553996680514],[31.533975424147627,46.30963548030246],[31.533420236298554,46.3220978766455],[31.534740594985692,46.328855128496826]]],"type":"Polygon"}},{"id":"9e30e9e9-67f4-4447-9e40-283538ff1250","type":"Feature","properties":{},"geometry":{"coordinates":[[[35.30432080884569,51.074277410631794],[35.28735573839586,51.06774601545234],[35.30607867065848,51.062821634687765],[35.321998634869544,51.06730748366584],[35.327897407476144,51.07089012591686],[35.326123191660116,51.073977281490784],[35.327931527010946,51.077278594978736],[35.31261185583173,51.077385776533845],[35.311895345598344,51.07869337151487],[35.30442316745007,51.07871480719024],[35.30374077675148,51.07719284955573],[35.305105558148625,51.0758852121684],[35.30432080884569,51.074277410631794]]],"type":"Polygon"}},{"id":"af833d17-aec0-414a-8313-cb57b46898f4","type":"Feature","properties":{},"geometry":{"coordinates":[[[35.33611857698807,51.067868168266585],[35.31980195770066,51.05742450779729],[35.2816558976354,51.05017928122467],[35.2715177765958,51.051208505551585],[35.26060088012542,51.04756563914995],[35.23872101924076,51.0514314960252],[35.21355809990237,51.046417942841174],[35.22754689944912,51.054173887435326],[35.2422354122302,51.06118901477555],[35.243608585662344,51.06406372073431],[35.248025724817296,51.06516350379371],[35.254259637682964,51.06173338369416],[35.25784608112201,51.06191406846176],[35.25820423420308,51.05861440929357],[35.26058237985657,51.06136085834032],[35.26628383999457,51.06309425981752],[35.266710673119064,51.061560834456685],[35.26722800204064,51.05811115808359],[35.275186819602055,51.05858612894917],[35.277892546702844,51.06411371059784],[35.28067813454899,51.06691310378548],[35.28735573839586,51.06774601545234],[35.30607867065848,51.062821634687765],[35.321998634869544,51.06730748366584],[35.327897407476144,51.07089012591686],[35.33611857698807,51.067868168266585]]],"type":"Polygon"}},{"id":"bbd7ed2a-b335-41b1-a9b8-efdc07385c52","type":"Feature","properties":{},"geometry":{"coordinates":[[[34.260667656155306,51.28398736682149],[34.30210865085206,51.307560173795224],[34.30366579784268,51.32061849461181],[34.30528723617178,51.32270845449227],[34.31055691074084,51.32441835083537],[34.31197537150777,51.32983222993647],[34.311207197071525,51.33015955273788],[34.310108327986626,51.331574360152814],[34.31020822517581,51.33244818998273],[34.311767230564556,51.33346538547056],[34.31056846428916,51.33496330748571],[34.307771342981624,51.33600350231282],[34.30581502507641,51.33624170385801],[34.304849352243735,51.336096078759795],[34.30365058596831,51.335367946329086],[34.3016526421782,51.33455658514089],[34.299719020273955,51.33434143081584],[34.29682200178195,51.334923950729575],[34.29111473600324,51.33822079856208],[34.28989579664059,51.33868934731376],[34.28833074067026,51.338647742411666],[34.28716527345924,51.339209405405654],[34.28137623555847,51.33453606248867],[34.28940021127781,51.32240861911697],[34.2823937373588,51.31998768515891],[34.28115082876576,51.31812515861114],[34.281249731742605,51.31256156670531],[34.28214696174322,51.31085201564483],[34.27733906670366,51.311221908348045],[34.27737605051149,51.31302509257563],[34.273011961167754,51.3148513223166],[34.269350564174886,51.30481771986402],[34.26649012924497,51.298774369417856],[34.26404875118155,51.298863190895446],[34.258685412508044,51.3023703570295],[34.2559791407009,51.30135515228531],[34.254650607268445,51.29901701959278],[34.24985312542822,51.29895548817632],[34.24990233037002,51.29684798738623],[34.24923806365413,51.296463396511456],[34.24497314261569,51.29607453524358],[34.244707637775576,51.294015213923075],[34.24194381553116,51.29324476722141],[34.239611993440576,51.293468269461755],[34.23771394683831,51.292447933222974],[34.24321559370961,51.28444312633897],[34.24479702604137,51.28444312633897],[34.254245070482,51.28195759307968],[34.260667656155306,51.28398736682149]]],"type":"Polygon"}},{"id":"631ca15f-ad00-4755-9ab8-469d1eb65ca4","type":"Feature","properties":{},"geometry":{"coordinates":[[[34.261337855911876,51.256272010368235],[34.25523054055981,51.26465048741335],[34.256397499430875,51.27462583817095],[34.27255655659374,51.28247232393289],[34.27705431246855,51.28755256323109],[34.286440035224985,51.28859523906158],[34.29397331270428,51.2932676807344],[34.3023093164731,51.29492802070999],[34.30829888955057,51.30264974313749],[34.303960162464335,51.30529298699494],[34.304268903344706,51.312048039586216],[34.30996739493108,51.31366100253686],[34.311387602980034,51.316709993323144],[34.308114949648825,51.31898695553133],[34.305890373745754,51.31980272507157],[34.306632993419925,51.32149534237516],[34.313919278195925,51.320839315985495],[34.31197537150777,51.32983222993647],[34.31055691074084,51.32441835083537],[34.30528723617178,51.32270845449227],[34.30366579784268,51.32061849461181],[34.30210865085206,51.307560173795224],[34.260667656155306,51.28398736682149],[34.254245070482,51.28195759307968],[34.25185264721256,51.275134366578214],[34.246135161090734,51.27617440336644],[34.23238562610314,51.27396621020975],[34.230709186826545,51.264788506206486],[34.23507128066339,51.264327333521464],[34.23513302883484,51.263784060922205],[34.23837805592939,51.263938278111084],[34.23952819211564,51.26350132806519],[34.24400550798083,51.26352703112397],[34.2580125236702,51.257692068056684],[34.2580125236702,51.25689516539862],[34.259778804240966,51.25689516539862],[34.261337855911876,51.256272010368235]]],"type":"Polygon"}},{"id":"8c09bf03-41d8-4b1e-9eb8-54deb6b8d70c","type":"Feature","properties":{},"geometry":{"coordinates":[[[34.93274903169035,51.14963631879402],[34.95695297311917,51.140060794114135],[34.96624709501211,51.12717411869477],[34.96451033825144,51.11431111504834],[34.97276861227871,51.10839599343933],[34.97276861227871,51.10513589010256],[34.979753574395346,51.10828641574969],[35.00397280137622,51.10954656324935],[34.99694228811805,51.102642716220316],[35.00020963349593,51.100656531173826],[35.01927493917296,51.10697189667579],[35.02824717642778,51.106081640170686],[35.029755881031406,51.1085317627375],[35.02817932772349,51.11089368906387],[35.031740771451865,51.11296931454874],[35.03757936113345,51.109203354332294],[35.040402161777166,51.10975545127076],[35.04207314413943,51.111557866847],[35.043025685703356,51.11688094819914],[35.04714735860517,51.11640258277913],[35.04530655794716,51.11265735769936],[35.05507959760459,51.112547332159835],[35.09866086211974,51.127370760205366],[35.11765540125802,51.12484678135479],[35.14139766652295,51.133775911202605],[35.14332009570151,51.137146006281824],[35.139619847656235,51.14261912288754],[35.13661775576023,51.143757450154624],[35.1347962267335,51.14786968799601],[35.14011492375306,51.15044082898518],[35.14055832923535,51.15169160228041],[35.13823046821409,51.15415830554355],[35.13125876533621,51.156813417252295],[35.124971068661864,51.16147961244829],[35.12339409393732,51.16515449811607],[35.13450126035295,51.17068035971673],[35.13097345890273,51.1738358081368],[35.130712669111034,51.18143373215416],[35.13027326594252,51.19422976527423],[35.14327425793209,51.20307880376416],[35.14268368148828,51.206851938878174],[35.13852561475994,51.208154456913576],[35.136817837352396,51.21006164900331],[35.138651675334955,51.21625095847193],[35.14040337029408,51.218011067005676],[35.14460013946575,51.219336818611595],[35.145293518719,51.22002253721996],[35.1502305285706,51.221054503295306],[35.150267022216866,51.223385817896855],[35.11956089583546,51.23150548240261],[35.117313260809055,51.22967063661895],[35.11354677535968,51.231115923722626],[35.10538248893337,51.23266508455117],[35.08468313648072,51.230392964153936],[35.0752818369609,51.23209706496985],[35.06621040759853,51.22910193667249],[35.064561056805076,51.22584838677781],[35.06208703061489,51.22393746454733],[35.06117988767883,51.22181986346126],[35.0634889787903,51.21825587584104],[35.06052014736241,51.21458829618834],[35.03885870881109,51.204423196343356],[35.038120129855514,51.217774959817774],[35.031148768909276,51.2200898988724],[35.0280545169324,51.219566387619466],[35.02370552840637,51.22059427621082],[35.02276187995287,51.221339481087284],[35.021448977756336,51.223472242164206],[35.013571564569844,51.22822563114073],[35.01197146502162,51.230794826183114],[35.00975594256508,51.23174539199519],[35.005612095003755,51.23195091715746],[35.00319143158251,51.230794826183114],[35.00232983951324,51.23010115765783],[34.99983815761084,51.22938853154889],[34.995469901981835,51.22875257591798],[34.991649089116635,51.22919469229711],[34.98641623671264,51.230911103866646],[34.98321838246463,51.23161325378442],[34.98212099674072,51.23221227603176],[34.98285957569729,51.233665738723545],[34.980643838828485,51.23452458146082],[34.980116282431055,51.23551553392943],[34.95922986351974,51.22922277501513],[34.95306253574506,51.22761592147941],[34.95022646530853,51.22609358742821],[34.95009141433502,51.22502228513176],[34.95171202601318,51.22364083220458],[34.95224452908718,51.21932184178601],[34.94980951560308,51.21840011704205],[34.94408373788042,51.21842325484852],[34.94016804472858,51.217289488650806],[34.93920759169052,51.21601686068058],[34.93942923469973,51.21162023883912],[34.93633215426442,51.20823366097355],[34.92997938731605,51.205596752278495],[34.925102850886276,51.20504363700624],[34.911692375698436,51.2058864766754],[34.90748851361687,51.20504996476862],[34.90467189343718,51.20368031759932],[34.90404130682873,51.20310083922868],[34.90412538504438,51.202231608003586],[34.90530243140961,51.20135603210653],[34.90530243140961,51.19985456554318],[34.90461155603691,51.198358907062214],[34.901641427727526,51.19652885909264],[34.89817657147216,51.193153447001805],[34.88707619473962,51.195484114494235],[34.880671356268635,51.19492155053322],[34.87637237186891,51.191304901953885],[34.872650857637154,51.19202825437927],[34.86238305862739,51.199147388150976],[34.845644065515984,51.19091002223138],[34.84663055492277,51.18892389201963],[34.83865653925429,51.18431294411383],[34.833367470146044,51.18316962908162],[34.833367470146044,51.1799241192696],[34.834676915969226,51.17853311630964],[34.834961581957856,51.169437062569756],[34.81850808695552,51.16918734058362],[34.81463667851315,51.17029323823962],[34.813498024985506,51.17147045383223],[34.808943426511576,51.172397934771226],[34.808501870629584,51.17396227041755],[34.8096266165432,51.175465627586306],[34.80924181766375,51.1764349303655],[34.806956444431535,51.17694806508021],[34.80342461943832,51.175715067271284],[34.80028619312864,51.175512356402066],[34.797374249359194,51.17620157046389],[34.7953523105389,51.17808268336984],[34.79274749228409,51.178674549297654],[34.790258397041384,51.18021502593632],[34.789708364205836,51.18163384089456],[34.78810811006747,51.18320912963358],[34.785922837305435,51.183782248676124],[34.78462085117113,51.18486130361936],[34.77988421115003,51.180171262990285],[34.778509058947975,51.17710812294223],[34.770716529809164,51.17490636333531],[34.75986811155403,51.17710812294223],[34.75488670659806,51.18041510626651],[34.73686906808396,51.1790538994338],[34.745469883438886,51.166871222132926],[34.75284376944393,51.167256868383504],[34.75844309621465,51.15043725856691],[34.77183088444539,51.153112873049594],[34.78785449170428,51.153153463201676],[34.798339604112954,51.14159951195791],[34.80449444650742,51.143419179160674],[34.81449077866381,51.13467281345095],[34.81156309331712,51.12935197113498],[34.82521521056418,51.121628029483475],[34.828277911753446,51.12261156266891],[34.83490565593135,51.117939328618974],[34.845327956876645,51.11657097688337],[34.85596357793588,51.11990001002522],[34.86869975744216,51.12337209847814],[34.878575950290895,51.13035112803084],[34.88360648079873,51.140656556353946],[34.901426771741654,51.1296840820541],[34.91637070370507,51.14304196850762],[34.92779835558903,51.14044376326078],[34.93274903169035,51.14963631879402]]],"type":"Polygon"}},{"id":"c09bbc86-d3fd-4225-ad9b-6bca871b338c","type":"Feature","properties":{},"geometry":{"coordinates":[[[35.941749569345546,50.433818875021615],[35.944554014684144,50.42996021263505],[35.93557978959939,50.4281736883639],[35.92789560937018,50.42985302307969],[35.92755907592962,50.42760198636108],[35.91959445116635,50.426958813357345],[35.91858485084478,50.42813795719118],[35.91415382720891,50.42895976734789],[35.91364902704757,50.430603344872],[35.9024873345987,50.43188958313877],[35.90377737945428,50.43364024018712],[35.895532310157165,50.43492639595152],[35.89558839906482,50.4338188750217],[35.88560457365733,50.43542655820113],[35.88896990806384,50.43871320723787],[35.89216697575063,50.43799873772841],[35.895307954530864,50.438355973831165],[35.899458533632725,50.43874893043011],[35.90282386803926,50.437963013970005],[35.905460046658106,50.43817735611677],[35.907367069488174,50.437570050846574],[35.90860102543721,50.436927013244116],[35.90899364778545,50.43524792943285],[35.91078849280237,50.43521220359844],[35.91202244875143,50.43439050196275],[35.914602538463726,50.435283655240255],[35.91852876193818,50.43546228387379],[35.92032360695515,50.43696273778437],[35.92039228126379,50.43701861444674],[35.92146111759149,50.436946694413194],[35.92359490296661,50.43586854914736],[35.927355936690674,50.434791630999115],[35.93154930316365,50.43217624320607],[35.93198467166758,50.4305676186228],[35.93417619144935,50.43106778588336],[35.93675529458724,50.43099631718519],[35.937230942456495,50.43339346850635],[35.93886248325509,50.43364426850616],[35.941749569345546,50.433818875021615]]],"type":"Polygon"}},{"id":"c7f8d7a7-3591-4ccb-b79d-31aadd268566","type":"Feature","properties":{},"geometry":{"coordinates":[[[35.164634341617074,51.10136464832934],[35.164733279528434,51.10532053512091],[35.16701429917393,51.10574066311486],[35.164801099117796,51.10661379948175],[35.163890212940714,51.1073221733738],[35.162865281182604,51.108890701230166],[35.154774079014146,51.11014827383653],[35.15076260025049,51.10664930651163],[35.15476914476338,51.10318272371617],[35.15625736749121,51.10362797634693],[35.164634341617074,51.10136464832934]]],"type":"Polygon"}},{"id":"3c871aec-ed8f-44db-aa51-f08162be421d","type":"Feature","properties":{},"geometry":{"coordinates":[[[35.05507959760459,51.112547332159835,-1],[35.04530655794716,51.11265735769936,-1],[35.04714735860517,51.11640258277913,-1],[35.043025685703356,51.11688094819914,-1],[35.04207314413943,51.111557866847,-1],[35.040402161777166,51.10975545127076,-1],[35.03757936113345,51.109203354332294,-1],[35.031740771451865,51.11296931454874,-1],[35.02817932772349,51.11089368906387,-1],[35.029755881031406,51.1085317627375,-1],[35.02824717642778,51.106081640170686,-1],[35.01927493917296,51.10697189667579,-1],[35.00020963349593,51.100656531173826,-1],[34.99694228811805,51.102642716220316,-1],[35.00397280137622,51.10954656324935,-1],[34.979753574395346,51.10828641574969,-1],[34.97276861227871,51.10513589010256,-1],[34.97276861227871,51.10839599343933,-1],[34.96451033825144,51.11431111504834,-1],[34.96624709501211,51.12717411869477,-1],[34.95695297311917,51.140060794114135,-1],[34.93274903169035,51.14963631879402,-1],[34.92779835558903,51.14044376326078,-1],[34.91637070370507,51.14304196850762,-1],[34.901426771741654,51.1296840820541,-1],[34.88360648079873,51.140656556353946,-1],[34.878575950290895,51.13035112803084,-1],[34.86869975744216,51.12337209847814,-1],[34.85596357793588,51.11990001002522,-1],[34.845327956876645,51.11657097688337,-1],[34.83490565593135,51.117939328618974,-1],[34.828277911753446,51.12261156266891,-1],[34.82521521056418,51.121628029483475,-1],[34.81156309331712,51.12935197113498,-1],[34.81449077866381,51.13467281345095,-1],[34.80449444650742,51.143419179160674,-1],[34.798339604112954,51.14159951195791,-1],[34.78785449170428,51.153153463201676,-1],[34.77183088444539,51.153112873049594,-1],[34.75844309621465,51.15043725856691,-1],[34.75284376944393,51.167256868383504,-1],[34.745469883438886,51.166871222132926,-1],[34.73686906808396,51.1790538994338,-1],[34.73165443392526,51.182364184368225,-1],[34.72675883284526,51.1787957538537,-1],[34.72987790099609,51.16378236529479,-1],[34.74958968313135,51.16430191080735,-1],[34.75370995115313,51.14715700804868,-1],[34.76625009811721,51.14890260099017,-1],[34.77556342102292,51.14048878202024,-1],[34.7879336945723,51.13319744442101,-1],[34.787782802526124,51.12871898529821,-1],[34.78986019282587,51.12096888081845,-1],[34.811848068022016,51.11467928680679,-1],[34.833262546601844,51.11556867575575,-1],[34.84772935250626,51.1145560124701,-1],[34.866382871703166,51.11851950611032,-1],[34.91286931777125,51.12145614029836,-1],[34.923618513752785,51.136943453267946,-1],[34.93141626612132,51.135059648172074,-1],[34.93759321127649,51.141434006778155,-1],[34.955592001512,51.13712940788355,-1],[34.96075221947555,51.13068875980372,-1],[34.955229333058725,51.10569489913934,-1],[34.96619835169304,51.098984311282436,-1],[34.97727435986292,51.09874694920018,-1],[34.999385442430196,51.09906714938171,-1],[35.01688041850707,51.104350099468945,-1],[35.045055515024075,51.10292795813828,-1],[35.07940852503748,51.10622361487785,-1],[35.08542969743155,51.11330786653568,-1],[35.1063807636711,51.11803009770088,-1],[35.13736445823392,51.116436388427786,-1],[35.144986877435315,51.111203632014366,-1],[35.143128019970305,51.10179920416056,-1],[35.14531599220774,51.09594983027006,-1],[35.13803900905518,51.089187716719124,-1],[35.14724245806721,51.082588654265805,-1],[35.15564124715132,51.090924152521495,-1],[35.173638299752014,51.08735649330757,-1],[35.17685699318406,51.09862684285849,-1],[35.17293421022913,51.10036292677162,-1],[35.16981609794581,51.103424588526934,-1],[35.168659371768115,51.1010257779312,-1],[35.164634341617074,51.10136464832934,-1],[35.15625736749121,51.10362797634693,-1],[35.15476914476338,51.10318272371617,-1],[35.15076260025049,51.10664930651163,-1],[35.154774079014146,51.11014827383653,-1],[35.162865281182604,51.108890701230166,-1],[35.16373213332383,51.11278425753878,-1],[35.16826228794483,51.11935367808451,-1],[35.17450383123955,51.12169065313435,-1],[35.16816161477021,51.12617478351359,-1],[35.163631460149304,51.127374688847084,-1],[35.15467182408196,51.13097421636965,-1],[35.14139766652295,51.133775911202605,168.2],[35.11765540125802,51.12484678135479,-1],[35.09866086211974,51.127370760205366,-1],[35.05507959760459,51.112547332159835,-1]]],"type":"Polygon"}},{"id":"0ff327a9-09f1-4d07-b6e8-bc36c4ccad38","type":"Feature","properties":{},"geometry":{"coordinates":[[[37.7145184574122,50.12040757451143],[37.71730549408832,50.11693768080974],[37.73229810610283,50.10303594987485],[37.74283090100897,50.09562994922814],[37.75455574635848,50.07832413728681],[37.797155550578594,50.084131337937066],[37.82342175110128,50.06883280746831],[37.86248996533325,50.054379713041016],[37.80586230645312,50.00452393671614],[37.78852584076469,50.01706809005958],[37.77545462555332,50.022998371311644],[37.76398832598127,50.03909526784042],[37.76281986302925,50.04056087202622],[37.761682553042306,50.05075738331098],[37.76934821032896,50.05488696667467],[37.767619730601865,50.058344315949654],[37.763155374823384,50.06128203826816],[37.75767205168469,50.06361410880308],[37.758107435670865,50.06577846981028],[37.76152248234638,50.06679497463767],[37.76152248234638,50.06899233259037],[37.7515581789674,50.070020095970335],[37.741531391835906,50.069151823981514],[37.731450819023024,50.07407132336144],[37.73263454997172,50.08046710472317],[37.72353245199781,50.082698456447076],[37.71681186874764,50.08613356907645],[37.70745331856162,50.08650885735318],[37.708946743799714,50.09069325077593],[37.69830188719999,50.093208655246116],[37.68925800557713,50.092285746934266],[37.686353221919774,50.08991974225907],[37.6815031529099,50.09105294302071],[37.6757899946239,50.087819265483546],[37.672083468914764,50.083301462892535],[37.663584483326446,50.099266655161586],[37.665974164877866,50.101113524765196],[37.657079612893256,50.11690271764729],[37.652062049329544,50.11938703617335],[37.6561720520354,50.12829607112391],[37.661944092260256,50.1314761789514],[37.663022689521085,50.14016845567306],[37.652958102593004,50.14500632355552],[37.64796518987424,50.14263583605782],[37.63451374409928,50.14005871415549],[37.62600660424843,50.137643822819825],[37.61872837238414,50.13734110115422],[37.60248658744712,50.147825418512156],[37.60522940154465,50.15987758544253],[37.61560837416906,50.16545430497234],[37.627661872838445,50.1675637449807],[37.62575965541427,50.17613006169961],[37.63854993331802,50.17964073544866],[37.65414657192983,50.16835446654602],[37.66994576428951,50.151874322037685],[37.689188370350536,50.14328769688143],[37.70154414899889,50.134479663079844],[37.7102614989129,50.13364526806842],[37.707383995073855,50.12758449757084],[37.7145184574122,50.12040757451143]]],"type":"Polygon"}},{"id":"9d197699-d3c0-433b-9e6f-dfd52e89cb9e","type":"Feature","properties":{},"geometry":{"coordinates":[[[37.6030785722956,50.167661358287404],[37.61535711707154,50.177646337913046],[37.639366626178514,50.18164977077066],[37.63854993331802,50.17964073544866],[37.62575965541427,50.17613006169961],[37.627661872838445,50.1675637449807],[37.61560837416906,50.16545430497234],[37.60522940154465,50.15987758544253],[37.60248658744712,50.147825418512156],[37.61872837238414,50.13734110115422],[37.62600660424843,50.137643822819825],[37.63451374409928,50.14005871415549],[37.64796518987424,50.14263583605782],[37.652958102593004,50.14500632355552],[37.663022689521085,50.14016845567306],[37.661944092260256,50.1314761789514],[37.6561720520354,50.12829607112391],[37.652062049329544,50.11938703617335],[37.657079612893256,50.11690271764729],[37.665974164877866,50.101113524765196],[37.663584483326446,50.099266655161586],[37.672083468914764,50.083301462892535],[37.6757899946239,50.087819265483546],[37.6815031529099,50.09105294302071],[37.686353221919774,50.08991974225907],[37.68925800557713,50.092285746934266],[37.69830188719999,50.093208655246116],[37.708946743799714,50.09069325077593],[37.70745331856162,50.08650885735318],[37.71681186874764,50.08613356907645],[37.72353245199781,50.082698456447076],[37.73263454997172,50.08046710472317],[37.731450819023024,50.07407132336144],[37.741531391835906,50.069151823981514],[37.7515581789674,50.070020095970335],[37.76152248234638,50.06899233259037],[37.76152248234638,50.06679497463767],[37.758107435670865,50.06577846981028],[37.75767205168469,50.06361410880308],[37.763155374823384,50.06128203826816],[37.767619730601865,50.058344315949654],[37.76934821032896,50.05488696667467],[37.761682553042306,50.05075738331098],[37.76281986302925,50.04056087202622],[37.76398832598127,50.03909526784042],[37.77545462555332,50.022998371311644],[37.766718760587366,50.02084497115436],[37.754317898969475,50.03033736720326],[37.75340841691465,50.05201260823918],[37.75981653191582,50.054271421097724],[37.746585028022395,50.065721424800984],[37.73608627712386,50.06541785567924],[37.72703296952767,50.068970385849184],[37.73018238495419,50.071307205470816],[37.721756290194264,50.07929961139641],[37.70219309525896,50.086129597528725],[37.68720869480808,50.08374636513477],[37.68450849098582,50.07853302275723],[37.67228937105554,50.07694664529208],[37.665351372081794,50.08176148034072],[37.6565659123041,50.09293651259415],[37.65108854321741,50.11090278741234],[37.647163877712444,50.11901250031167],[37.64940593770166,50.122762719644385],[37.6471053463078,50.127019989164666],[37.654909869165095,50.13155740425941],[37.65785299094722,50.13806257659448],[37.6482953309355,50.14104325788327],[37.64323492607156,50.1367850855456],[37.62929756794105,50.13214266914349],[37.613635508327405,50.131570864533074],[37.60258227840211,50.13792148025294],[37.598862371534324,50.14768184891341],[37.595097639111735,50.15643304212462],[37.6030785722956,50.167661358287404]]],"type":"Polygon"}},{"id":"af0ad785-9447-4bd7-8ad6-85540203c765","type":"Feature","properties":{},"geometry":{"coordinates":[[[34.61935448568158,51.249944731134946],[34.608697387916834,51.25147545165731],[34.60625020732232,51.253697374103524],[34.602697841400726,51.253845498448754],[34.60111900728421,51.245697950795744],[34.59450031224742,51.244563935861095],[34.58053371953497,51.2338626893725],[34.5556292125589,51.244942323804906],[34.54065600814209,51.25307415003897],[34.52348023818266,51.252735143580935],[34.51347666010946,51.24250492205914],[34.49908706131302,51.24306486573036],[34.49811202713846,51.250289417600555],[34.516685089058626,51.25105996875132],[34.5200734829514,51.25597193420518],[34.52884227245988,51.255875626217204],[34.52981232516345,51.25918208461064],[34.53509238005739,51.259631487602405],[34.54920095728232,51.25898948114616],[34.556243748594284,51.25309091810766],[34.57360238700855,51.245747531803914],[34.59495986570488,51.248697579559035],[34.597124113269416,51.257284763263584],[34.608030540499755,51.26032927250347],[34.61550527297996,51.25578325320802],[34.61935448568158,51.249944731134946]]],"type":"Polygon"}},{"id":"a813a1d3-7287-467b-959f-bf9ef20e2eaa","type":"Feature","properties":{},"geometry":{"coordinates":[[[37.728174945954976,48.4951600454871,-1],[37.71624371329224,48.484414146116336,-1],[37.700230281929464,48.49151184567353,-1],[37.690375811652956,48.49240369048778,-1],[37.68619422005685,48.49649060754439,-1],[37.67963545484412,48.495662394166516,-1],[37.66500938781283,48.504076420757315,-1],[37.649532950165764,48.50752871135148,-1],[37.640186643281055,48.52579148365834,-1],[37.62354846961884,48.52531783634538,-1],[37.62066239432261,48.497582672214264,-1],[37.613361202904144,48.49442603807512,-1],[37.61180938090544,48.492466527029904,-1],[37.61553445351774,48.48828227765861,-1],[37.62331498808834,48.48518033787306,-1],[37.62847906141951,48.46521254254003,-1],[37.61914220163115,48.45964151797335,-1],[37.60785747083881,48.45773278541509,-1],[37.60661840304374,48.442512696095065,-1],[37.587621281770595,48.44452159038025,-1],[37.52348328404108,48.44508960438529,-1],[37.508260049012364,48.44487120771771,-1],[37.48942080493518,48.451864863421946,-1],[37.482849570494665,48.45590584543638,-1],[37.474465940634154,48.4582228764193,-1],[37.46119930740232,48.473453565162025,-1],[37.46578152867346,48.47924224060367,-1],[37.452373330197986,48.48472039783863,-1],[37.44640663478347,48.49098566911272,-1],[37.44433308400204,48.485508613275925,-1],[37.41731294970478,48.49516267472458,-1],[37.39301555336715,48.49689616652364,-1],[37.38752595254539,48.49315693157061,-1],[37.38123513947455,48.4936101308169,-1],[37.37525134881372,48.48912545311049,-1],[37.37590293647668,48.484080408793176,-1],[37.36774663698816,48.48301909364409,-1],[37.364561949654785,48.47859645370076,-1],[37.340935042693246,48.47419199374994,-1],[37.3190931650322,48.47354182696324,-1],[37.30716455562981,48.47462995981772,-1],[37.29795894055397,48.47585297317988,-1],[37.28072502039626,48.47663043785687,-1],[37.272811677403894,48.46903274529532,-1],[37.24636723927142,48.460962440634404,-1],[37.24972821642635,48.455933269173784,-1],[37.23985215450705,48.45443234220767,-1],[37.241389901296856,48.448752885227464,-1],[37.23773643359752,48.44874573452324,-1],[37.22982058915301,48.43940269755163,-1],[37.219017220204535,48.430174979773994,-1],[37.222953215545346,48.41949587177692,-1],[37.20156239207441,48.41483560640904,-1],[37.18865749696374,48.41723845474229,-1],[37.1901079249634,48.409893306710444,-1],[37.19643115227143,48.4067817232841,-1],[37.20292953082088,48.40814563660015,-1],[37.22531414408388,48.40694505399952,-1],[37.22731192325321,48.404034227945544,-1],[37.21263591524237,48.40204251296211,-1],[37.20496172334845,48.39818683853221,-1],[37.186897016737305,48.39397840577789,-1],[37.18602671299428,48.380506118042604,-1],[37.17844491231989,48.379132577788226,-1],[37.16926554318343,48.37933083125361,-1],[37.16514761201148,48.36976948800546,-1],[37.15718656145194,48.36622313416973,-1],[37.152193476082346,48.36836804865922,-1],[37.129146635133,48.367751173496885,-1],[37.11638379735254,48.37976187657085,-1],[37.10709203333573,48.37875284453338,-1],[37.102482815703326,48.365713317572386,-1],[37.08468736323334,48.362430578154914,-1],[37.070198565309084,48.361526878647595,-1],[37.0478798074671,48.3572107099877,-1],[37.04052812265985,48.349050334174734,-1],[37.03675526044745,48.349086714641146,-1],[37.049734832992755,48.33768322797661,-1],[37.0455807402204,48.33218451191712,-1],[37.047362695166726,48.32829176620268,-1],[37.05252829392063,48.32861024884036,-1],[37.05279802657506,48.32407497306815,-1],[37.05529974346791,48.3213498203169,-1],[37.0621827704183,48.32165262196793,-1],[37.061634968545356,48.318047130363,-1],[37.06123264857976,48.30615892301853,-1],[37.06547108766205,48.2834582872224,-1],[37.05395169963285,48.280776720389724,-1],[37.05632936781234,48.269731627562514,-1],[37.04681085876993,48.27132077927496,-1],[37.04580832781082,48.26916476462239,-1],[37.02952710878756,48.26766037835338,-1],[37.03168059480614,48.25881343323535,-1],[37.012628599497845,48.26034580751244,-1],[37.010403065818565,48.26015095856641,-1],[37.00804728664076,48.26124112033497,-1],[37.002607796544225,48.260545597424,-1],[36.9944286888219,48.26377320148205,-1],[36.98848249225583,48.26333336955406,-1],[36.98781073879752,48.25915298060312,-1],[36.980338800536515,48.25831430421104,-1],[36.981568519953214,48.24879212344527,-1],[36.97308489608184,48.245552964955436,-1],[36.970906099882626,48.23834819737917,-1],[36.941099852927096,48.239891371308005,-1],[36.94071584741161,48.238009023433506,-1],[36.95231002851841,48.23593354601658,-1],[36.95158050089037,48.22125835919303,-1],[36.92670461741031,48.22106997748688,-1],[36.93027976935602,48.196107523541286,-1],[36.934850289089184,48.18488870595672,120.5],[36.922534123228644,48.17209446247455,118.8],[36.916966085576775,48.166326316395924,125.7],[36.90744922412739,48.16322833789454,130.2],[36.90663192376152,48.143935878503186,139.8],[36.90777257921101,48.13925412542085,141.1],[36.90420175703616,48.13417371774207,140.5],[36.91162177197836,48.13033638961062,146.5],[36.91534535311405,48.11387773576297,161],[36.90220826420352,48.11297705433415,158.7],[36.90362715376352,48.1045911293416,155.6],[36.90170463568407,48.09713001450706,-1],[36.893879578900965,48.094577356494256,-1],[36.896120724342836,48.08648769016952,-1],[36.87530672792303,48.08331680492256,-1],[36.86337080018032,48.08145121448305,-1],[36.841840559265904,48.07844305007404,-1],[36.844736913395025,48.09322100782734,-1],[36.85463564050363,48.09352919830965,-1],[36.885026387066574,48.102699149325105,-1],[36.89084034949306,48.112858813419706,-1],[36.88916349341633,48.120346619804224,156.3],[36.88548778796377,48.13405483479366,-1],[36.89907846615921,48.13371676862454,151.3],[36.88673342635545,48.16813956677231,-1],[36.904325506119335,48.17304415167547,-1],[36.91051854540373,48.17875523795303,-1],[36.91969153327119,48.18032062092723,116.1],[36.92646945442084,48.18411991944055,116.5],[36.92719702551534,48.19076797346747,111],[36.91818421676916,48.20010414961965,-1],[36.91661784272381,48.21276191947402,-1],[36.91971836867049,48.22130285807634,-1],[36.926371073032726,48.23139953825921,-1],[36.91646401531278,48.23701702322526,-1],[36.91328052489686,48.24229742803712,-1],[36.91454716763391,48.24516393206605,-1],[36.94826186589526,48.24444129915304,-1],[36.96051338708136,48.241121627967885,-1],[36.96901798775943,48.2431691953137,-1],[36.965226725674114,48.256068209595384,-1],[36.95615600947235,48.26099052194715,-1],[36.94243293472431,48.26449992848259,-1],[36.93595254260603,48.272273787860456,-1],[36.94614747773045,48.274967797948534,-1],[36.96549028735464,48.272659460920124,-1],[36.95911854149179,48.28954211331717,-1],[36.972542116898495,48.29110446799942,-1],[36.98591025151856,48.29314649673353,-1],[36.98884475724512,48.30497050985804,-1],[37.02899087599124,48.29892733576608,-1],[37.04327817746858,48.3076032614328,-1],[37.04290052323586,48.31619348352572,-1],[37.046536625685604,48.32044914375692,-1],[37.03542982242479,48.33131422854123,-1],[37.02985454432681,48.34342807195833,-1],[37.02293355191691,48.351889516631076,-1],[37.026144440538616,48.357149777095515,-1],[37.02238921633278,48.36083230345659,-1],[37.00997687345347,48.3651422781563,-1],[37.01243767637993,48.36781096809332,-1],[37.00137489476663,48.40016609710577,-1],[37.0369862512984,48.405334320498895,-1],[37.05170984531259,48.415107193263594,-1],[37.076797601907174,48.41055209454515,-1],[37.092011126050124,48.4036711650119,-1],[37.10376408656052,48.39690176218551,-1],[37.11374835025009,48.387889230166394,-1],[37.12555719950015,48.38314272360029,-1],[37.13733261340877,48.400335729688976,-1],[37.15489335390325,48.417468156111596,-1],[37.16870098533116,48.42146314407603,-1],[37.192576617176854,48.42238124893794,-1],[37.18993774549085,48.43618411694092,-1],[37.191236706074505,48.43849631438087,-1],[37.196273913655745,48.45164015699879,-1],[37.20558067120905,48.46633508831161,-1],[37.216997123461056,48.46835734842506,-1],[37.21672486670485,48.47239276898131,-1],[37.2328848908954,48.47402714438798,-1],[37.24649677821503,48.4701168940168,-1],[37.263328218492205,48.4768935894931,-1],[37.28916607006363,48.48355270734348,-1],[37.315674482987106,48.48894071939341,-1],[37.31666370604998,48.48288887933953,-1],[37.33355122418159,48.47877361137459,-1],[37.333408144550816,48.48293809521738,-1],[37.340488617957874,48.489421965883594,-1],[37.337887713738155,48.494501283332966,-1],[37.34440686094058,48.51786494201943,-1],[37.37050044016593,48.51742958600002,-1],[37.3774704069034,48.5115742332319,-1],[37.388231377177306,48.51600626872036,-1],[37.39349723731986,48.532707771612635,-1],[37.39882755334142,48.52932386842778,-1],[37.39753042274313,48.516126853123154,-1],[37.41662410388636,48.50683397805528,-1],[37.44204914759345,48.494766548867005,-1],[37.468976497690534,48.49122219207695,-1],[37.48132537534474,48.471029581377735,-1],[37.51040650803765,48.4586077350491,-1],[37.54895109033052,48.45818029649081,-1],[37.57208832071757,48.463263218964954,-1],[37.59785113361298,48.46642585335027,-1],[37.592968240283255,48.480312085488094,-1],[37.58012189423502,48.48333707986774,-1],[37.58291931009836,48.4966036862094,-1],[37.59606251379452,48.50361619163647,-1],[37.60847519880943,48.5055477162735,-1],[37.605234537228796,48.518616816382206,-1],[37.6173951591056,48.53443873138556,-1],[37.620536959242,48.55053869505733,-1],[37.62543642564367,48.557076500735974,-1],[37.64078953098624,48.55732022677341,-1],[37.64121171884861,48.54830039235506,-1],[37.65443412913271,48.54111352827786,-1],[37.667407502658335,48.537529902994805,-1],[37.67266648516673,48.531517151617805,-1],[37.680268619234454,48.53099417260995,-1],[37.684966036167765,48.533729895032764,-1],[37.69134577845821,48.52687542546877,-1],[37.70396383033895,48.52303441299691,-1],[37.71242851019895,48.52524598061211,-1],[37.729211645852814,48.518830141429675,-1],[37.73310403499636,48.50906199996791,-1],[37.75129177327085,48.494344176787905,-1],[37.750537129933946,48.488020329662135,-1],[37.74627508660183,48.48633861304572,-1],[37.740524688916395,48.49578805588382,-1],[37.728174945954976,48.4951600454871,-1]]],"type":"Polygon"}},{"id":"2a62b2ef-fd00-40d4-8b4f-e87b58c35435","type":"Feature","properties":{},"geometry":{"coordinates":[[[37.23534900902976,48.48533200023826],[37.22772788599431,48.495744418394395],[37.21862589638343,48.511191186155],[37.210736385218155,48.51773700453762],[37.19015178021235,48.51468178191453],[37.187293586931446,48.520407562889176],[37.181501982402466,48.525037504398796],[37.19436652484154,48.534608485981266],[37.22325551793543,48.54203532026244],[37.24408076068494,48.53496814829052],[37.27290206310559,48.54655023649056],[37.28745445528364,48.54651561327651],[37.29872315516661,48.52922489413913],[37.30888961457177,48.52723276899937],[37.313890522809174,48.51538697718078],[37.31376350775767,48.50656230797537],[37.31400524409557,48.49831402357859],[37.337887713738155,48.494501283332966],[37.340488617957874,48.489421965883594],[37.333408144550816,48.48293809521738],[37.33355122418159,48.47877361137459],[37.31666370604998,48.48288887933953],[37.315674482987106,48.48894071939341],[37.28916607006363,48.48355270734348],[37.263328218492205,48.4768935894931],[37.24649677821503,48.4701168940168],[37.2328848908954,48.47402714438798],[37.23534900902976,48.48533200023826]]],"type":"Polygon"}},{"id":"3a0ac67a-8a7e-4b1f-9674-ee882aab0512","type":"Feature","properties":{},"geometry":{"coordinates":[[[34.282550677212555,51.70573409521225],[34.280503211790716,51.711952571691086],[34.28253630704077,51.71634471383379],[34.29129572234612,51.71919369299101],[34.29462874535139,51.72570347840556],[34.301155067915374,51.72891730189468],[34.31180833452919,51.72403696100429],[34.34171353568132,51.726388382849706],[34.359665954747385,51.724504101765916],[34.382756813598974,51.725173166934866],[34.41086433389722,51.72072474634356],[34.40694426196413,51.718224924443405],[34.40104217752477,51.717441297548305],[34.40138793419803,51.715475428156594],[34.40035966365289,51.71501595682747],[34.39401022610659,51.71786028025352],[34.391864170529004,51.71791447022679],[34.36721093440292,51.71317561424334],[34.36255884813403,51.71244933120525],[34.358766806058526,51.71392609368783],[34.3545056520054,51.71278826422389],[34.34792934246187,51.71549611183724],[34.341495190668354,51.713562958358125],[34.33617851587417,51.71385346297524],[34.3314091495219,51.71545121859148],[34.31611383880917,51.716416005377965],[34.30873260758031,51.720288996328605],[34.30417014872765,51.72115154528868],[34.30269447419832,51.72327283893273],[34.29941704320166,51.72350231958799],[34.297942427980615,51.71747675605653],[34.30035963801167,51.711986834473386],[34.297436137769296,51.71001168950929],[34.29693356493189,51.70766668483034],[34.294006098728175,51.70751400002885],[34.29088240499101,51.70514767641484],[34.28598275165143,51.70484229031186],[34.282550677212555,51.70573409521225]]],"type":"Polygon"}},{"id":"bf260aed-d8bd-402c-b391-453e8050490a","type":"Feature","properties":{},"geometry":{"coordinates":[[[35.35016090116537,51.00608855323773],[35.348547470715204,51.01142128419798],[35.375494565766076,51.011616757727694],[35.37597890922382,51.010997527558686],[35.375887781855994,51.00981169669001],[35.37522428703949,51.00898035992216],[35.374255950360606,51.00857833106082],[35.368818624625504,51.0084136155871],[35.365419897662434,51.00711676963181],[35.35858424465624,51.005387579731035],[35.35016090116537,51.00608855323773]]],"type":"Polygon"}},{"id":"38a88bca-327a-4cf1-8ca8-2d8f99e78f25","type":"Feature","properties":{},"geometry":{"coordinates":[[[36.50822725261489,47.93929990238291],[36.51508541194485,47.94060773787885],[36.52762645725784,47.94115384552006],[36.527557225016295,47.94648096745857],[36.528078934457795,47.94895791760973],[36.52514771342544,47.95169635379895],[36.52884989731896,47.95472606873065],[36.53056119241114,47.961157607739466],[36.532005626613056,47.96168125023783],[36.52960090821688,47.966636885789825],[36.53358035387191,47.971468613570494],[36.54590468145531,47.97518716561734],[36.56234149871642,47.970930264683915],[36.57365642418384,47.97799854862393],[36.61753467876619,47.97962601283709],[36.61686843051464,48.00432535736519],[36.61204843997484,48.01852863697033],[36.61571261506455,48.031470817453],[36.62136554756543,48.03437775663224],[36.61696992065083,48.051849880710364],[36.62038963445448,48.055777812834435],[36.62093233821585,48.065656402559085],[36.62009746852371,48.07312110167638],[36.60745696405053,48.088583827246254],[36.613457390068476,48.09309570222885],[36.63719598877287,48.1001001966664],[36.647717059946984,48.099783368067676],[36.65235320911444,48.10186368881054],[36.678362582803345,48.09676675203846],[36.719141186479646,48.09687836922288],[36.739920519076975,48.09861103214948],[36.71663297006046,48.084152640752535],[36.72943756225479,48.07059167394951],[36.74013818826636,48.06887818640273],[36.76233397068083,48.055774456681036],[36.772215245779535,48.03175955660018],[36.76313691210248,48.029328396420595],[36.74895709561295,48.031273333738795],[36.731262805204864,48.01844210514912],[36.734085689935824,48.00339648737997],[36.739229615628716,47.990677356847385],[36.74116221934756,47.988399280433896],[36.74030266916668,47.98122575126385],[36.7241550374375,47.98314408055447],[36.71492308460219,47.97825702060348],[36.66645528816876,47.9689010133863],[36.674279612264485,47.94526742240606],[36.633284182854624,47.92825289168513],[36.63532531268294,47.920908262492844],[36.600965869635644,47.91729780302205],[36.596879802091195,47.91041298922042],[36.56874227049431,47.90515449288563],[36.56799192746851,47.88294894323613],[36.56933104787771,47.86154582947938],[36.55432786469265,47.85179121811308],[36.50956956929119,47.84333385810399],[36.45415830871431,47.81693325136868],[36.454062394177186,47.80797002648467],[36.424309263393184,47.8129419313465],[36.401905415976785,47.81122665590999],[36.37726229322436,47.796706238572256],[36.36694447664169,47.79766703420199],[36.366286743544606,47.80008156113456],[36.34467489045386,47.80489561261649],[36.30377271955615,47.80471105438943],[36.289565829514174,47.80869472453696],[36.28572810165848,47.82779306444718],[36.281643725870936,47.84810327257557],[36.268590346106464,47.85306506228682],[36.242561537599954,47.853256375316874],[36.2323352141143,47.861344807001274],[36.23324567137573,47.87347717736861],[36.24022617442037,47.884781064487015],[36.28178767537935,47.875557741186185],[36.30463408552603,47.87571142121601],[36.31098042807815,47.879856099028075],[36.33016576945254,47.88288410361988],[36.34420104238268,47.88521680631578],[36.37818654697557,47.884492745471306],[36.40149128078235,47.89056567968831],[36.42605073252304,47.893905834570745],[36.4189124213691,47.91317977615037],[36.40415268923499,47.91357827988003],[36.395448323159286,47.912145445502915],[36.38830455884448,47.913582847002516],[36.38727619579345,47.92140262542057],[36.38177706541279,47.92329319787004],[36.380148601095755,47.926856010941435],[36.38810998005161,47.92835861922458],[36.40469476966945,47.92336329661191],[36.40791968660179,47.917231704481395],[36.415064482961014,47.91789430840538],[36.4337046359629,47.92291473821268],[36.43579630447937,47.95088533586207],[36.43392198485205,47.95630001336474],[36.458661780561755,47.96280716073858],[36.46019637518731,47.956810193911565],[36.45376419442178,47.95308584964141],[36.46098467657313,47.92289477759064],[36.48141568010968,47.9287004808148],[36.48777844296603,47.92243176139027],[36.49997128855392,47.92521027280151],[36.499163763131946,47.93002667854523],[36.501917952434155,47.93028083454425],[36.501882473016224,47.93455763745712],[36.50822725261489,47.93929990238291]]],"type":"Polygon"}},{"id":"c0fc87ee-cc65-4171-a9fb-fdfbab3ae1e4","type":"Feature","properties":{},"geometry":{"coordinates":[[[37.37745170385381,50.43247661526598],[37.37580396267947,50.4293227787783],[37.38940303305279,50.423353007254065],[37.42222376613171,50.429334517623005],[37.45836391171676,50.415503394779876],[37.46323574961872,50.41563989240797],[37.46194482839576,50.418891239699036],[37.44015926151917,50.43372632360453],[37.43261002223372,50.44397568581692],[37.42165217205587,50.43467928791034],[37.39664533503603,50.431112213883694],[37.37745170385381,50.43247661526598]]],"type":"Polygon"}},{"id":"f9164698-bcf4-4ab0-96f2-35117a939f05","type":"Feature","properties":{},"geometry":{"coordinates":[[[37.44015926151917,50.43372632360453],[37.43261002223372,50.44397568581692],[37.44223915241059,50.4465637066709],[37.45956917278403,50.450903959462465],[37.46956596267054,50.453454738469105],[37.47333423697427,50.45541669738617],[37.47717863150322,50.45936459217114],[37.49057985502256,50.45734984850819],[37.48458245902793,50.44543134887948],[37.484899798260074,50.431309249108295],[37.465183005541434,50.431018445328306],[37.46194482839576,50.418891239699036],[37.44015926151917,50.43372632360453]]],"type":"Polygon"}},{"id":"19c07b53-fb1b-4c81-8d5b-79357d83e1a9","type":"Feature","properties":{},"geometry":{"coordinates":[[[36.19383711998603,50.4022185085058],[36.18941678739901,50.398071304284],[36.188175662607335,50.39394778351715],[36.192093757886994,50.39048389869052],[36.19752304764944,50.391227333791676],[36.20119552682115,50.3893501375737],[36.207936886325115,50.39099333466991],[36.206050736965665,50.3940708323982],[36.19383711998603,50.4022185085058]]],"type":"Polygon"}},{"id":"fb158186-4e43-4299-9329-73c38d429445","type":"Feature","properties":{},"geometry":{"coordinates":[[[36.18469115640286,50.40664395920999],[36.18100316342702,50.39784977160815],[36.1894720343129,50.38838425198864],[36.21391483158745,50.38396162963629],[36.21039908331815,50.38697529335775],[36.207936886325115,50.39099333466991],[36.20119552682115,50.3893501375737],[36.19752304764944,50.391227333791676],[36.192093757886994,50.39048389869052],[36.188175662607335,50.39394778351715],[36.18941678739901,50.398071304284],[36.19383711998603,50.4022185085058],[36.193192438841805,50.40362819108975],[36.19201280259878,50.4035886189217],[36.18469115640286,50.40664395920999]]],"type":"Polygon"}},{"id":"82768493-ac12-41e1-a01f-ee14c4dcc104","type":"Feature","properties":{},"geometry":{"coordinates":[[[34.378474841917864,51.270524472633895],[34.40506308328369,51.264329199020665],[34.40686131791017,51.26899584790104],[34.383559941390445,51.274034701555394],[34.378474841917864,51.270524472633895]]],"type":"Polygon"}},{"id":"a20724d0-9b61-4694-a35a-7abaa7d265a5","type":"Feature","properties":{},"geometry":{"coordinates":[[[35.33495339485168,50.9910688413315],[35.32129072128498,50.984299827504145],[35.30828402504818,50.97744883380713],[35.29926220658976,50.95987437686034],[35.309314062649975,50.952456050381386],[35.31620360767215,50.9494370339321],[35.31309739150379,50.944998964686306],[35.32002106181949,50.943280176095016],[35.325744703411715,50.946826921206906],[35.32928172599256,50.94791767948533],[35.33033389718935,50.95184536676595],[35.33234412774047,50.95260330377994],[35.334363583396964,50.95601996893433],[35.33566751290519,50.95637697044677],[35.33590738647666,50.958265093474665],[35.33452111614886,50.9587021849332],[35.336530550905536,50.96335801972427],[35.342739490923975,50.96349989532598],[35.343437903084634,50.96597462905788],[35.342822151526065,50.96718636220385],[35.342971424061744,50.96769222219345],[35.34415828576394,50.9680909179429],[35.34863732686128,50.972000040198054],[35.35012229067624,50.97191774170844],[35.35116665948519,50.97291560208981],[35.352499346645374,50.974298830343315],[35.348712574491856,50.97729872330791],[35.34356557171213,50.98798219961043],[35.34050114279134,50.988031717387514],[35.33495339485168,50.9910688413315]]],"type":"Polygon"}},{"id":"7c99262c-902f-43e8-8f9e-4df139859254","type":"Feature","properties":{},"geometry":{"coordinates":[[[35.33332235497292,50.93481034738025],[35.332488807542745,50.92945431168744],[35.33418805073441,50.927675382797474],[35.34105015009368,50.92445020447067],[35.34576638508125,50.925132588826386],[35.34669826403527,50.92031277581404],[35.35403492103052,50.91568561961657],[35.363387413460885,50.919979301965924],[35.37608416285917,50.91935403420513],[35.38865317697835,50.91454333089109],[35.39979788730375,50.91478695094432],[35.39833366582397,50.916183071350304],[35.39612693097513,50.917469654535694],[35.396522250778986,50.9178347665071],[35.39468418242129,50.91885721495436],[35.39231650549681,50.91948640258997],[35.39272563984082,50.92228328031831],[35.392583803850954,50.92421517586433],[35.387663936807854,50.92346537598897],[35.37333531242854,50.92332846140823],[35.366181065632134,50.92570288923042],[35.37157994351304,50.930015678837094],[35.370415491629274,50.930421725155156],[35.37225410134411,50.93233589576511],[35.36523634017857,50.93264795534401],[35.355206157842844,50.93108940587794],[35.35506357275665,50.931881107488124],[35.354453123792126,50.93217186130963],[35.35302461268657,50.93225896039013],[35.352046735475625,50.932072839813486],[35.350111162421285,50.93166024785114],[35.3475966362588,50.93197381810933],[35.34751816704818,50.93260095189959],[35.348642893193386,50.93269997227134],[35.348538266781816,50.93298052872058],[35.34500322427425,50.93299703212452],[35.34372156210304,50.93548895960603],[35.34306540195854,50.93550905838572],[35.342054520016944,50.93491303008727],[35.33879246953268,50.93419424551519],[35.33332235497292,50.93481034738025]]],"type":"Polygon"}},{"id":"d085e72d-9ca1-4a39-8c2a-c84b38387c3f","type":"Feature","properties":{},"geometry":{"coordinates":[[[35.391114971067935,50.86625570335866],[35.392448352279814,50.83965440836647],[35.39859528507236,50.83547966995499],[35.39588941066114,50.816860997813734],[35.378475450008665,50.80734836680227],[35.382395206667724,50.79962039998745],[35.394359336285675,50.79159817433808],[35.39468701769832,50.78168496776226],[35.41548112405113,50.760287825063386],[35.42107089260239,50.74027516936053],[35.41168713813451,50.74134138899831],[35.40404227312257,50.73724620458364],[35.40762127455102,50.73167491404354],[35.422371025302,50.72710212448868],[35.43164276993829,50.71935043856777],[35.42291363070254,50.70831809350659],[35.40841115390654,50.70329256427539],[35.40205081236198,50.69899783405694],[35.40586767630293,50.68792694081063],[35.41343660823907,50.678809130113905],[35.41877829943164,50.67154705465714],[35.41817995138109,50.66278914719487],[35.41144402588995,50.65592058083422],[35.42727756617208,50.654886573426865],[35.46263499536403,50.66644375599668],[35.47377751010197,50.66067649247219],[35.4861213408615,50.65605000430239],[35.48905228937096,50.65862141392307],[35.486913985526996,50.670587004386476],[35.49614471857069,50.67888561107878],[35.49434740264624,50.67952945606558],[35.49070460980994,50.67909675682705],[35.48603922607842,50.680576556041984],[35.47845797751248,50.681131468718064],[35.47202799120214,50.68041105456308],[35.463183207141356,50.68466523239485],[35.459502897211564,50.689563205135585],[35.46311758414922,50.692441934374614],[35.46342218284585,50.694470286342124],[35.460844977142955,50.69721986901947],[35.460645871626184,50.700498259794244],[35.46140078116301,50.70130271862345],[35.46149040526015,50.70289646262677],[35.45975306854561,50.70414408894723],[35.45975306854561,50.70478415762801],[35.460257821182296,50.70599041689002],[35.46132253485979,50.70631840393864],[35.46188552825399,50.70764770588093],[35.46242910924721,50.70777078742765],[35.46295327606268,50.708275418630535],[35.465814513151855,50.70825630055785],[35.467458659285484,50.71173511340268],[35.46751589008164,50.716632649776386],[35.4730713216434,50.725365955776795],[35.46377774066079,50.734832200039506],[35.46649352727067,50.73632872730457],[35.47177645674506,50.7372010510486],[35.47142426242479,50.73817478790386],[35.474266854866215,50.74009491581688],[35.47100128220683,50.7434750207409],[35.469915546935226,50.746335334206066],[35.472497329845396,50.7494479513241],[35.475880360854376,50.75145809206151],[35.476662256457644,50.75320602814435],[35.47407478431765,50.75503959093305],[35.48874707303099,50.777093889820776],[35.474158186935426,50.78456386269261],[35.46826308005069,50.78305926017356],[35.463683222443336,50.783540737647485],[35.45674220317949,50.78221666095891],[35.449984835766,50.782931306706985],[35.43248112787737,50.79428468436865],[35.41500261961596,50.79905889925601],[35.41147013753053,50.80252461468575],[35.41018649958562,50.806122851902984],[35.41343260199989,50.815295141524444],[35.41694520484654,50.81985768311557],[35.42039867351971,50.8287932200511],[35.41933681267693,50.837563360893085],[35.419880171274656,50.840904859857204],[35.41895464516884,50.84433307523682],[35.41450289565964,50.851490293739914],[35.4124745614001,50.85528620892828],[35.41164436377062,50.85496683418512],[35.410759196304895,50.85608804632622],[35.407557830446024,50.85861362145502],[35.404807672276235,50.863880810722435],[35.40178187034965,50.8648908888633],[35.39904664579939,50.864277629773824],[35.393846270306994,50.865071257745285],[35.391114971067935,50.86625570335866]]],"type":"Polygon"}},{"id":"d24631f9-1a59-4d6f-9568-1c38bc7b28cc","type":"Feature","properties":{},"geometry":{"coordinates":[[[35.40913565483845,50.709863545748675],[35.37805213081319,50.73059610970944],[35.379427410896,50.753364691094475],[35.37071639772776,50.769998512636846],[35.375607627893544,50.780283240054814],[35.3890448623049,50.789515791869974],[35.37556541008672,50.79627054959391],[35.36863947561474,50.79812569278991],[35.36703374960041,50.80643409167715],[35.371710341125095,50.816319541997785],[35.387419977933405,50.81815299913319],[35.380894462048985,50.8483329522395],[35.361030941977134,50.87872252762463],[35.36335858549879,50.889590116041376],[35.366226078195524,50.89355672499778],[35.361743661370554,50.90059616072105],[35.349113965242935,50.90702352495558],[35.33712750773461,50.917107752975966],[35.323334269975106,50.91399373927311],[35.29373939232664,50.93382402956769],[35.27915580530083,50.95175289803183],[35.24792557075202,50.950941347333526],[35.296356127605236,50.996512281402545],[35.32989933003677,50.99631171582388],[35.33219168402738,50.99277315683332],[35.33495339485168,50.9910688413315],[35.30828402504818,50.97744883380713],[35.29926220658976,50.95987437686034],[35.309314062649975,50.952456050381386],[35.31620360767215,50.9494370339321],[35.31309739150379,50.944998964686306],[35.32002106181949,50.943280176095016],[35.325744703411715,50.946826921206906],[35.33332235497292,50.93481034738025],[35.332488807542745,50.92945431168744],[35.33418805073441,50.927675382797474],[35.34105015009368,50.92445020447067],[35.34576638508125,50.925132588826386],[35.34669826403527,50.92031277581404],[35.35403492103052,50.91568561961657],[35.363387413460885,50.919979301965924],[35.37608416285917,50.91935403420513],[35.38865317697835,50.91454333089109],[35.39979788730375,50.91478695094432],[35.40021471610822,50.91296959986357],[35.40120436352288,50.91192534257709],[35.40091330441663,50.911484422685504],[35.40098349320229,50.9110945277113],[35.402218823783414,50.91042992636187],[35.40034641150342,50.91016134839316],[35.39922876329803,50.909889376865266],[35.39855417755854,50.90937166011727],[35.39679438768985,50.90903190523349],[35.39717203912434,50.906483717352955],[35.40425254394785,50.902863278991276],[35.37975213113472,50.89570473544393],[35.38777716807709,50.88606636572669],[35.401939387843015,50.87972150283335],[35.39568166563532,50.87774505629454],[35.38751923184557,50.8748433414201],[35.382496648578496,50.87010795317269],[35.385938928210294,50.867336032300244],[35.391114971067935,50.86625570335866],[35.392448352279814,50.83965440836647],[35.39859528507236,50.83547966995499],[35.39588941066114,50.816860997813734],[35.378475450008665,50.80734836680227],[35.382395206667724,50.79962039998745],[35.394359336285675,50.79159817433808],[35.39468701769832,50.78168496776226],[35.41548112405113,50.760287825063386],[35.42107089260239,50.74027516936053],[35.41168713813451,50.74134138899831],[35.40404227312257,50.73724620458364],[35.40762127455102,50.73167491404354],[35.422371025302,50.72710212448868],[35.43164276993829,50.71935043856777],[35.42291363070254,50.70831809350659],[35.40841115390654,50.70329256427539],[35.40205081236198,50.69899783405694],[35.40586767630293,50.68792694081063],[35.41343660823907,50.678809130113905],[35.41877829943164,50.67154705465714],[35.41817995138109,50.66278914719487],[35.41144402588995,50.65592058083422],[35.40083484780905,50.655932241711355],[35.38592086342632,50.670567431016025],[35.38769027181194,50.68621753103138],[35.394002318678815,50.6888965703653],[35.39182108304908,50.69407566951685],[35.39581459194787,50.699813548101304],[35.40913565483845,50.709863545748675]]],"type":"Polygon"}},{"id":"0d6bfcf4-9ab4-452e-b5d6-ebae76f2ac58","type":"Feature","properties":{},"geometry":{"coordinates":[[[34.411767576574675,51.72728984400038],[34.41789384846999,51.730483712450706],[34.41973988946643,51.73428178643309],[34.43220143588468,51.73475908705868],[34.43518280039834,51.73275389090696],[34.434624147352395,51.730964871529636],[34.4317179340772,51.729538182674105],[34.42668854889382,51.72974199774754],[34.42481759527857,51.727877880763316],[34.42279848064837,51.72592695676093],[34.42345586630671,51.72391770844669],[34.422986302665635,51.72217046274608],[34.4212019677054,51.72217046274608],[34.411767576574675,51.72728984400038]]],"type":"Polygon"}},{"id":"76a1c1e5-72b3-489f-abec-bfd1c029589b","type":"Feature","properties":{},"geometry":{"coordinates":[[[34.297942427980615,51.71747675605653],[34.29941704320166,51.72350231958799],[34.30269447419832,51.72327283893273],[34.30417014872765,51.72115154528868],[34.30873260758031,51.720288996328605],[34.302538709106614,51.715499646004815],[34.30150377661647,51.71275975884399],[34.30035963801167,51.711986834473386],[34.297942427980615,51.71747675605653]]],"type":"Polygon"}},{"id":"7a653b10-a5c0-43e3-ba85-b46fdeda5b19","type":"Feature","properties":{},"geometry":{"coordinates":[[[34.35995955874009,51.86011826259852],[34.35543877648027,51.86121443396419],[34.35272777444797,51.85567753126131],[34.347817955586606,51.851864298114236],[34.34564353197953,51.84267969478415],[34.35961439446757,51.842250768084085],[34.37077523370431,51.83960121250064],[34.37783822692958,51.84010051278685],[34.3789173032508,51.84361363663703],[34.373113018272704,51.84396678242621],[34.3690635188494,51.84493499084138],[34.3700439160051,51.84561803844997],[34.36844259840615,51.8465350940516],[34.36896572726536,51.84731452566598],[34.368561490438,51.84806453213139],[34.367744920440344,51.84841434491355],[34.367114939245965,51.849369775865796],[34.36785207506844,51.851237330668454],[34.3688636692375,51.85159092958622],[34.36916449963269,51.85205389176144],[34.36882748172192,51.8522703181371],[34.36775161598166,51.852254286467144],[34.36746644624964,51.85243063323858],[34.3677331808604,51.85285483515],[34.36540288353737,51.85345770834655],[34.364486799325675,51.854574315893444],[34.36321646678516,51.85533250356323],[34.3643276503131,51.85772544657465],[34.362756667672215,51.858128206768896],[34.362603403639014,51.859004789736304],[34.35995955874009,51.86011826259852]]],"type":"Polygon"}},{"id":"53c915b5-5ec4-434d-a30d-cca112894c69","type":"Feature","properties":{},"geometry":{"coordinates":[[[34.343272436007794,51.86583618703392],[34.329287869445665,51.871062589554924],[34.327634826394274,51.87153936603465],[34.32653265346619,51.87415352802964],[34.3253832735746,51.87430664898676],[34.32392124082514,51.87548835502025],[34.32148452071928,51.87451518760227],[34.32024741608424,51.875951760496946],[34.31549624062083,51.878088054026904],[34.29924049424747,51.87289113760235],[34.28383708172902,51.86703580522817],[34.280741352791466,51.858665935260206],[34.300880444727106,51.85258661742732],[34.31975441131422,51.86299061758632],[34.3326057138909,51.855393808804166],[34.33755685471738,51.84121933979662],[34.32662698036833,51.83502709879588],[34.32808558920982,51.83327878313776],[34.34151837625811,51.837593051018445],[34.35586811957404,51.835850646052194],[34.37688430350141,51.83462413011],[34.38795582615796,51.8377010046849],[34.38760058865407,51.83810542528303],[34.387909014556044,51.8399337875712],[34.38693015892375,51.840456163217425],[34.3864537114828,51.84126152645223],[34.38782822138765,51.84381216650385],[34.38614896055131,51.84443295858003],[34.385261076689204,51.84376441282873],[34.384822034909064,51.84418252152878],[34.3827703628877,51.84393918688343],[34.38135126043764,51.84421889261324],[34.3790272218379,51.84416803719503],[34.3789173032508,51.84361363663703],[34.37783822692958,51.84010051278685],[34.37077523370431,51.83960121250064],[34.35961439446757,51.842250768084085],[34.34564353197953,51.84267969478415],[34.347817955586606,51.851864298114236],[34.35272777444797,51.85567753126131],[34.35543877648027,51.86121443396419],[34.35138622914977,51.86289909927868],[34.34727409411141,51.86360660847677],[34.343272436007794,51.86583618703392]]],"type":"Polygon"}},{"id":"00da1358-521f-48ad-a843-f623dfa1321f","type":"Feature","properties":{},"geometry":{"coordinates":[[[34.22125667474299,51.7034916070173],[34.230755455519216,51.70847804521878],[34.24659848713131,51.706513755233374],[34.25533326692121,51.70549429099805],[34.25602670122271,51.70303826719666],[34.252734086871385,51.70227106201398],[34.24608662336928,51.70070195468284],[34.24095083748452,51.69940179499076],[34.23401435153002,51.697070382522526],[34.22888587914167,51.700282166592274],[34.224695083338304,51.700416664915764],[34.22223840902487,51.70162713183666],[34.22125667474299,51.7034916070173]]],"type":"Polygon"}},{"id":"78b1ed7c-dfef-4af3-993f-9b766310afbf","type":"Feature","properties":{},"geometry":{"coordinates":[[[37.837017565076025,48.87668548359227],[37.832310841308185,48.88524672247797],[37.84446958289567,48.88882443491697],[37.8577881650215,48.88552819443427],[37.86346603009727,48.88621089895426],[37.86182098119343,48.88068816583558],[37.872642346441154,48.8770237608224],[37.88389926912646,48.87812586605645],[37.88260054630658,48.88518610796649],[37.89680670967158,48.88878960305692],[37.90199825892779,48.88459170585679],[37.900114231082114,48.880658790532976],[37.90387934890313,48.877794150012505],[37.90041735880345,48.87846319371701],[37.89803817659495,48.87553903198406],[37.90761216874574,48.869829461925946],[37.90246966509915,48.86537276023026],[37.89151454453557,48.86502456334583],[37.8890723465193,48.85863611961042],[37.89243776831668,48.852203807807115],[37.87477161699894,48.84661521235242],[37.88037249982119,48.83927357914533],[37.870528210376335,48.83825022037536],[37.8672230615158,48.827950196657866],[37.857292972256346,48.82882327849336],[37.85612886422322,48.81986928880622],[37.86108627825263,48.81954365719065],[37.88932226987481,48.82615258321212],[37.90716247774668,48.832655710544344],[37.91784558209068,48.809621256227615],[37.92757859934247,48.81120154432915],[37.935756784285246,48.801886778577824],[37.940680310713645,48.79844626527097],[37.93779708114357,48.79601444980776],[37.92922531121425,48.79806725608867],[37.920881086759124,48.79524290347726],[37.92353858228742,48.785533486695954],[37.913244879743644,48.78333672788432],[37.900665266090215,48.774259805781725],[37.890733622897045,48.77815556436062],[37.881992206571795,48.781017622387566],[37.87277664835014,48.78277398303027],[37.870337563034724,48.78196958639572],[37.87186159508107,48.779556680055265],[37.86969644599756,48.775490121930034],[37.84760439332101,48.77582818690212],[37.84106977947749,48.78201580835537],[37.82608545484038,48.78275137343937],[37.81241962507312,48.770057439794215],[37.81865862929217,48.76235638124584],[37.82536671764376,48.75641903362441],[37.837719450022945,48.75744162710623],[37.835098317280455,48.75260226960367],[37.832640587099036,48.74565675889298],[37.82667123817481,48.74705446542103],[37.82109683579591,48.74093870490228],[37.81104742951399,48.7438367841641],[37.80795699224413,48.74045122278096],[37.81661772231871,48.73695218477266],[37.809807635609275,48.732867235685774],[37.8161277041398,48.72204579809821],[37.79795383891147,48.7221084211036],[37.79828889089268,48.71970183434311],[37.80821777155958,48.71507316175246],[37.80891387575315,48.71017305014274],[37.804952126648175,48.70201159491813],[37.80297098647523,48.69270048022844],[37.78610843543848,48.6908031753529],[37.7928371096136,48.678489253058046],[37.77873544563795,48.67814702595581],[37.78178990067758,48.68803966170364],[37.781505826453554,48.69564601815617],[37.79843806279075,48.70335249846005],[37.80158072482902,48.71261215651205],[37.7928319839213,48.71413749781627],[37.77594114238994,48.714500666954166],[37.76818788416264,48.70920304154592],[37.756806343672224,48.70857988599175],[37.74238243825104,48.71114934149085],[37.742167939955635,48.71203414051183],[37.77189741554713,48.71714956021083],[37.77125662230404,48.72210604281844],[37.7897389919535,48.724202145225945],[37.77926010871374,48.73430356485838],[37.76225451573876,48.73432734884702],[37.75470203014791,48.73737285581953],[37.74147622007942,48.737838705714154],[37.74112170693604,48.7435186987276],[37.78491809325942,48.742626270486085],[37.80446493302293,48.741283248555874],[37.80095811029577,48.74838180479196],[37.79232948529204,48.75291245865145],[37.80534927690974,48.75291245865145],[37.794080135492834,48.76122962821489],[37.770574374437416,48.764358236650764],[37.77094310767467,48.76936360606132],[37.79653734723996,48.76668120018692],[37.80225344069336,48.773041321623765],[37.79555614566161,48.78357535948274],[37.78733110248049,48.78599127927117],[37.771224127249496,48.78192098768341],[37.75422607532127,48.77597345389725],[37.747047421627684,48.77747035787391],[37.76929699506249,48.7852778341537],[37.78418211404576,48.78906053472673],[37.786508709540925,48.79109219217119],[37.790050922044514,48.78828243143272],[37.796352693150254,48.78739767789372],[37.80041429940957,48.782658203957965],[37.80276556369205,48.78324627035792],[37.80976141122272,48.77616081124515],[37.8179947391576,48.78387968614058],[37.832439047682215,48.78834982087582],[37.85944326522775,48.783795051955536],[37.871059538816326,48.788974555354145],[37.87333484259153,48.79320354580446],[37.86772090168671,48.79837844082104],[37.86411533636172,48.80511120325616],[37.85320658778167,48.813557562557236],[37.83177135638891,48.816671532168755],[37.823291328717545,48.82007137516277],[37.81126379608517,48.82734047367185],[37.79292548318318,48.82929864208003],[37.793644559629456,48.834985254897475],[37.81463509634088,48.83587854114512],[37.814622661285824,48.83838425777543],[37.82362915604301,48.83955867648638],[37.82317938817266,48.84828767870931],[37.82692661685442,48.851435159378724],[37.83438258886724,48.84986679235078],[37.8416783054237,48.860941338357065],[37.83302927932169,48.86514653631974],[37.837017565076025,48.87668548359227]]],"type":"Polygon"}},{"id":"f1db5d4b-d995-4a30-8a04-0918c5de41d4","type":"Feature","properties":{},"geometry":{"coordinates":[[[35.29680357619711,47.58552147342655],[35.28914011230816,47.59561688888144],[35.279695754325445,47.60738717612915],[35.28033773068694,47.61188750274434],[35.281462888197105,47.62029318723094],[35.28150562884056,47.629762594923434],[35.27872560363835,47.638316265393314],[35.28360178382982,47.647740025178535],[35.296201284009555,47.659970237149054],[35.304766182672324,47.65684250104459],[35.299851456361324,47.649361876304425],[35.28946097858048,47.63970176408202],[35.29103410267349,47.63000740804039],[35.31513384861654,47.62751321659732],[35.33666301724713,47.61757138754629],[35.33353137965497,47.61382483448065],[35.34571421008232,47.607964302187725],[35.35381627943053,47.610594977412745],[35.360648948007395,47.60891363998323],[35.359534625692106,47.60285692953909],[35.376222382653424,47.596268338844226],[35.38205772916152,47.58810991726264],[35.390534819691794,47.58661882009193],[35.38958575289797,47.581814746236034],[35.36448240166803,47.581731840950454],[35.35671073191557,47.58046163724799],[35.35407955234632,47.58289174360624],[35.35396077400276,47.584184235459475],[35.344934814255964,47.58361865443331],[35.3392635130171,47.581607013927226],[35.33730800526547,47.58373304155856],[35.33318469578646,47.58499803238624],[35.33256369567377,47.59432258572408],[35.31794119947659,47.594321565647505],[35.30815929345576,47.587795485660365],[35.29680357619711,47.58552147342655]]],"type":"Polygon"}},{"id":"a413b848-2b6d-428e-bcea-ad4e425a99d5","type":"Feature","properties":{},"geometry":{"coordinates":[[[37.072371363937236,50.33620948910425],[37.0742974451027,50.33239391623425],[37.083850994262946,50.333777035536],[37.08316316751611,50.348478517390205],[37.079638804849736,50.347967426276966],[37.080792881142344,50.33971033411956],[37.075196281021306,50.33916327055283],[37.072371363937236,50.33620948910425]]],"type":"Polygon"}},{"id":"8112e5ec-f46b-4470-bdc4-abd1efdb1512","type":"Feature","properties":{},"geometry":{"coordinates":[[[36.20921092114082,50.34076707076386],[36.19356219570864,50.34212070172845],[36.19531392222967,50.35683111118115],[36.206043700184324,50.360544251025715],[36.22134347437813,50.37759226401252],[36.230969068748976,50.37154392952078],[36.23320678122667,50.36387705820468],[36.2426598005232,50.35769502585822],[36.20921092114082,50.34076707076386]]],"type":"Polygon"}},{"id":"c4cf0d8c-fd1d-4056-b8c9-648433360cdb","type":"Feature","properties":{},"geometry":{"coordinates":[[[34.40941641200877,51.78206432588044],[34.40499379054813,51.77856791981503],[34.41292674491791,51.77542388854252],[34.42182992031826,51.77560052425753],[34.42240063303848,51.777755438541675],[34.42083857307509,51.77861384319047],[34.415816464706296,51.7791509429384],[34.41459951547802,51.78029625880626],[34.41275687180402,51.78119138829476],[34.41064001114364,51.781479057897116],[34.41004614713589,51.78204750235207],[34.40941641200877,51.78206432588044]]],"type":"Polygon"}},{"id":"863f7d6d-45dd-42d6-b445-21389825b47f","type":"Feature","properties":{},"geometry":{"coordinates":[[[34.75714096782079,51.13088394623006],[34.751400429545924,51.14867482703028],[34.741622327074424,51.16053118610617],[34.726088448272634,51.162075243298716],[34.716777222790455,51.17151775860705],[34.72675883284526,51.1787957538537],[34.72987790099609,51.16378236529479],[34.74958968313135,51.16430191080735],[34.75370995115313,51.14715700804868],[34.76625009811721,51.14890260099017],[34.77556342102292,51.14048878202024],[34.7879336945723,51.13319744442101],[34.787782802526124,51.12871898529821],[34.778958313769465,51.130247554307715],[34.75714096782079,51.13088394623006]]],"type":"Polygon"}},{"id":"5d5c845d-8d1e-4972-b690-ec8dbfc95a64","type":"Feature","properties":{},"geometry":{"coordinates":[[[37.761944249849165,49.16291038913954],[37.749794940708284,49.15451525928057],[37.74697709034092,49.14705964012535],[37.74155334721661,49.14126489683238],[37.74522981434458,49.13728737989919],[37.74549776190338,49.13374668356445],[37.74045475627179,49.13220555672851],[37.72272272369602,49.134947630690334],[37.71655993212556,49.13083039466355],[37.69835038005246,49.136634812905555],[37.680794221618726,49.12777218236164],[37.67325409987035,49.11439017855645],[37.675671879352734,49.10121007938736],[37.69684330617804,49.098887066361385],[37.70067180360152,49.09475637303231],[37.69919718201234,49.09021561173893],[37.709135271422014,49.085506306275136],[37.71626731569336,49.086602113214155],[37.71148350703223,49.07864525227072],[37.707144704729586,49.068074920684836],[37.72015084060703,49.06027877498181],[37.75546914661106,49.05997783019248],[37.78558757864448,49.06281758328021],[37.82085518564236,49.06455890354428],[37.83935336178425,49.07329268540346],[37.85407264241519,49.07437953174275],[37.870733802421,49.068248830712236],[37.88957123925496,49.076051408160424],[37.90923343318958,49.079763448832544],[37.913874891826396,49.07194085837776],[37.9301357524231,49.06906647466295],[37.94423000707769,49.092822334511766],[37.895383491183935,49.09193417405149],[37.86355853331983,49.0844134588765],[37.7881550146177,49.08654652170682],[37.78244617019374,49.09513462813484],[37.79557517727628,49.11900487911663],[37.838418431894695,49.12628758099456],[37.8631644115907,49.117468403468195],[37.916667443295694,49.11423956623469],[37.93319786015812,49.120900985442574],[37.94975358674864,49.126244308478164],[37.94663699362491,49.14392480683492],[37.938739233342915,49.16761528974672],[37.936516556300745,49.192200086531244],[37.95420593089759,49.206774963805856],[37.94323382100936,49.21395102209402],[37.93926848980797,49.2267995104626],[37.94849305321446,49.235803392893445],[37.96822175015188,49.241802986686594],[37.969645357082584,49.25086197897852],[37.944904623731475,49.25137372693959],[37.934106172752706,49.2465464680665],[37.927844456424026,49.236463520623175],[37.91381891624489,49.23484884893063],[37.915695577741566,49.22866431480451],[37.885803414434065,49.23098128949701],[37.873014804343626,49.22875258168588],[37.87512102082633,49.2211524218545],[37.88319287286134,49.2169798031845],[37.87856991025126,49.21231600328917],[37.87572367028022,49.20604841261829],[37.884801238630814,49.20158460358553],[37.88269554293825,49.195878214221324],[37.86575152084012,49.19718361382496],[37.85019805869132,49.19806675045302],[37.837292312965076,49.20163620123142],[37.8050615550689,49.20394622777948],[37.776445206676726,49.211503518986234],[37.767141587882264,49.20409593405091],[37.799977894500785,49.19549228469793],[37.8119516709306,49.18683228491432],[37.80407997660157,49.18232228837479],[37.79602957600139,49.18415214706016],[37.79638314175949,49.18607076059817],[37.783918937043694,49.18873995130804],[37.7790923522802,49.18585316596816],[37.77634263668733,49.183768063793366],[37.75959676512204,49.1861181406515],[37.74627074415034,49.177718441957666],[37.75843644688382,49.172766267752024],[37.76426216757764,49.16744501543889],[37.761944249849165,49.16291038913954]]],"type":"Polygon"}},{"id":"1f75c742-2c11-478c-ae15-4d4dbb166779","type":"Feature","properties":{},"geometry":{"coordinates":[[[37.138346562982775,50.36100746142802],[37.14487812090931,50.345048103138254],[37.145282928461626,50.334866099027124],[37.156246908356025,50.33469381347268],[37.164137596063085,50.35057076293896],[37.188726676766294,50.35461089328288],[37.18140466604524,50.36333226806215],[37.14821765842339,50.35598324198],[37.138346562982775,50.36100746142802]]],"type":"Polygon"}},{"id":"45359cd5-0ad3-49f1-8e28-a1819d8af39e","type":"Feature","properties":{},"geometry":{"coordinates":[[[37.671656410696585,49.88527664547618],[37.66966862459506,49.87431877569608],[37.655187217781474,49.868429718787354],[37.65280590226581,49.86375120174401],[37.6477019969534,49.858351164196904],[37.66024656171419,49.854173046113914],[37.65794027411394,49.8517722690942],[37.64941394785717,49.85081211171189],[37.65335598994051,49.84256567412794],[37.648783110129614,49.83362773783364],[37.65210701615547,49.82861804055011],[37.66398660790671,49.82558622942449],[37.6669270257334,49.81698637144396],[37.662977763880036,49.81536292579369],[37.65858998435567,49.80621490667403],[37.64821923503615,49.80380482507471],[37.63125352309123,49.80924677140953],[37.61571934420655,49.807446738630375],[37.611399219923385,49.80362302752428],[37.608306210273355,49.79494923616264],[37.61891046391801,49.79164011179901],[37.61338031028174,49.77678866905421],[37.5895124427837,49.79071930408401],[37.59430217263497,49.79705045696386],[37.59133710178,49.8137577804188],[37.59183166913294,49.81761900781691],[37.59242684159577,49.82226486816384],[37.60003115586568,49.82728079987396],[37.608072611981726,49.82669353276762],[37.61103126093113,49.82571473841287],[37.61596234249575,49.830902122825705],[37.62116072951767,49.83177324124429],[37.62697850426383,49.83606494736259],[37.62433962644218,49.852850849095915],[37.64156711356017,49.85696225659808],[37.62567362800198,49.86353588683926],[37.631960312440725,49.871301621502795],[37.645801673422056,49.87222606134736],[37.644470953088046,49.891951470950374],[37.66197911237501,49.892278486134785],[37.671656410696585,49.88527664547618]]],"type":"Polygon"}},{"id":"58ac33ef-e23f-44b2-83af-f537b5972351","type":"Feature","properties":{},"geometry":{"coordinates":[[[37.595097639111735,50.15643304212462],[37.598862371534324,50.14768184891341],[37.60258227840211,50.13792148025294],[37.58836637191601,50.13463531356186],[37.57824694992564,50.14786940484308],[37.5908968493315,50.15052064283833],[37.595097639111735,50.15643304212462]]],"type":"Polygon"}},{"id":"66aa6a9c-0ae3-4ebc-bb0a-1fbcd9ed6db4","type":"Feature","properties":{},"geometry":{"coordinates":[[[37.58675433123858,50.23910189874866],[37.59457747465311,50.2502144345267],[37.60902394376714,50.25645008779048],[37.627367495297165,50.25563394460941],[37.6278278697437,50.24220717711202],[37.61461128803967,50.22240234619531],[37.59801937404856,50.22086611196252],[37.5683391938897,50.22984883258337],[37.54588613180306,50.22657537518279],[37.528213663350584,50.22084942786847],[37.52207979988523,50.22869425283284],[37.52881883603155,50.2365562143103],[37.52687264382615,50.24344791292967],[37.54275904277418,50.24428351255122],[37.57001412908039,50.23653251180508],[37.58675433123858,50.23910189874866]]],"type":"Polygon"}},{"id":"dbb6e1de-bed6-4853-8f42-13c25fc849a2","type":"Feature","properties":{},"geometry":{"coordinates":[[[37.4924185261967,50.25403835219001],[37.48490284019252,50.24903752287992],[37.50243949260542,50.240279588882515],[37.478494776670715,50.23075130717652],[37.48534446247518,50.22481154614189],[37.51264423044171,50.22770875146824],[37.51746063573998,50.223993657980856],[37.507168529556736,50.20712646043387],[37.52422351287851,50.204558095429206],[37.5622529176548,50.22278279960503],[37.57571498043686,50.21585001920741],[37.5863345760084,50.20338342781179],[37.611631741535746,50.19951682397405],[37.63408928461199,50.198566468411826],[37.61437744684815,50.217044878178086],[37.61461128803967,50.22240234619531],[37.59801937404856,50.22086611196252],[37.5683391938897,50.22984883258337],[37.54588613180306,50.22657537518279],[37.528213663350584,50.22084942786847],[37.52207979988523,50.22869425283284],[37.52881883603155,50.2365562143103],[37.52687264382615,50.24344791292967],[37.54275904277418,50.24428351255122],[37.57001412908039,50.23653251180508],[37.58675433123858,50.23910189874866],[37.59457747465311,50.2502144345267],[37.60902394376714,50.25645008779048],[37.627367495297165,50.25563394460941],[37.62702754219786,50.265543781339616],[37.60246558141341,50.26490274892802],[37.58769333100628,50.2514759958635],[37.57462182376298,50.24674625717586],[37.528738969138885,50.253837260918175],[37.4924185261967,50.25403835219001]]],"type":"Polygon"}},{"id":"cdaf3d49-39e5-439e-86f0-7a426e7fcb4f","type":"Feature","properties":{},"geometry":{"coordinates":[[[37.87846108482256,48.931720638765626],[37.92372674972205,48.90798243645963],[37.91526716591895,48.89799255963362],[37.89977727845823,48.90041889243753],[37.88059099539234,48.90481730249647],[37.86664603588307,48.907621180462684],[37.86712096006312,48.914068578389276],[37.87846108482256,48.931720638765626]]],"type":"Polygon"}},{"id":"fe203494-4e40-4a6d-97bb-650811763cb1","type":"Feature","properties":{},"geometry":{"coordinates":[[[37.83177135638891,48.816671532168755],[37.85320658778167,48.813557562557236],[37.86411533636172,48.80511120325616],[37.86772090168671,48.79837844082104],[37.85583249482178,48.79727430732993],[37.835603966657914,48.79890231303503],[37.81804818352799,48.80554664696339],[37.83177135638891,48.816671532168755]]],"type":"Polygon"}},{"id":"ec78f5d2-a69d-4c43-be13-784a010f9a77","type":"Feature","properties":{},"geometry":{"coordinates":[[[37.37050044016593,48.51742958600002],[37.34440686094058,48.51786494201943],[37.361912473431794,48.53583873525957],[37.38149472329465,48.53542056831813],[37.39349723731986,48.532707771612635],[37.388231377177306,48.51600626872036],[37.3774704069034,48.5115742332319],[37.37050044016593,48.51742958600002]]],"type":"Polygon"}}],"metadata":{"tileStats":{"layers":[{"layer":"map_19.05.2026_19-40 (1)","attributes":[],"geometry":["Polygon"]}]}}}